candidate,gene_1,gene_2,effect,pathway_relevance,uncertainty,priority,experiment_priority_0_10
IKZF3_PRDM1,IKZF3,PRDM1,0.90936553,0.7142857142857143,0.022221025079488754,0.6354269718805234,10.0
CNN1_IKZF3,CNN1,IKZF3,0.78946894,0.7142857142857143,0.017736991867423058,0.5540786992410234,8.719785652177263
IKZF3_ZBTB1,IKZF3,ZBTB1,0.78483367,0.7142857142857143,0.016292165964841843,0.5516085798005976,8.680912271761644
IKZF3_PTPN1,IKZF3,PTPN1,0.7834485,0.7142857142857143,0.017050134018063545,0.5502246792800437,8.65913320694703
IER5L_IKZF3,IER5L,IKZF3,0.74985224,0.7142857142857143,0.015371272340416908,0.5275003907523562,8.30151085956011
IKZF3_TP73,IKZF3,TP73,0.93704367,0.5714285714285714,0.02477003075182438,0.5225109125366459,8.222989197173886
CBL_IKZF3,CBL,IKZF3,0.7387785,0.7142857142857143,0.01207242626696825,0.5214042936430819,8.205573838013274
IKZF3_KLF1,IKZF3,KLF1,0.73071665,0.7142857142857143,0.017689479514956474,0.5128680916261761,8.071235788250556
IKZF3_ZBTB25,IKZF3,ZBTB25,0.7239098,0.7142857142857143,0.011828995309770107,0.5110334133533583,8.042362631239481
BPGM_IKZF3,BPGM,IKZF3,0.7215926,0.7142857142857143,0.014714502729475498,0.5079490713700221,7.993822954457928
IKZF3_PTPN12,IKZF3,PTPN12,0.716929,0.7142857142857143,0.012522303499281406,0.505758889754652,7.9593550814797265
IGDCC3_IKZF3,IGDCC3,IKZF3,0.718652,0.7142857142857143,0.01625661551952362,0.5051114614369078,7.949166210903016
DUSP9_PRDM1,DUSP9,PRDM1,0.6978243,0.7142857142857143,0.018238861113786697,0.4895176830626489,7.703759908301325
PRDM1_TP73,PRDM1,TP73,0.8737726,0.5714285714285714,0.02052322030067444,0.4892575011794146,7.699665309004345
CNNM4_IKZF3,CNNM4,IKZF3,0.6847975,0.7142857142857143,0.016839928925037384,0.48104040337276266,7.570349145695544
AHR_IKZF3,AHR,IKZF3,0.6825211,0.7142857142857143,0.016108211129903793,0.479786571475538,7.550617029296487
PRDM1_PTPN1,PRDM1,PTPN1,0.6750805,0.7142857142857143,0.01512097381055355,0.47501761268431714,7.475565780258264
PRDM1_ZBTB1,PRDM1,ZBTB1,0.67021334,0.7142857142857143,0.014729103073477745,0.47177499300972175,7.424535216273878
CNN1_PRDM1,CNN1,PRDM1,0.66951257,0.7142857142857143,0.015539831481873989,0.47090547253036263,7.410851181477781
CLDN6_PRDM1,CLDN6,PRDM1,0.6687567,0.7142857142857143,0.016848722472786903,0.4697683768518815,7.392956195447901
EGR1_IKZF3,EGR1,IKZF3,0.6635225,0.7142857142857143,0.014802217483520508,0.4670315276970355,7.349885169571451
IKZF3_SLC6A9,IKZF3,SLC6A9,0.6561071,0.7142857142857143,0.012488318607211113,0.4628675113781777,7.284354172255827
KLF1_TP73,KLF1,TP73,0.66165066,0.7142857142857143,0.02130475454032421,0.46274886169758184,7.282486928877021
IKZF3_NCL,IKZF3,NCL,0.65262365,0.7142857142857143,0.011633909307420254,0.4607988602874992,7.251798879795446
PTPN1_TP73,PTPN1,TP73,0.8194477,0.5714285714285714,0.01628744974732399,0.46075136175452847,7.251051374022593
CLDN6_TP73,CLDN6,TP73,0.8199859,0.5714285714285714,0.018564186990261078,0.46002342548161634,7.239595513551989
ARRDC3_IKZF3,ARRDC3,IKZF3,0.6389917,0.7142857142857143,0.008861062116920948,0.45241378585800707,7.119839192836033
IKZF3_RHOXF2,IKZF3,RHOXF2,0.6341741,0.7142857142857143,0.008319045417010784,0.44924422298087036,7.0699583565259765
ATL1_PRDM1,ATL1,PRDM1,0.6337419,0.7142857142857143,0.015262528322637081,0.44586772776679706,7.01682093297468
DUSP9_IKZF3,DUSP9,IKZF3,0.7931283,0.5714285714285714,0.019422370940446854,0.4445813541039939,6.996576692177093
IKZF3_PRTG,IKZF3,PRTG,0.62845534,0.7142857142857143,0.010107164271175861,0.444404997729498,6.993801292606407
CNN1_PTPN12,CNN1,PTPN12,0.62357235,0.7142857142857143,0.007560743484646082,0.4420664699237009,6.956998828920041
BPGM_PRDM1,BPGM,PRDM1,0.6276309,0.7142857142857143,0.014325563795864582,0.4419762196236274,6.955578519363359
IER5L_PRDM1,IER5L,PRDM1,0.6265076,0.7142857142857143,0.014281404204666615,0.44120439616738905,6.943431986553237
SAMD1_TP73,SAMD1,TP73,0.7814037,0.5714285714285714,0.012604640796780586,0.44095829078338494,6.939558915454668
CLDN6_IKZF3,CLDN6,IKZF3,0.78477335,0.5714285714285714,0.01751212403178215,0.44072390250525,6.935870241720199
IKZF3_KIF18B,IKZF3,KIF18B,0.6176548,0.7142857142857143,0.008723882958292961,0.43736646643340926,6.883032760460872
IKZF3_TBX2,IKZF3,TBX2,0.6245884,0.7142857142857143,0.02126276306807995,0.43684599729316015,6.874841903552348
ELMSAN1_IKZF3,ELMSAN1,IKZF3,0.6152143,0.7142857142857143,0.007531972136348486,0.4361536799459886,6.863946594133506
HOXC13_IKZF3,HOXC13,IKZF3,0.6109388,0.7142857142857143,0.007879380136728287,0.4329732870680897,6.813895321231341
BPGM_TP73,BPGM,TP73,0.7680269,0.5714285714285714,0.014694754034280777,0.43251677994332727,6.8067110633234424
ATL1_IKZF3,ATL1,IKZF3,0.7680685,0.5714285714285714,0.01679365709424019,0.43164734389952164,6.7930283573276204
TP73_ZBTB1,TP73,ZBTB1,0.76116246,0.5714285714285714,0.01736312545835972,0.427526776008674,6.728181127461803
TP73_ZBTB25,TP73,ZBTB25,0.7554998,0.5714285714285714,0.010956618934869766,0.4270352970799108,6.720446502547965
POU3F2_PRDM1,POU3F2,PRDM1,0.6040252,0.7142857142857143,0.010495614260435104,0.42696529772405706,6.719344891207066
CNN1_PTPN1,CNN1,PTPN1,0.7546069,0.5714285714285714,0.01034507155418396,0.4267887838351789,6.716567012761714
IKZF3_KIF2C,IKZF3,KIF2C,0.60373014,0.7142857142857143,0.011070312932133675,0.4265141704605457,6.71224529859493
PTPN1_PTPN12,PTPN1,PTPN12,0.6011237,0.7142857142857143,0.008017905056476593,0.4259587677600998,6.703504676540405
PRDM1_PTPN12,PRDM1,PTPN12,0.60219175,0.7142857142857143,0.011320563033223152,0.4253220762230484,6.693484775509653
PRDM1_SAMD1,PRDM1,SAMD1,0.600792,0.7142857142857143,0.011340918019413948,0.42432490232413794,6.67779180144594
S1PR2_TP73,S1PR2,TP73,0.7511059,0.5714285714285714,0.01902896724641323,0.4211885901585458,6.628434246535888
IKZF3_SET,IKZF3,SET,0.6014426,0.7142857142857143,0.022163227200508118,0.42028692500228004,6.614244336504255
PRDM1_ZBTB25,PRDM1,ZBTB25,0.59382737,0.7142857142857143,0.010584872215986252,0.41971972521981826,6.605318058465046
CBL_PRDM1,CBL,PRDM1,0.5915216,0.7142857142857143,0.010182407684624195,0.41825658433468815,6.582291952399703
CNN1_TP73,CNN1,TP73,0.7435324,0.5714285714285714,0.01881267875432968,0.417030212694703,6.562991990417356
IKZF3_TSC22D1,IKZF3,TSC22D1,0.58979005,0.7142857142857143,0.011185496114194393,0.4166185196071594,6.55651299116548
PRDM1_UBASH3B,PRDM1,UBASH3B,0.5880113,0.7142857142857143,0.009482325986027718,0.4160628453310894,6.547768095203233
IGDCC3_PRDM1,IGDCC3,PRDM1,0.5888032,0.7142857142857143,0.014307233504951,0.4146413241203729,6.525396976669981
CDKN1A_IKZF3,CDKN1A,IKZF3,0.5873993,0.7142857142857143,0.013182085938751698,0.4141120704653629,6.517067873902377
CKS1B_IKZF3,CKS1B,IKZF3,0.5864603,0.7142857142857143,0.018095243722200394,0.41145483332412613,6.475249738084618
BAK1_IKZF3,BAK1,IKZF3,0.5795532,0.7142857142857143,0.0072562010027468204,0.41098437681956795,6.467845952514013
BPGM_CNN1,BPGM,CNN1,0.57938236,0.7142857142857143,0.010331429541110992,0.40961265852327455,6.446258604840782
IKZF3_S1PR2,IKZF3,S1PR2,0.72805196,0.5714285714285714,0.016628127545118332,0.4092250454458368,6.440158563536418
PRDM1_RREB1,PRDM1,RREB1,0.5791576,0.7142857142857143,0.011258363723754883,0.40907843961109003,6.4378513615882085
IKZF3_TMSB4X,IKZF3,TMSB4X,0.58361703,0.7142857142857143,0.023006519302725792,0.40749428317568903,6.412920779389081
PTPN1_ZBTB1,PTPN1,ZBTB1,0.5760321,0.7142857142857143,0.011286510154604912,0.40685947787715776,6.402930562942138
KMT2A_PRDM1,KMT2A,PRDM1,0.5689793,0.7142857142857143,0.008819354698061943,0.40286082952921837,6.3400020357487525
PTPN12_TP73,PTPN12,TP73,0.71203434,0.5714285714285714,0.012149902991950512,0.40199259732369585,6.326338275097343
HK2_PRDM1,HK2,PRDM1,0.5676982,0.7142857142857143,0.009106026031076908,0.40183953917842996,6.3239295302369705
CDKN1B_PRDM1,CDKN1B,PRDM1,0.5682509,0.7142857142857143,0.011073358356952667,0.4014481172407187,6.317769547185687
IKZF3_SAMD1,IKZF3,SAMD1,0.7093553,0.5714285714285714,0.013245431706309319,0.4000470863269976,6.295720893670481
CDKN1C_PRDM1,CDKN1C,PRDM1,0.5678554,0.7142857142857143,0.013918637298047543,0.4000429598020381,6.295655952691545
CNN1_ZBTB1,CNN1,ZBTB1,0.56713367,0.7142857142857143,0.012994302436709404,0.39989906565729083,6.293391425828271
IKZF3_UBASH3B,IKZF3,UBASH3B,0.7068392,0.5714285714285714,0.010728098452091217,0.3996209436498828,6.289014494729723
IKZF3_KMT2A,IKZF3,KMT2A,0.7018653,0.5714285714285714,0.010185891762375832,0.39702187271286066,6.248111746624299
IKZF3_SGK1,IKZF3,SGK1,0.7064803,0.5714285714285714,0.017178107053041458,0.3968853041957977,6.2459625064581346
KLF1_PRDM1,KLF1,PRDM1,0.56317425,0.7142857142857143,0.017378512769937515,0.3953959266549452,6.222523502343394
IKZF3_POU3F2,IKZF3,POU3F2,0.69855136,0.5714285714285714,0.012134338729083538,0.39438658348716077,6.206639015023044
PRDM1_PTPN9,PRDM1,PTPN9,0.5553565,0.7142857142857143,0.00994378887116909,0.3927775193690236,6.181316449420026
CDKN1C_IKZF3,CDKN1C,IKZF3,0.6897212,0.5714285714285714,0.014808101579546928,0.38837531414976734,6.112036966268279
IKZF3_JUN,IKZF3,JUN,0.5499524,0.7142857142857143,0.012186633422970772,0.38809357995707855,6.107603188585613
PRDM1_UBASH3A,PRDM1,UBASH3A,0.5435198,0.7142857142857143,0.00756317051127553,0.3853142277529047,6.0638632731088045
PRDM1_SGK1,PRDM1,SGK1,0.5462525,0.7142857142857143,0.013824119232594967,0.38485999883818023,6.056714868416756
IKZF3_PTPN9,IKZF3,PTPN9,0.6797105,0.5714285714285714,0.01191963441669941,0.38383088045168084,6.040519169586822
CITED1_IKZF3,CITED1,IKZF3,0.6828067,0.5714285714285714,0.016809524968266487,0.38372500532250653,6.038852965068292
MAP4K5_PRDM1,MAP4K5,PRDM1,0.5399593,0.7142857142857143,0.008009035140275955,0.38262079906438606,6.021475574636586
NCL_PRDM1,NCL,PRDM1,0.5415272,0.7142857142857143,0.01124810054898262,0.38250272211150677,6.019617344531404
CDKN1B_IKZF3,CDKN1B,IKZF3,0.6771523,0.5714285714285714,0.012451665475964546,0.38218531405618783,6.014622151230441
IKZF3_RREB1,IKZF3,RREB1,0.675868,0.5714285714285714,0.011695809662342072,0.3817454491773271,6.007699799830106
IKZF3_TGFBR2,IKZF3,TGFBR2,0.6750642,0.5714285714285714,0.011075927875936031,0.381525229008284,6.004234095999635
MEIS1_PRDM1,MEIS1,PRDM1,0.5377595,0.7142857142857143,0.008892594836652279,0.38072825422131895,5.991691745387629
HOXA13_IKZF3,HOXA13,IKZF3,0.67857105,0.5714285714285714,0.022192619740962982,0.37933641428876735,5.969787734476156
CLDN6_PTPN1,CLDN6,PTPN1,0.67254156,0.5714285714285714,0.013879351317882538,0.37904851463741046,5.9652569281979
HK2_IKZF3,HK2,IKZF3,0.6700781,0.5714285714285714,0.01030473131686449,0.3789963155263939,5.964435447314548
PRDM1_TGFBR2,PRDM1,TGFBR2,0.53571045,0.7142857142857143,0.010539865121245384,0.37865930626161365,5.959131780965875
IKZF3_MEIS1,IKZF3,MEIS1,0.6660903,0.5714285714285714,0.010789510793983936,0.37656013443346237,5.926096169935093
AHR_PRDM1,AHR,PRDM1,0.5341426,0.7142857142857143,0.014949521981179714,0.37591075209920943,5.9158765481218865
IKZF3_MAP4K5,IKZF3,MAP4K5,0.6640554,0.5714285714285714,0.0094505799934268,0.3759076869329372,5.915828310221894
PRDM1_ZNF318,PRDM1,ZNF318,0.53079796,0.7142857142857143,0.008634787984192371,0.375895619856937,5.9156384052204665
CNNM4_PRDM1,CNNM4,PRDM1,0.5333191,0.7142857142857143,0.01605299860239029,0.3749235777860354,5.900340942035596
IKZF3_UBASH3A,IKZF3,UBASH3A,0.6616044,0.5714285714285714,0.0090287821367383,0.3746767846253316,5.89645704708582
ARRDC3_PRDM1,ARRDC3,PRDM1,0.52507645,0.7142857142857143,0.007828054949641228,0.3721414625516692,5.856557543510151
CLDN6_CNN1,CLDN6,CNN1,0.6586823,0.5714285714285714,0.013629025779664516,0.3713290252785125,5.843771852799661
CELF2_PRDM1,CELF2,PRDM1,0.5221982,0.7142857142857143,0.006118029821664095,0.370730573741071,5.834353751838816
IKZF3_ZNF318,IKZF3,ZNF318,0.6548572,0.5714285714285714,0.009580787271261215,0.3706529773952782,5.833132583250975
PRDM1_RHOXF2,PRDM1,RHOXF2,0.51966774,0.7142857142857143,0.005881295073777437,0.36902092521934077,5.807448244244913
CELF2_IKZF3,CELF2,IKZF3,0.648251,0.5714285714285714,0.008773782290518284,0.3672073438900848,5.778907099321701
IKZF3_LYL1,IKZF3,LYL1,0.64704686,0.5714285714285714,0.015252036973834038,0.3641864795107011,5.731366398138628
GLB1L2_PRDM1,GLB1L2,PRDM1,0.51215804,0.7142857142857143,0.00517193041741848,0.36394487118758057,5.727564099309457
FEV_PRDM1,FEV,PRDM1,0.51255035,0.7142857142857143,0.010032105259597301,0.3624710480098842,5.704369881202306
FOXA1_IKZF3,FOXA1,IKZF3,0.6412555,0.5714285714285714,0.011865666136145592,0.36213474314578137,5.699077300323852
CNN1_SLC6A9,CNN1,SLC6A9,0.5125771,0.7142857142857143,0.011460456997156143,0.361978077586062,5.696611783960016
HOXB9_IKZF3,HOXB9,IKZF3,0.6437928,0.5714285714285714,0.01693076267838478,0.361756786307098,5.693129223591056
FEV_IKZF3,FEV,IKZF3,0.63996375,0.5714285714285714,0.01170620508491993,0.3614622183251849,5.688493474796173
CNN1_ZBTB25,CNN1,ZBTB25,0.6337438,0.5714285714285714,0.006364282686263323,0.3598491454991278,5.663107822353953
FOXA3_IKZF3,FOXA3,IKZF3,0.6372547,0.5714285714285714,0.012125259265303612,0.35978308818551913,5.662068248704551
BCL2L11_PRDM1,BCL2L11,PRDM1,0.50568026,0.7142857142857143,0.005323855206370354,0.35928739382526437,5.654267283649703
ELMSAN1_PRDM1,ELMSAN1,PRDM1,0.508402,0.7142857142857143,0.012020664289593697,0.35883089282689884,5.647083122155668
GLB1L2_IKZF3,GLB1L2,IKZF3,0.6327025,0.5714285714285714,0.007955212146043777,0.3586908407982581,5.644879060401313
PRDM1_PRTG,PRDM1,PRTG,0.50609285,0.7142857142857143,0.009214697405695915,0.35819423875850903,5.637063810786092
MAP2K6_PRDM1,MAP2K6,PRDM1,0.5034578,0.7142857142857143,0.00499953655526042,0.35782375040288467,5.6312332689296785
BCL2L11_IKZF3,BCL2L11,IKZF3,0.6308839,0.5714285714285714,0.008057045750319958,0.3576236796567521,5.628084665628492
CNN1_KMT2A,CNN1,KMT2A,0.5039788,0.7142857142857143,0.00839668046683073,0.3569873405511821,5.618070310970445
PRDM1_PTPN13,PRDM1,PTPN13,0.5017767,0.7142857142857143,0.0049855345860123634,0.3566339144645099,5.61250828571322
FOXO4_PRDM1,FOXO4,PRDM1,0.50078166,0.7142857142857143,0.004983275663107634,0.35592749752914965,5.601391084734646
KIF18B_PRDM1,KIF18B,PRDM1,0.5013316,0.7142857142857143,0.006184755824506283,0.35589290880857927,5.600846746484917
FOXF1_IKZF3,FOXF1,IKZF3,0.6270423,0.5714285714285714,0.007933654822409153,0.3554895506400111,5.594498917601065
ATL1_CLDN6,ATL1,CLDN6,0.6305404,0.5714285714285714,0.013974815607070923,0.3553429314506509,5.592191505485299
IKZF3_PTPN13,IKZF3,PTPN13,0.6264732,0.5714285714285714,0.007866108790040016,0.35519071031730026,5.589795933057831
IKZF3_MAP4K3,IKZF3,MAP4K3,0.6263518,0.5714285714285714,0.007916429080069065,0.3551041425190583,5.588433576688447
MAP4K3_PRDM1,MAP4K3,PRDM1,0.49903467,0.7142857142857143,0.00497864093631506,0.354687476250811,5.58187631225546
FOXF1_PRDM1,FOXF1,PRDM1,0.49884006,0.7142857142857143,0.00493762968108058,0.3545636274026113,5.579927247238072
EGR1_PRDM1,EGR1,PRDM1,0.5024645,0.7142857142857143,0.013624290004372597,0.3540791185807688,5.572302314031214
ATL1_TP73,ATL1,TP73,0.8381947,0.42857142857142855,0.01609186641871929,0.3535372379490146,5.563774494852394
FOXO4_IKZF3,FOXO4,IKZF3,0.62338656,0.5714285714285714,0.007915964350104332,0.35342320699043556,5.561979938378948
IKZF3_MIDN,IKZF3,MIDN,0.62802154,0.5714285714285714,0.017366208136081696,0.3527436311162712,5.5512851472505025
KIF2C_PRDM1,KIF2C,PRDM1,0.49806613,0.7142857142857143,0.01050163060426712,0.352064270581579,5.540593745016165
IKZF3_TBX3,IKZF3,TBX3,0.63173044,0.5714285714285714,0.02545948326587677,0.3520264107875492,5.539997928412444
ELMSAN1_TP73,ELMSAN1,TP73,0.6188251,0.5714285714285714,0.012132384814321995,0.3493755714146222,5.498280477151571
HES7_IKZF3,HES7,IKZF3,0.62759244,0.5714285714285714,0.027118900790810585,0.3491555395174699,5.494817736240509
IKZF3_MAP7D1,IKZF3,MAP7D1,0.61564845,0.5714285714285714,0.007943402975797653,0.3490266540474664,5.492789407640889
PRDM1_STIL,PRDM1,STIL,0.49105465,0.7142857142857143,0.0071365488693118095,0.34826789353063414,5.48084845218244
ATL1_CNN1,ATL1,CNN1,0.61645204,0.5714285714285714,0.012569257989525795,0.3478856431930636,5.474832806726923
IER5L_ZBTB1,IER5L,ZBTB1,0.49317786,0.7142857142857143,0.012863799929618835,0.3477959235201184,5.473420847887977
IKZF3_MAML2,IKZF3,MAML2,0.6133877,0.5714285714285714,0.008420709520578384,0.34758038590414714,5.470028835500882
DLX2_IKZF3,DLX2,IKZF3,0.6128727,0.5714285714285714,0.010757786221802235,0.346485565084571,5.452799147936062
MAPK1_PRDM1,MAPK1,PRDM1,0.48746982,0.7142857142857143,0.005232933908700943,0.3463801457104611,5.4511401158399275
IKZF3_SLC4A1,IKZF3,SLC4A1,0.6128715,0.5714285714285714,0.011227944865822792,0.34632379702799804,5.450253331284713
HOXC13_PRDM1,HOXC13,PRDM1,0.48688075,0.7142857142857143,0.004944098647683859,0.34606100416019764,5.446117641749491
CNN1_KLF1,CNN1,KLF1,0.49130726,0.7142857142857143,0.014382600784301758,0.3459579806236589,5.444496314026592
ARID1A_IKZF3,ARID1A,IKZF3,0.6174796,0.5714285714285714,0.020055508241057396,0.3459081350407804,5.4437118716739015
MAP7D1_PRDM1,MAP7D1,PRDM1,0.48645473,0.7142857142857143,0.0050195371732115746,0.34573224504793465,5.440943811760971
IKZF3_IRF1,IKZF3,IRF1,0.609276,0.5714285714285714,0.008134771138429642,0.3453483823380973,5.434902791678028
IKZF3_ZC3HAV1,IKZF3,ZC3HAV1,0.6103426,0.5714285714285714,0.011073967441916466,0.3449472775383815,5.428590425073118
CLDN6_DUSP9,CLDN6,DUSP9,0.6121414,0.5714285714285714,0.014325512573122978,0.34485484657284143,5.427135797403372
PRDM1_SLC4A1,PRDM1,SLC4A1,0.48688626,0.7142857142857143,0.008939994499087334,0.344694336593896,5.4246097796853885
PRDM1_S1PR2,PRDM1,S1PR2,0.6129083,0.5714285714285714,0.01673601195216179,0.34446829098641935,5.421052398310662
IKZF3_PLK4,IKZF3,PLK4,0.6060961,0.5714285714285714,0.007385285571217537,0.3438015495971187,5.410559589242022
PRDM1_ZC3HAV1,PRDM1,ZC3HAV1,0.48701733,0.7142857142857143,0.011969884857535362,0.34375481833921223,5.409824158421889
HNF4A_IKZF3,HNF4A,IKZF3,0.6106336,0.5714285714285714,0.0178259015083313,0.342822374505261,5.395149870498736
KLF1_ZBTB1,KLF1,ZBTB1,0.4842395,0.7142857142857143,0.014432262629270554,0.3409644605298874,5.3659110427877375
KLF1_PTPN1,KLF1,PTPN1,0.48192802,0.7142857142857143,0.013097599148750305,0.33978394658171623,5.347332763923095
IRF1_PRDM1,IRF1,PRDM1,0.4773099,0.7142857142857143,0.005224098451435566,0.3391638265241871,5.337573655717569
BCORL1_IKZF3,BCORL1,IKZF3,0.5987004,0.5714285714285714,0.010059185326099396,0.33870739619728824,5.330390606412186
IKZF3_STIL,IKZF3,STIL,0.59700894,0.5714285714285714,0.008228778839111328,0.3383636481197076,5.324980888336113
DLX2_PRDM1,DLX2,PRDM1,0.4774957,0.7142857142857143,0.009121776558458805,0.33798533056379304,5.319027134834039
MAP2K3_TP73,MAP2K3,TP73,0.5991331,0.5714285714285714,0.013232080265879631,0.33789075908813243,5.317538820993965
FOXL2_IKZF3,FOXL2,IKZF3,0.59969926,0.5714285714285714,0.015067790634930134,0.33759842830888664,5.3129382800635
ISL2_PRDM1,ISL2,PRDM1,0.4764531,0.7142857142857143,0.008828552439808846,0.3373453684914571,5.308955763918795
IKZF3_SPI1,IKZF3,SPI1,0.5965149,0.5714285714285714,0.011256599798798561,0.3370713685899756,5.304643704254872
FOSB_PRDM1,FOSB,PRDM1,0.47383326,0.7142857142857143,0.005514634307473898,0.3365961261125907,5.297164599677702
CNN1_KIF2C,CNN1,KIF2C,0.4743718,0.7142857142857143,0.011033199727535248,0.33513933427830095,5.27423841148052
MAML2_PRDM1,MAML2,PRDM1,0.4727454,0.7142857142857143,0.010196590796113014,0.3342668949315964,5.260508441156431
IGDCC3_TP73,IGDCC3,TP73,0.7921413,0.42857142857142855,0.01676204241812229,0.3338924175572002,5.254615122317794
BPGM_IGDCC3,BPGM,IGDCC3,0.47120073,0.7142857142857143,0.011153064668178558,0.33285954905038273,5.238360406158033
IKZF3_ZBTB10,IKZF3,ZBTB10,0.5941647,0.5714285714285714,0.02053595334291458,0.33269058404183116,5.235701327837018
PRDM1_SPI1,PRDM1,SPI1,0.4689763,0.7142857142857143,0.009568603709340096,0.3318081231576006,5.2218136440703224
IKZF3_ISL2,IKZF3,ISL2,0.5811676,0.5714285714285714,0.009752116166055202,0.32888840135981634,5.175864669176426
CLDN6_SAMD1,CLDN6,SAMD1,0.57996863,0.5714285714285714,0.010776174254715443,0.3278773826292063,5.15995381277041
IER5L_TP73,IER5L,TP73,0.7745919,0.42857142857142855,0.014660404063761234,0.32717150050164584,5.148845028302677
PRDM1_TBX2,PRDM1,TBX2,0.5832477,0.5714285714285714,0.019230129197239876,0.3269962323170866,5.146086754066371
ATL1_PTPN1,ATL1,PTPN1,0.57827175,0.5714285714285714,0.013204460963606834,0.3261345669196196,5.132526338226342
DUSP9_ZBTB1,DUSP9,ZBTB1,0.577186,0.5714285714285714,0.015244289301335812,0.3248681802898395,5.1125966423553555
BAK1_PRDM1,BAK1,PRDM1,0.45851737,0.7142857142857143,0.00868026539683342,0.3246939790945517,5.109855159809026
CNN1_HK2,CNN1,HK2,0.57214296,0.5714285714285714,0.008744298480451107,0.3241047647076328,5.100582428039783
CEBPE_IKZF3,CEBPE,IKZF3,0.57444555,0.5714285714285714,0.013274251483380795,0.3239543460687889,5.098215222278928
ARRDC3_CNN1,ARRDC3,CNN1,0.45667633,0.7142857142857143,0.0071505168452858925,0.32388146168285026,5.09706820792222
LYL1_PRDM1,LYL1,PRDM1,0.5740909,0.5714285714285714,0.01449609361588955,0.3233644208191614,5.088931303343577
CBL_PTPN1,CBL,PTPN1,0.5690844,0.5714285714285714,0.007936080917716026,0.3226306660131532,5.077383874001119
CNN1_PTPN9,CNN1,PTPN9,0.5675896,0.5714285714285714,0.006970172747969627,0.3220918674787999,5.068904559175078
HK2_PTPN12,HK2,PTPN12,0.45373532,0.7142857142857143,0.006864645984023809,0.32188701797487623,5.065680750413586
CDKN1A_PRDM1,CDKN1A,PRDM1,0.45555907,0.7142857142857143,0.0110957445576787,0.32182841333331663,5.064758462815592
CBL_ZBTB1,CBL,ZBTB1,0.45480916,0.7142857142857143,0.009647923521697521,0.32175937518472225,5.0636719784255755
CNN1_NCL,CNN1,NCL,0.4552802,0.7142857142857143,0.010717450641095638,0.32175179427482625,5.063552674237502
IKZF3_SLC38A2,IKZF3,SLC38A2,0.5674037,0.5714285714285714,0.00979644525796175,0.3210851775638083,5.053061827287062
AHR_TP73,AHR,TP73,0.75921947,0.42857142857142855,0.014366298913955688,0.32077147298175557,5.048124917210295
CLDN6_IGDCC3,CLDN6,IGDCC3,0.56799203,0.5714285714285714,0.013225167989730835,0.3203304511565141,5.041184358424503
PTPN1_UBASH3B,PTPN1,UBASH3B,0.5648441,0.5714285714285714,0.007689116522669792,0.32030517723518526,5.040786611359186
DUSP9_PTPN1,DUSP9,PTPN1,0.56751627,0.5714285714285714,0.013445373624563217,0.31999258995645924,5.035867284787308
DUSP9_TP73,DUSP9,TP73,0.76193374,0.42857142857142855,0.02134154923260212,0.31971971899935786,5.031572991828766
BPGM_CLDN6,BPGM,CLDN6,0.5665807,0.5714285714285714,0.01267816498875618,0.31970710785017314,5.031374524502971
CLDN6_PTPN12,CLDN6,PTPN12,0.56435764,0.5714285714285714,0.009927318431437016,0.31932008687833024,5.025283801430616
CBL_ZBTB25,CBL,ZBTB25,0.44907308,0.7142857142857143,0.005362239200621843,0.3190556304257583,5.021121931313752
POU3F2_TP73,POU3F2,TP73,0.7516689,0.42857142857142855,0.010394422337412834,0.3188297505401817,5.017567157979089
CEBPE_PRDM1,CEBPE,PRDM1,0.45137742,0.7142857142857143,0.01211079116910696,0.31855449702307925,5.013235369602405
PTPN12_ZBTB1,PTPN12,ZBTB1,0.4499989,0.7142857142857143,0.010437983088195324,0.31810737587124205,5.006198822971185
CDKN1B_CNN1,CDKN1B,CNN1,0.56185925,0.5714285714285714,0.009884224273264408,0.31792003567706906,5.003250566090956
SGK1_TP73,SGK1,TP73,0.7531997,0.42857142857142855,0.015494759194552898,0.31787448140264374,5.00253365798914
CNN1_DUSP9,CNN1,DUSP9,0.5640354,0.5714285714285714,0.01424369215965271,0.31777959704474135,5.001040420180528
PRDM1_SLC6A9,PRDM1,SLC6A9,0.56223303,0.5714285714285714,0.011743227951228619,0.31754699089839683,4.997379792655446
PTPN1_ZBTB25,PTPN1,ZBTB25,0.5585842,0.5714285714285714,0.00783673208206892,0.3167090153030008,4.984192193883614
CSRNP1_IKZF3,CSRNP1,IKZF3,0.5593825,0.5714285714285714,0.010239544324576855,0.31640727554278264,4.979443579588487
IKZF3_LHX1,IKZF3,LHX1,0.5648979,0.5714285714285714,0.02089051902294159,0.3161933537901836,4.9760769967699146
CITED1_TP73,CITED1,TP73,0.7493191,0.42857142857142855,0.015817394480109215,0.31613629460648035,4.975179030737179
HOXB9_TP73,HOXB9,TP73,0.7481947,0.42857142857142855,0.0158817321062088,0.315641928529202,4.967398969468843
CBL_TP73,CBL,TP73,0.7439106,0.42857142857142855,0.01028345339000225,0.3155736462643044,4.966324380760474
CBL_CLDN6,CBL,CLDN6,0.5569427,0.5714285714285714,0.00923308078199625,0.315341399577916,4.962669410218367
RREB1_TP73,RREB1,TP73,0.7441136,0.42857142857142855,0.01156376302242279,0.31526024414457104,4.96139223066924
CDKN1C_CNN1,CDKN1C,CNN1,0.5586248,0.5714285714285714,0.013564035296440125,0.31494228544949465,4.956388371702797
ARID1A_TP73,ARID1A,TP73,0.74601924,0.42857142857142855,0.019691336899995804,0.31354834708904594,4.934451336887869
IGDCC3_PTPN12,IGDCC3,PTPN12,0.4434089,0.7142857142857143,0.010464710183441639,0.31344058261450186,4.932755398891641
IKZF3_RUNX1T1,IKZF3,RUNX1T1,0.5526869,0.5714285714285714,0.010850107297301292,0.3124311907446873,4.916870145125542
CNN1_SAMD1,CNN1,SAMD1,0.5487784,0.5714285714285714,0.009025092236697674,0.3107828219244123,4.89092902375015
CLDN6_ZBTB25,CLDN6,ZBTB25,0.5490847,0.5714285714285714,0.009594980627298355,0.3107807634500784,4.890896628613888
ATL1_KLF1,ATL1,KLF1,0.4400506,0.7142857142857143,0.011662887409329414,0.3106982201820439,4.889597608086159
IGDCC3_KLF1,IGDCC3,KLF1,0.44044724,0.7142857142857143,0.012616905383765697,0.3106852853420584,4.889394046692673
PRDM1_SLC38A2,PRDM1,SLC38A2,0.43923065,0.7142857142857143,0.010049112141132355,0.31061477632528295,4.88828441458866
IKZF3_NIT1,IKZF3,NIT1,0.4424435,0.7142857142857143,0.019238345324993134,0.31006590926994354,4.879646646920174
PRDM1_TMSB4X,PRDM1,TMSB4X,0.44325206,0.7142857142857143,0.02204691618680954,0.30977894166319997,4.875130508647127
TP73_UBASH3B,TP73,UBASH3B,0.72914964,0.42857142857142855,0.00892488844692707,0.3097284111699538,4.874335287551985
CBFA2T3_IKZF3,CBFA2T3,IKZF3,0.5492618,0.5714285714285714,0.013504293747246265,0.30968185576323,4.873602624180991
IER5L_PTPN1,IER5L,PTPN1,0.5484902,0.5714285714285714,0.012530225329101086,0.3095443262816424,4.87143826088397
BPGM_CBL,BPGM,CBL,0.43686128,0.7142857142857143,0.008828762918710709,0.3093129185930383,4.86779649402728
CDKN1B_TP73,CDKN1B,TP73,0.72895217,0.42857142857142855,0.010967815294861794,0.30901881136219944,4.8631679962792465
IGDCC3_ZBTB1,IGDCC3,ZBTB1,0.43633226,0.7142857142857143,0.013155298307538033,0.3076190761466889,4.841139733749437
PTPN1_SAMD1,PTPN1,SAMD1,0.5422231,0.5714285714285714,0.009371943771839142,0.3069649111945626,4.830844845728077
CNNM4_TP73,CNNM4,TP73,0.7271358,0.42857142857142855,0.016316939145326614,0.30662641437351046,4.8255177690374165
FOXA3_TP73,FOXA3,TP73,0.7227991,0.42857142857142855,0.011611576192080975,0.30621540887728643,4.819049590719337
UBASH3B_ZBTB1,UBASH3B,ZBTB1,0.43203524,0.7142857142857143,0.00896286778151989,0.30585525801267505,4.813381734607634
FOXA1_TP73,FOXA1,TP73,0.7204331,0.42857142857142855,0.011363668367266655,0.3052878597025733,4.8044523322496815
CELF2_TP73,CELF2,TP73,0.71578485,0.42857142857142855,0.005294361151754856,0.3051493638069316,4.802272760060105
CNNM4_PTPN1,CNNM4,PTPN1,0.4322303,0.7142857142857143,0.01285246480256319,0.30481825817333635,4.797062001810178
PTPN1_PTPN9,PTPN1,PTPN9,0.53764623,0.5714285714285714,0.008207733742892742,0.3047253151969965,4.79559931639623
PTPN9_TP73,PTPN9,TP73,0.7159326,0.42857142857142855,0.009520101360976696,0.30393477059852975,4.783158160552198
BPGM_PTPN12,BPGM,PTPN12,0.4291058,0.7142857142857143,0.009056118316948414,0.30375330871802403,4.780302413337554
MIDN_TP73,MIDN,TP73,0.72124875,0.42857142857142855,0.01797223649919033,0.30364934750731953,4.778666329014649
CNN1_IGDCC3,CNN1,IGDCC3,0.53818107,0.5714285714285714,0.013189530931413174,0.3035286376525754,4.776766663748837
CLDN6_UBASH3B,CLDN6,UBASH3B,0.5353377,0.5714285714285714,0.008470437489449978,0.3033378451947768,4.773764077043492
HOXA13_ZBTB1,HOXA13,ZBTB1,0.5390379,0.5714285714285714,0.015568164177238941,0.3032998261018654,4.773165753481638
ZBTB1_ZBTB25,ZBTB1,ZBTB25,0.42791173,0.7142857142857143,0.009735680185258389,0.3027042034137794,4.763792171395198
CNN1_SGK1,CNN1,SGK1,0.5351693,0.5714285714285714,0.012376168742775917,0.3020725299212549,4.753851241587715
CLDN6_IER5L,CLDN6,IER5L,0.5352061,0.5714285714285714,0.01273586880415678,0.30198599145106164,4.752489346767023
KMT2A_TP73,KMT2A,TP73,0.70988876,0.42857142857142855,0.008700556121766567,0.3016138303456242,4.746632480094586
TGFBR2_TP73,TGFBR2,TP73,0.7102915,0.42857142857142855,0.011342061683535576,0.30099672155752016,4.736920761590134
CLDN6_S1PR2,CLDN6,S1PR2,0.5341585,0.5714285714285714,0.014497825875878334,0.30087146241325724,4.734949502109407
CDKN1C_TP73,CDKN1C,TP73,0.71053606,0.42857142857142855,0.014847120270133018,0.3000604222725431,4.722185798700439
BPGM_KLF1,BPGM,KLF1,0.42438853,0.7142857142857143,0.010470663197338581,0.29999353153433683,4.721133109073363
BCL2L11_TP73,BCL2L11,TP73,0.70202994,0.42857142857142855,0.004279924090951681,0.2995877628874863,4.714747345408821
BPGM_UBASH3B,BPGM,UBASH3B,0.42167324,0.7142857142857143,0.00795450247824192,0.29881821992721325,4.7026367017892134
GLB1L2_TP73,GLB1L2,TP73,0.69976395,0.42857142857142855,0.00404383335262537,0.298690980743837,4.700634281542562
FOXL2_TP73,FOXL2,TP73,0.70759207,0.42857142857142855,0.01561473123729229,0.29859132110094566,4.6990658929266935
RHOXF2_TP73,RHOXF2,TP73,0.69795877,0.42857142857142855,0.005135730840265751,0.29759680892505025,4.683414807595011
HK2_PTPN1,HK2,PTPN1,0.5249581,0.5714285714285714,0.008721395395696163,0.2973824523877645,4.6800413823743074
MAP4K5_TP73,MAP4K5,TP73,0.6984425,0.42857142857142855,0.007794697768986225,0.29701734756264186,4.674295563558305
MEIS1_TP73,MEIS1,TP73,0.69887596,0.42857142857142855,0.008934847079217434,0.29686581945210455,4.671910897542494
IER5L_KLF1,IER5L,KLF1,0.42073214,0.7142857142857143,0.013179766945540905,0.2966136586356583,4.667942529380532
MAP2K6_TP73,MAP2K6,TP73,0.694637,0.42857142857142855,0.0037616232875734568,0.29658592713860615,4.667506106340918
CDKN1C_CLDN6,CDKN1C,CLDN6,0.5247972,0.5714285714285714,0.011623901315033436,0.29643834487976356,4.665183537967626
ATL1_ZBTB1,ATL1,ZBTB1,0.52506775,0.5714285714285714,0.012428712099790573,0.29635539646342346,4.663878141438823
KLF1_PTPN12,KLF1,PTPN12,0.4190426,0.7142857142857143,0.010078675113618374,0.2963295247649451,4.663470986885692
JUN_PRDM1,JUN,PRDM1,0.418989,0.7142857142857143,0.010550457052886486,0.2961533063351693,4.660697758213098
FOXO4_TP73,FOXO4,TP73,0.69345933,0.42857142857142855,0.0037801654543727636,0.29607763412251553,4.659506870573724
MAP4K3_TP73,MAP4K3,TP73,0.6930945,0.42857142857142855,0.0037556991446763277,0.2959290759761649,4.657168944219874
PTPN13_TP73,PTPN13,TP73,0.69304675,0.42857142857142855,0.003719443455338478,0.295919379730391,4.65701635003985
CDKN1C_PTPN1,CDKN1C,PTPN1,0.5237776,0.5714285714285714,0.011695684865117073,0.2958414200400702,4.65578946333578
FOXF1_TP73,FOXF1,TP73,0.6926733,0.42857142857142855,0.0036960768047720194,0.2957668197772153,4.654615445452433
PRTG_TP73,PRTG,TP73,0.6959979,0.42857142857142855,0.008796228095889091,0.29568390852926635,4.653310633859315
FEV_TP73,FEV,TP73,0.6963448,0.42857142857142855,0.009584608487784863,0.2956002697921013,4.65199437344126
TP73_UBASH3A,TP73,UBASH3A,0.6943433,0.42857142857142855,0.007237615995109081,0.2954374493946863,4.649431995628856
HK2_TP73,HK2,TP73,0.69338435,0.42857142857142855,0.008485504426062107,0.29466434554007165,4.637265312613707
CLDN6_ZBTB1,CLDN6,ZBTB1,0.52230763,0.5714285714285714,0.013501579873263836,0.2944854860337344,4.634450520131607
KLF1_SAMD1,KLF1,SAMD1,0.41656607,0.7142857142857143,0.010552698746323586,0.2944400584037445,4.633735605090222
CLDN6_RREB1,CLDN6,RREB1,0.51992893,0.5714285714285714,0.010027383454144001,0.29415266539569956,4.629212772085599
CNN1_IER5L,CNN1,IER5L,0.5201141,0.5714285714285714,0.012549352832138538,0.293524527889631,4.619327489687063
CBL_KLF1,CBL,KLF1,0.41422418,0.7142857142857143,0.008247463032603264,0.29345416023240056,4.618220082221777
LYL1_TP73,LYL1,TP73,0.69480366,0.42857142857142855,0.014906328171491623,0.2933994860389926,4.617359649853818
BPGM_ZBTB25,BPGM,ZBTB25,0.41400945,0.7142857142857143,0.008792451582849026,0.29314358625825154,4.613332439929384
CDKN1B_PTPN1,CDKN1B,PTPN1,0.51760966,0.5714285714285714,0.009796428494155407,0.2929074988362975,4.609617026004551
IGDCC3_PTPN1,IGDCC3,PTPN1,0.5186735,0.5714285714285714,0.012222490273416042,0.29280602664845584,4.608020112553719
PTPN1_SGK1,PTPN1,SGK1,0.5183522,0.5714285714285714,0.012029848992824554,0.2926803625901315,4.6060424807583225
BPGM_PTPN1,BPGM,PTPN1,0.5174389,0.5714285714285714,0.011217291466891766,0.2923994351962518,4.6016214000313225
KIF18B_TP73,KIF18B,TP73,0.6846694,0.42857142857142855,0.005634232424199581,0.29178574362504145,4.591963459805806
CNNM4_KLF1,CNNM4,KLF1,0.41364294,0.7142857142857143,0.013637207448482513,0.291484214234967,4.58721815620023
TP73_ZNF318,TP73,ZNF318,0.68569124,0.42857142857142855,0.008334443904459476,0.29143869374807313,4.586501779827991
CNN1_CNNM4,CNN1,CNNM4,0.41339484,0.7142857142857143,0.013303348794579506,0.29140536040108034,4.585977197956778
MAP7D1_TP73,MAP7D1,TP73,0.68196464,0.42857142857142855,0.003836484858766198,0.2911535520270717,4.582014376339946
POU3F2_ZBTB1,POU3F2,ZBTB1,0.41148025,0.7142857142857143,0.010239040479063988,0.2909355618443308,4.578583766806709
MAPK1_TP73,MAPK1,TP73,0.6811825,0.42857142857142855,0.0043131159618496895,0.2906816152142843,4.574587294493063
HOXC13_TP73,HOXC13,TP73,0.6807105,0.42857142857142855,0.0036942476872354746,0.2906593016264558,4.574236135527266
CDKN1B_CLDN6,CDKN1B,CLDN6,0.51360375,0.5714285714285714,0.00998531375080347,0.2905862603846844,4.57308665265978
ARRDC3_TP73,ARRDC3,TP73,0.68242973,0.42857142857142855,0.007594075053930283,0.29026558602225166,4.56804005601495
SLC4A1_TP73,SLC4A1,TP73,0.6824456,0.42857142857142855,0.008599746972322464,0.2899829000310151,4.563591299450527
IRF1_TP73,IRF1,TP73,0.6768294,0.42857142857142855,0.0040620360523462296,0.2888962349404456,4.546489962260612
ARRDC3_PTPN1,ARRDC3,PTPN1,0.40711385,0.7142857142857143,0.007190125994384289,0.288719676376034,4.543711380736301
KLF1_ZBTB25,KLF1,ZBTB25,0.40776,0.7142857142857143,0.009231052361428738,0.2885931205561533,4.541719714888279
PTPN12_SLC6A9,PTPN12,SLC6A9,0.40793762,0.7142857142857143,0.010153877548873425,0.2884550740072138,4.539547214269821
NCL_TP73,NCL,TP73,0.6801849,0.42857142857142855,0.011079395189881325,0.28831347567612337,4.537318817658463
CNN1_POU3F2,CNN1,POU3F2,0.50926024,0.5714285714285714,0.009361956268548965,0.28830673479517627,4.537212733383709
PTPN9_ZBTB1,PTPN9,ZBTB1,0.40592885,0.7142857142857143,0.009281032718718052,0.2872828967315848,4.521100133369871
FOSB_TP73,FOSB,TP73,0.6716407,0.42857142857142855,0.004436657298356295,0.28657457857930324,4.509953012085654
DLX2_TP73,DLX2,TP73,0.6744369,0.42857142857142855,0.00878544058650732,0.28652713013962267,4.509206294653433
STIL_TP73,STIL,TP73,0.6735507,0.42857142857142855,0.007650808431208134,0.28647284754407554,4.508352025037109
CNN1_RREB1,CNN1,RREB1,0.5053145,0.5714285714285714,0.009099896065890789,0.2861472491685163,4.503227936983438
CLDN6_PTPN9,CLDN6,PTPN9,0.50467,0.5714285714285714,0.008623949252068996,0.2859171359397313,4.499606541623024
PLK4_TP73,PLK4,TP73,0.67096895,0.42857142857142855,0.007735266350209713,0.28535085646261654,4.490694746842912
SLC6A9_ZBTB1,SLC6A9,ZBTB1,0.40396565,0.7142857142857143,0.01139883417636156,0.2852948654156053,4.489813590557627
CNN1_EGR1,CNN1,EGR1,0.40413812,0.7142857142857143,0.011926528997719288,0.2852678292682873,4.489388110549468
CLDN6_SGK1,CLDN6,SGK1,0.5047105,0.5714285714285714,0.013125213794410229,0.28466964742925693,4.479974253953799
KIF2C_PTPN1,KIF2C,PTPN1,0.4014072,0.7142857142857143,0.0098421610891819,0.2839250015538654,4.468255426954879
EGR1_TP73,EGR1,TP73,0.67179,0.42857142857142855,0.014406820759177208,0.2838210427282528,4.466619380167237
CNN1_TGFBR2,CNN1,TGFBR2,0.4006059,0.7142857142857143,0.008473657071590424,0.2837427237301278,4.465386838874676
CNN1_SET,CNN1,SET,0.50622654,0.5714285714285714,0.020509468391537666,0.2834587206775671,4.460917355123928
BCORL1_TP73,BCORL1,TP73,0.6683549,0.42857142857142855,0.010725487023591995,0.2833982423266311,4.459965580118894
TP73_TSC22D1,TP73,TSC22D1,0.6663902,0.42857142857142855,0.008515847846865654,0.28318423779874746,4.456597694628445
SLC6A9_TP73,SLC6A9,TP73,0.6684656,0.42857142857142855,0.011762517504394054,0.2831546517320572,4.4561320853924595
PLK4_PRDM1,PLK4,PRDM1,0.4985725,0.5714285714285714,0.00749122304841876,0.2827802010459747,4.4502391865598145
SPI1_TP73,SPI1,TP73,0.6637791,0.42857142857142855,0.009424305520951748,0.2818207833699787,4.435140399154605
CLDN6_ELMSAN1,CLDN6,ELMSAN1,0.39814922,0.7142857142857143,0.011043895967304707,0.2812858102993633,4.42672128737167
IKZF3_SNAI1,IKZF3,SNAI1,0.5007014,0.5714285714285714,0.01737603358924389,0.28122846613179486,4.425818836419696
DUSP9_S1PR2,DUSP9,S1PR2,0.49946275,0.5714285714285714,0.015534923411905766,0.28104133216316074,4.422873825003508
BPGM_HK2,BPGM,HK2,0.39653736,0.7142857142857143,0.008191860280930996,0.2809395563563742,4.421272133364808
EGR1_PTPN1,EGR1,PTPN1,0.3973633,0.7142857142857143,0.012619770132005215,0.28029369026783835,4.411107848291664
KLF1_UBASH3B,KLF1,UBASH3B,0.39462817,0.7142857142857143,0.00824327114969492,0.27957266893563737,4.399760811352595
PTPN1_SLC6A9,PTPN1,SLC6A9,0.49455112,0.5714285714285714,0.011449630372226238,0.27940159624815897,4.39706856354051
HK2_ZBTB1,HK2,ZBTB1,0.39417276,0.7142857142857143,0.009804380126297474,0.2788183290189749,4.387889424866906
KMT2A_PTPN12,KMT2A,PTPN12,0.39307782,0.7142857142857143,0.00745585048571229,0.2786919860344711,4.385901108504918
CDKN1A_TP73,CDKN1A,TP73,0.65642416,0.42857142857142855,0.011153402738273144,0.2782215253227757,4.378497256724704
HOXA13_KLF1,HOXA13,KLF1,0.39521983,0.7142857142857143,0.01858467236161232,0.2771491542436325,4.361620870820443
CNN1_ZNF318,CNN1,ZNF318,0.48832136,0.5714285714285714,0.007463990245014429,0.2769734522405961,4.358855769387677
CLDN6_HK2,CLDN6,HK2,0.48742765,0.5714285714285714,0.008874183520674706,0.27608010130443034,4.344796703976558
CEBPE_TP73,CEBPE,TP73,0.6473247,0.42857142857142855,0.011831925250589848,0.2741807769485858,4.314906182486361
CKS1B_ZBTB1,CKS1B,ZBTB1,0.38722253,0.7142857142857143,0.013120478950440884,0.27300555666728044,4.296411212437682
LHX1_TP73,LHX1,TP73,0.6511012,0.42857142857142855,0.02288200706243515,0.2728011222108039,4.293193935464507
PTPN1_RREB1,PTPN1,RREB1,0.48183173,0.5714285714285714,0.009595399722456932,0.27271560159900937,4.291848059139153
ATL1_S1PR2,ATL1,S1PR2,0.48072422,0.5714285714285714,0.013240627013146877,0.27110988682751597,4.266578203710427
CLDN6_POU3F2,CLDN6,POU3F2,0.47837597,0.5714285714285714,0.010093776509165764,0.27062605893910735,4.258963986659225
BPGM_POU3F2,BPGM,POU3F2,0.3817411,0.7142857142857143,0.010155918076634407,0.26993082360494003,4.24802275556685
CLDN6_LYL1,CLDN6,LYL1,0.47843456,0.5714285714285714,0.013444922864437103,0.2697642195525906,4.245400832675281
ISL2_TP73,ISL2,TP73,0.6343547,0.42857142857142855,0.010211766697466373,0.26911813294611864,4.235233077212212
KLF1_KMT2A,KLF1,KMT2A,0.37921998,0.7142857142857143,0.00832927506417036,0.2686338880603416,4.227612297685904
CNNM4_ZBTB1,CNNM4,ZBTB1,0.3807658,0.7142857142857143,0.01385111641138792,0.2682598696792142,4.221726202230741
CBL_SLC6A9,CBL,SLC6A9,0.3786373,0.7142857142857143,0.009208048693835735,0.2679875814738551,4.217441080298424
MAML2_TP73,MAML2,TP73,0.63180685,0.42857142857142855,0.010615536011755466,0.26793014239619395,4.21653713570364
CKS1B_TP73,CKS1B,TP73,0.63656956,0.42857142857142855,0.01993134804069996,0.2674842047514773,4.209519214456184
BAK1_TP73,BAK1,TP73,0.6287748,0.42857142857142855,0.009213138371706009,0.26701487858696127,4.202133217555123
CNN1_MAP4K5,CNN1,MAP4K5,0.4703047,0.5714285714285714,0.006557113025337458,0.26699482631921534,4.201817646000353
POU3F2_PTPN1,POU3F2,PTPN1,0.4713191,0.5714285714285714,0.009329034946858883,0.2668358839713163,4.199316298797092
BPGM_PTPN9,BPGM,PTPN9,0.37600228,0.7142857142857143,0.007836217060685158,0.26648482556649683,4.193791534813899
ATL1_BPGM,ATL1,BPGM,0.47205323,0.5714285714285714,0.01283249817788601,0.2663270612200618,4.191308726349408
JUN_TP73,JUN,TP73,0.6278053,0.42857142857142855,0.010575094260275364,0.26624385723057614,4.189999307751085
BPGM_SLC6A9,BPGM,SLC6A9,0.37657276,0.7142857142857143,0.011115370318293571,0.2660235906757835,4.186532873927215
KIF2C_TP73,KIF2C,TP73,0.6264296,0.42857142857142855,0.011621538549661636,0.2653856465092534,4.176493259703063
COL2A1_IKZF3,COL2A1,IKZF3,0.4753464,0.5714285714285714,0.024699822068214417,0.265079099930652,4.1716689983454724
MAP2K3_PRDM1,MAP2K3,PRDM1,0.46749616,0.5714285714285714,0.01163418684154749,0.26406843940416175,4.15576377915877
KLF1_PTPN9,KLF1,PTPN9,0.37281096,0.7142857142857143,0.008829273283481598,0.26396294177604684,4.154103515544169
AHR_ZBTB1,AHR,ZBTB1,0.37429443,0.7142857142857143,0.013381578028202057,0.2638227989287106,4.151898024535162
KMT2A_ZBTB1,KMT2A,ZBTB1,0.37076116,0.7142857142857143,0.00999447237700224,0.26220875900267776,4.126497152405733
IER5L_SAMD1,IER5L,SAMD1,0.46244252,0.5714285714285714,0.011294033378362656,0.26130171670715935,4.1122226199156495
UBASH3A_ZBTB1,UBASH3A,ZBTB1,0.36914697,0.7142857142857143,0.009155002422630787,0.26128435035002756,4.111949317744034
ATL1_PTPN12,ATL1,PTPN12,0.46192154,0.5714285714285714,0.010363303124904633,0.2612477774532129,4.11137375362049
CITED1_CLDN6,CITED1,CLDN6,0.4632577,0.5714285714285714,0.014312943443655968,0.26098324737196577,4.107210724776054
CLDN6_SLC6A9,CLDN6,SLC6A9,0.4611885,0.5714285714285714,0.010391823016107082,0.2608258271146797,4.104733331397234
PRDM1_TSC22D1,PRDM1,TSC22D1,0.45978984,0.5714285714285714,0.008622845634818077,0.2604908801325801,4.099462120118487
EGR1_ZBTB1,EGR1,ZBTB1,0.36918864,0.7142857142857143,0.012567448429763317,0.2604331882948249,4.09855419772444
CLDN6_UBASH3A,CLDN6,UBASH3A,0.45823216,0.5714285714285714,0.007772746961563826,0.2598273786083534,4.089020298263443
CLDN6_CNNM4,CLDN6,CNNM4,0.46072444,0.5714285714285714,0.013925455510616302,0.2596552921790927,4.086312096741064
CDKN1C_ZBTB1,CDKN1C,ZBTB1,0.45954376,0.5714285714285714,0.011855525895953178,0.25951969445119094,4.0841781343204815
PTPN1_UBASH3A,PTPN1,UBASH3A,0.45758298,0.5714285714285714,0.007723493501543999,0.2594719588090842,4.0834268970545295
ARRDC3_PTPN12,ARRDC3,PTPN12,0.36482668,0.7142857142857143,0.006667881738394499,0.2588644079059013,4.073865595283142
CLDN6_KMT2A,CLDN6,KMT2A,0.45605454,0.5714285714285714,0.008598245680332184,0.25838097035966107,4.066257521222177
TP73_ZC3HAV1,TP73,ZC3HAV1,0.61050594,0.42857142857142855,0.013439305126667023,0.25817570021564035,4.063027092658321
SLC38A2_TP73,SLC38A2,TP73,0.6087663,0.42857142857142855,0.011614558286964893,0.25790440456113983,4.058757590945203
KLF1_TBX3,KLF1,TBX3,0.36825112,0.7142857142857143,0.02291780523955822,0.25714334956997514,4.0467805263123875
LYL1_PTPN1,LYL1,PTPN1,0.45545343,0.5714285714285714,0.012778487987816334,0.2569753440222909,4.044136547458499
CLDN6_TGFBR2,CLDN6,TGFBR2,0.45344758,0.5714285714285714,0.009499765001237392,0.256674555094816,4.0394028968458295
CNN1_LYL1,CNN1,LYL1,0.45433316,0.5714285714285714,0.013132390566170216,0.25625372251604134,4.0327800653105355
BPGM_UBASH3A,BPGM,UBASH3A,0.361608,0.7142857142857143,0.00824645347893238,0.2561788605226589,4.03160192845618
CBL_IGDCC3,CBL,IGDCC3,0.45209613,0.5714285714285714,0.009535882622003555,0.2559004119511173,4.0272198580710095
IGDCC3_SAMD1,IGDCC3,SAMD1,0.4524837,0.5714285714285714,0.011043873615562916,0.2557377862820693,4.024660544786483
BPGM_RREB1,BPGM,RREB1,0.36100736,0.7142857142857143,0.010023373179137707,0.2553034006019645,4.017824422000898
ATL1_DUSP9,ATL1,DUSP9,0.6027451,0.42857142857142855,0.01250852458178997,0.25512805971793745,4.015065003660375
S1PR2_ZBTB1,S1PR2,ZBTB1,0.4524177,0.5714285714285714,0.013884653337299824,0.2549840359022504,4.012798436107209
HOXA13_PRDM1,HOXA13,PRDM1,0.60595334,0.42857142857142855,0.018801189959049225,0.2549018290463437,4.011504709848416
KLF1_POU3F2,KLF1,POU3F2,0.3599784,0.7142857142857143,0.00888156145811081,0.25486384511146615,4.010906939584351
AHR_BPGM,AHR,BPGM,0.36084712,0.7142857142857143,0.013004656881093979,0.2544390471494282,4.00422170302946
IKZF3_OSR2,IKZF3,OSR2,0.45329717,0.5714285714285714,0.01837286725640297,0.2543537455491052,4.00287927338612
PTPN12_ZNF318,PTPN12,ZNF318,0.35794997,0.7142857142857143,0.006315653678029776,0.25407390872154134,3.998475355391646
CLDN6_MAP4K5,CLDN6,MAP4K5,0.447849,0.5714285714285714,0.0074974182061851025,0.2540093034300597,3.997458632867412
PRDM1_RUNX1T1,PRDM1,RUNX1T1,0.44908488,0.5714285714285714,0.010432594455778599,0.2539703604925276,3.9968457703473206
CLDN6_ZNF318,CLDN6,ZNF318,0.4474729,0.5714285714285714,0.00810395646840334,0.25364328593922086,3.99169845102062
CBL_SAMD1,CBL,SAMD1,0.44588268,0.5714285714285714,0.005968653596937656,0.2532783708731877,3.9859556185287413
CLDN6_TMSB4X,CLDN6,TMSB4X,0.35923216,0.7142857142857143,0.019281310960650444,0.25174051111578055,3.9617536279702374
KIF2C_PTPN12,KIF2C,PTPN12,0.35560456,0.7142857142857143,0.009159358218312263,0.25169786564514346,3.9610824970216894
KLF1_SGK1,KLF1,SGK1,0.35534623,0.7142857142857143,0.011920195072889328,0.2508288092726157,3.947405766083501
IGDCC3_S1PR2,IGDCC3,S1PR2,0.44447348,0.5714285714285714,0.013801532797515392,0.2505271838372125,3.9426589509693972
KLF1_MEIS1,KLF1,MEIS1,0.35292453,0.7142857142857143,0.008273683488368988,0.25002035765069397,3.9346827993587943
HOXB9_PRDM1,HOXB9,PRDM1,0.59256667,0.42857142857142855,0.016158737242221832,0.24991877208172167,3.933084101578124
CNN1_MAML2,CNN1,MAML2,0.35103866,0.7142857142857143,0.009759671986103058,0.24831839716653373,3.9078982818693437
ARRDC3_CLDN6,ARRDC3,CLDN6,0.43765122,0.5714285714285714,0.007489501032978296,0.24822731100285647,3.9064648179512527
COL1A1_IKZF3,COL1A1,IKZF3,0.4449932,0.5714285714285714,0.026587966829538345,0.24769609190626882,3.8981047841457075
AHR_CNN1,AHR,CNN1,0.3506658,0.7142857142857143,0.013550939969718456,0.24712677682800727,3.8891452167452756
CLDN6_NCL,CLDN6,NCL,0.43678772,0.5714285714285714,0.010584385134279728,0.24697886598803162,3.8868174773429347
CNNM4_PTPN12,CNNM4,PTPN12,0.348402,0.7142857142857143,0.010218462906777859,0.24634133698073296,3.876784396666301
CDKN1B_SAMD1,CDKN1B,SAMD1,0.43468377,0.5714285714285714,0.008705021813511848,0.24624713896455858,3.8753019601261016
CDKN1C_PTPN12,CDKN1C,PTPN12,0.4350468,0.5714285714285714,0.010390173643827438,0.24604175036455783,3.87206966736722
CDKN1C_KLF1,CDKN1C,KLF1,0.43585202,0.5714285714285714,0.01335099432617426,0.2457769312871254,3.867902090459858
SGK1_ZBTB1,SGK1,ZBTB1,0.4336481,0.5714285714285714,0.01259244792163372,0.24471732945110014,3.851226659876712
BPGM_CNNM4,BPGM,CNNM4,0.3459336,0.7142857142857143,0.01197658572345972,0.24417108292206818,3.842630132609143
NCL_ZBTB1,NCL,ZBTB1,0.34530762,0.7142857142857143,0.011271538212895393,0.24389917991604876,3.8383510727320536
CITED1_PRDM1,CITED1,PRDM1,0.5771243,0.42857142857142855,0.015242420136928558,0.2436255418291529,3.834044707106968
KLF1_LYL1,KLF1,LYL1,0.34538636,0.7142857142857143,0.01426688302308321,0.24323434414724152,3.8278882532700513
ARRDC3_ZBTB1,ARRDC3,ZBTB1,0.34310466,0.7142857142857143,0.008924324065446854,0.2429069769280056,3.822736328128016
MAP4K5_PTPN12,MAP4K5,PTPN12,0.34118074,0.7142857142857143,0.0058227600529789925,0.24228973485844565,3.8130225121133567
AHR_CLDN6,AHR,CLDN6,0.4290767,0.5714285714285714,0.013590209186077118,0.24189922544012676,3.8068768897900984
CNN1_TMSB4X,CNN1,TMSB4X,0.3447648,0.7142857142857143,0.01820521615445614,0.24185750251641422,3.8062202773773604
CDKN1B_ZBTB1,CDKN1B,ZBTB1,0.42639312,0.5714285714285714,0.010155949741601944,0.2412035610314926,3.7959289061598893
SAMD1_ZBTB25,SAMD1,ZBTB25,0.42415115,0.5714285714285714,0.005940833128988743,0.24094069858564085,3.791792121643585
KMT2A_PTPN1,KMT2A,PTPN1,0.42427126,0.5714285714285714,0.008350342512130737,0.2404330194968796,3.783802547526849
SAMD1_SGK1,SAMD1,SGK1,0.4254712,0.5714285714285714,0.011228063143789768,0.24042686435011545,3.7837056812143297
IER5L_S1PR2,IER5L,S1PR2,0.4262838,0.5714285714285714,0.013397777453064919,0.240370318572542,3.782815794884731
NIT1_TP73,NIT1,TP73,0.57232285,0.42857142857142855,0.02123854123055935,0.24018014359981552,3.7798229258196416
CSRNP1_PRDM1,CSRNP1,PRDM1,0.42480293,0.5714285714285714,0.010886115953326225,0.24013044310273382,3.7790407667473787
MEIS1_ZBTB1,MEIS1,ZBTB1,0.3391198,0.7142857142857143,0.009933464229106903,0.2398459219598278,3.7745631295758875
PTPN1_TMSB4X,PTPN1,TMSB4X,0.3414979,0.7142857142857143,0.018725164234638214,0.23944345210710474,3.768229280517955
BPGM_KMT2A,BPGM,KMT2A,0.33801165,0.7142857142857143,0.00901037361472845,0.23928088428460204,3.7656708775905243
ZBTB1_ZNF318,ZBTB1,ZNF318,0.33793202,0.7142857142857143,0.009436605498194695,0.2391235004507535,3.7631940574237204
MAP4K5_ZBTB1,MAP4K5,ZBTB1,0.33743173,0.7142857142857143,0.00869946088641882,0.23894397965202502,3.7603688578858847
TGFBR2_ZBTB1,TGFBR2,ZBTB1,0.3378401,0.7142857142857143,0.010439599864184856,0.23882116690947655,3.758436098529054
CBL_CNNM4,CBL,CNNM4,0.33624998,0.7142857142857143,0.009371761232614517,0.23794855817728547,3.744703462509393
CBL_CDKN1B,CBL,CDKN1B,0.4190678,0.5714285714285714,0.007601408753544092,0.2376607577471233,3.7401742177196975
TBX2_ZBTB1,TBX2,ZBTB1,0.4214554,0.5714285714285714,0.01601109653711319,0.2370364511285116,3.730349223719772
CBL_KMT2A,CBL,KMT2A,0.3338404,0.7142857142857143,0.007425531279295683,0.23669980673879004,3.7250512995739764
PTPN1_ZNF318,PTPN1,ZNF318,0.41614798,0.5714285714285714,0.007698521483689547,0.23598213056307832,3.7137569068668523
CLDN6_MEIS1,CLDN6,MEIS1,0.4163294,0.5714285714285714,0.008566152304410934,0.23588192162063767,3.712179873676963
PTPN1_TGFBR2,PTPN1,TGFBR2,0.41648024,0.5714285714285714,0.009413317777216434,0.23576933869617114,3.710408105567508
CELF2_CLDN6,CELF2,CLDN6,0.4126543,0.5714285714285714,0.00579988444224,0.23444272242439093,3.689530548735853
TMSB4X_TP73,TMSB4X,TP73,0.5606047,0.42857142857142855,0.0248731579631567,0.23442818424459622,3.6893017548627878
CKS1B_ZBTB25,CKS1B,ZBTB25,0.41388085,0.5714285714285714,0.00991490576416254,0.23418145853267552,3.6854189213848425
CBL_CDKN1C,CBL,CDKN1C,0.4115156,0.5714285714285714,0.008165854029357433,0.23324710591107298,3.670714594012062
MAP4K5_PTPN1,MAP4K5,PTPN1,0.41092485,0.5714285714285714,0.00777567969635129,0.2330024486731541,3.66686431303965
CLDN6_FEV,CLDN6,FEV,0.41144404,0.5714285714285714,0.009310581721365452,0.23294205292430262,3.6659138379807663
CITED1_ZBTB1,CITED1,ZBTB1,0.41387,0.5714285714285714,0.015426283702254295,0.2329042989515827,3.6653196867345863
BPGM_S1PR2,BPGM,S1PR2,0.4126163,0.5714285714285714,0.013302060775458813,0.2326855526393993,3.661877177652291
CLDN6_RHOXF2,CLDN6,RHOXF2,0.40917364,0.5714285714285714,0.005264479201287031,0.23258904701585517,3.6603584252572126
DUSP9_IER5L,DUSP9,IER5L,0.5495636,0.42857142857142855,0.012721767649054527,0.23256856816132837,3.660036140314441
CITED1_PTPN12,CITED1,PTPN12,0.41133773,0.5714285714285714,0.013820577412843704,0.2318458892363806,3.648663017092916
BPGM_IER5L,BPGM,IER5L,0.4099052,0.5714285714285714,0.011532588861882687,0.2315610418429707,3.644180245570534
ATL1_ELMSAN1,ATL1,ELMSAN1,0.3275275,0.7142857142857143,0.010756568983197212,0.2314585100261903,3.6425666562625927
CLDN6_KIF2C,CLDN6,KIF2C,0.40914038,0.5714285714285714,0.010571875609457493,0.23134871204345164,3.640838716033463
NCL_PTPN1,NCL,PTPN1,0.4086691,0.5714285714285714,0.010126023553311825,0.23118423109526307,3.638250205386806
AHR_PTPN1,AHR,PTPN1,0.40954092,0.5714285714285714,0.013543887063860893,0.2308961522756197,3.633716579456657
DUSP9_ELMSAN1,DUSP9,ELMSAN1,0.40873945,0.5714285714285714,0.011910835281014442,0.23081618506447008,3.632458099494546
CDKN1B_PTPN12,CDKN1B,PTPN12,0.40676823,0.5714285714285714,0.008190132677555084,0.2305507488262035,3.6282808100496076
CNN1_ELMSAN1,CNN1,ELMSAN1,0.40677327,0.5714285714285714,0.010575901716947556,0.2300093122208174,3.6197599787134163
IER5L_PTPN12,IER5L,PTPN12,0.40711108,0.5714285714285714,0.011415539309382439,0.2300092226774325,3.6197585695289014
CLDN6_EGR1,CLDN6,EGR1,0.40700555,0.5714285714285714,0.012998311780393124,0.2295903126640478,3.613165994269703
PTPN12_RREB1,PTPN12,RREB1,0.40468597,0.5714285714285714,0.007607331499457359,0.22950322098695544,3.611795393383269
IGDCC3_RREB1,IGDCC3,RREB1,0.40587285,0.5714285714285714,0.01059988047927618,0.22949472709937038,3.6116617212547486
CBL_ZNF318,CBL,ZNF318,0.32326347,0.7142857142857143,0.006446611601859331,0.22942347195409393,3.61054034699099
BPGM_NCL,BPGM,NCL,0.32446596,0.7142857142857143,0.010878116823732853,0.22926740259936879,3.6080842133732554
PTPN9_SAMD1,PTPN9,SAMD1,0.40352693,0.5714285714285714,0.0063916766084730625,0.22912234237014498,3.6058013353142
MIDN_ZBTB1,MIDN,ZBTB1,0.4064169,0.5714285714285714,0.014520473778247833,0.22891428076320913,3.602526976243163
CLDN6_KIF18B,CLDN6,KIF18B,0.40292454,0.5714285714285714,0.005931155290454626,0.22888504023055428,3.6020668048316735
HOXB9_ZBTB1,HOXB9,ZBTB1,0.40618482,0.5714285714285714,0.014376197010278702,0.22881610731690882,3.600981976571371
AHR_S1PR2,AHR,S1PR2,0.40561926,0.5714285714285714,0.013278642669320107,0.22874501307977432,3.5998631345914007
CELF2_ZBTB1,CELF2,ZBTB1,0.32265934,0.7142857142857143,0.007618503179401159,0.22872839165032402,3.5996015556816943
CBL_CKS1B,CBL,CKS1B,0.40354344,0.5714285714285714,0.009289710782468319,0.22847379735135742,3.5955948907110034
BPGM_CDKN1C,BPGM,CDKN1C,0.4041622,0.5714285714285714,0.010927775874733925,0.22845334069794998,3.5952729551572298
KMT2A_ZBTB25,KMT2A,ZBTB25,0.32205996,0.7142857142857143,0.007182152941823006,0.22840240696177896,3.594471388046847
CLDN6_GLB1L2,CLDN6,GLB1L2,0.40134564,0.5714285714285714,0.00462011992931366,0.22828565883285762,3.5926340702418464
RHOXF2_ZBTB1,RHOXF2,ZBTB1,0.3212502,0.7142857142857143,0.007001636084169149,0.22786897314062918,3.5860765001249333
BPGM_MAP4K5,BPGM,MAP4K5,0.3215901,0.7142857142857143,0.008483104407787323,0.22777497238381444,3.584597167943982
CDKN1C_ZBTB25,CDKN1C,ZBTB25,0.40170583,0.5714285714285714,0.009073073975741863,0.22748222624131265,3.5799900902551727
PTPN9_ZBTB25,PTPN9,ZBTB25,0.3999329,0.5714285714285714,0.005220178514719009,0.22734629241490462,3.577850838501258
BPGM_TGFBR2,BPGM,TGFBR2,0.32073122,0.7142857142857143,0.009573248215019703,0.2269213559835571,3.571163422792574
CLDN6_FOXO4,CLDN6,FOXO4,0.3977635,0.5714285714285714,0.0045472304336726665,0.22626454621332895,3.5608269120794023
CDKN1B_KLF1,CDKN1B,KLF1,0.39925882,0.5714285714285714,0.009618431329727173,0.22597437935146308,3.5562604256898314
BPGM_CDKN1B,BPGM,CDKN1B,0.3986536,0.5714285714285714,0.00955029297620058,0.22564705969335774,3.551109249038695
ATL1_IGDCC3,ATL1,IGDCC3,0.5324477,0.42857142857142855,0.01140010729432106,0.22561977990088736,3.5506799346772087
CLDN6_PLK4,CLDN6,PLK4,0.3976809,0.5714285714285714,0.007717107888311148,0.225505979422505,3.548889005374262
CLDN6_MAP2K6,CLDN6,MAP2K6,0.39614812,0.5714285714285714,0.004521262366324663,0.22535147849622203,3.5464575548202237
CDKN1C_UBASH3B,CDKN1C,UBASH3B,0.39707837,0.5714285714285714,0.008147655054926872,0.22506814529542876,3.541998612827964
ARRDC3_BPGM,ARRDC3,BPGM,0.31756672,0.7142857142857143,0.008312314748764038,0.22496340666502784,3.5403502939017
CBL_HK2,CBL,HK2,0.3960894,0.5714285714285714,0.006781922187656164,0.22481214428569762,3.5379698098173913
KLF1_SLC6A9,KLF1,SLC6A9,0.39780945,0.5714285714285714,0.011460882611572742,0.2247439196664674,3.5368961283048117
FEV_ZBTB1,FEV,ZBTB1,0.31791613,0.7142857142857143,0.010561298578977585,0.22470972002403328,3.5363579131526772
RREB1_ZBTB1,RREB1,ZBTB1,0.39708456,0.5714285714285714,0.00991141702979803,0.2246785820021506,3.5358678800999326
CLDN6_FOXF1,CLDN6,FOXF1,0.39465177,0.5714285714285714,0.004484744276851416,0.22450843456397623,3.5331901933522203
BCL2L11_CLDN6,BCL2L11,CLDN6,0.3947873,0.5714285714285714,0.004869120195508003,0.22449963375878385,3.5330516911232963
CLDN6_PTPN13,CLDN6,PTPN13,0.39420003,0.5714285714285714,0.004519070964306593,0.2242437847030412,3.5290252794809724
KLF1_RREB1,KLF1,RREB1,0.39609227,0.5714285714285714,0.010052966885268688,0.22408571138928168,3.5265376086587583
CLDN6_MAP4K3,CLDN6,MAP4K3,0.39306054,0.5714285714285714,0.004519915673881769,0.22359538781201488,3.5188211660309654
PTPN12_TGFBR2,PTPN12,TGFBR2,0.3152239,0.7142857142857143,0.007844056934118271,0.22340750911039492,3.515864434416883
CBL_RREB1,CBL,RREB1,0.3936999,0.5714285714285714,0.007858254946768284,0.22321728124799742,3.5128707330032567
BPGM_KIF2C,BPGM,KIF2C,0.31506178,0.7142857142857143,0.010021276772022247,0.22281127358103475,3.5064812077717247
HK2_ZBTB25,HK2,ZBTB25,0.39178994,0.5714285714285714,0.005812615621834993,0.2225861596283756,3.502938488267815
GLB1L2_ZBTB1,GLB1L2,ZBTB1,0.31358328,0.7142857142857143,0.0064230249263346195,0.22255856125383341,3.5025041602370024
CLDN6_PRTG,CLDN6,PRTG,0.39254546,0.5714285714285714,0.007967707701027393,0.22253857009536868,3.5021895503864706
BPGM_ZNF318,BPGM,ZNF318,0.31361112,0.7142857142857143,0.008511439897119999,0.22211740391333054,3.4955614687866023
CLDN6_HOXC13,CLDN6,HOXC13,0.39017698,0.5714285714285714,0.004493118263781071,0.22196097832446976,3.4930997289520804
POU3F2_S1PR2,POU3F2,S1PR2,0.39174366,0.5714285714285714,0.009935598820447922,0.22165128177093987,3.488225895022536
BPGM_CKS1B,BPGM,CKS1B,0.39232177,0.5714285714285714,0.011735138483345509,0.2215835522842109,3.487160005632784
PRDM1_SET,PRDM1,SET,0.5283271,0.42857142857142855,0.02200174145400524,0.22155138685178405,3.486653803758292
ELMSAN1_ZBTB1,ELMSAN1,ZBTB1,0.31373876,0.7142857142857143,0.011840976774692535,0.22147661718574255,3.485477119900819
CLDN6_MAPK1,CLDN6,MAPK1,0.38924977,0.5714285714285714,0.004931360017508268,0.2213369488676254,3.4832790967715233
CKS1B_PRDM1,CKS1B,PRDM1,0.5251407,0.42857142857142855,0.01689736545085907,0.22132056667079664,3.4830212827731617
NCL_PTPN12,NCL,PTPN12,0.312534,0.7142857142857143,0.009593053720891476,0.22111738366689224,3.4798237004718766
CKS1B_PTPN1,CKS1B,PTPN1,0.5224715,0.42857142857142855,0.012790385633707047,0.22108854405750622,3.4793698385701592
ARID1A_ZBTB1,ARID1A,ZBTB1,0.39314374,0.5714285714285714,0.017025401815772057,0.22089277926149667,3.476288999942391
CLDN6_MAP7D1,CLDN6,MAP7D1,0.3878348,0.5714285714285714,0.00461235735565424,0.22060238147955047,3.4717188794596745
KIF18B_ZBTB1,KIF18B,ZBTB1,0.31061012,0.7142857142857143,0.007086021825671196,0.22030329428280668,3.4670120097487667
FOXA1_PRDM1,FOXA1,PRDM1,0.51978105,0.42857142857142855,0.01134585402905941,0.22026422273795676,3.4663971232774817
BPGM_EGR1,BPGM,EGR1,0.31196058,0.7142857142857143,0.012146617285907269,0.22015484758332718,3.4646758372844446
MEIS1_PTPN1,MEIS1,PTPN1,0.38791218,0.5714285714285714,0.00852547213435173,0.21979028915725457,3.4589386173960013
BPGM_DUSP9,BPGM,DUSP9,0.51874393,0.42857142857142855,0.011975996196269989,0.2196878472825045,3.4573264435462376
MAP4K3_ZBTB1,MAP4K3,ZBTB1,0.30946198,0.7142857142857143,0.006401911377906799,0.21963816809700912,3.4565446198639913
PTPN1_SET,PTPN1,SET,0.5230583,0.42857142857142855,0.021011482924222946,0.21955467158838957,3.455230597760516
FOXO4_ZBTB1,FOXO4,ZBTB1,0.30924094,0.7142857142857143,0.006429432425647974,0.2194752822415644,3.4539812119091375
CNN1_MEIS1,CNN1,MEIS1,0.38705382,0.5714285714285714,0.00834320392459631,0.21934358177376997,3.4519085824234135
CDKN1C_DUSP9,CDKN1C,DUSP9,0.51860476,0.42857142857142855,0.013441421091556549,0.21931132501670803,3.4514009433320716
BCL2L11_ZBTB1,BCL2L11,ZBTB1,0.3089004,0.7142857142857143,0.006738187745213509,0.21916634891858713,3.4491193892820156
MAP2K6_ZBTB1,MAP2K6,ZBTB1,0.3086621,0.7142857142857143,0.006396940443664789,0.2190715315492307,3.4476272057022745
CEBPB_IKZF3,CEBPB,IKZF3,0.52305806,0.42857142857142855,0.023345235735177994,0.21905387430759646,3.4473493257504373
CNN1_ZC3HAV1,CNN1,ZC3HAV1,0.3879884,0.5714285714285714,0.012328098528087139,0.21900770206389525,3.446622692388234
PTPN13_ZBTB1,PTPN13,ZBTB1,0.30826807,0.7142857142857143,0.006423181854188442,0.21878617533787054,3.4431364266830013
FOXF1_ZBTB1,FOXF1,ZBTB1,0.3075707,0.7142857142857143,0.006394694559276104,0.21829740894462857,3.4354444901604535
CKS1B_CNN1,CKS1B,CNN1,0.51641256,0.42857142857142855,0.01431148312985897,0.21819694503278392,3.4338634444023968
DUSP9_POU3F2,DUSP9,POU3F2,0.5133565,0.42857142857142855,0.010377763770520687,0.217750171653798,3.4268323708289268
PTPN12_SGK1,PTPN12,SGK1,0.38522908,0.5714285714285714,0.01100629661232233,0.21773445340337827,3.426585005653772
CNN1_RHOXF2,CNN1,RHOXF2,0.38289633,0.5714285714285714,0.005284227896481752,0.2176478045043311,3.4252213729645473
EGR1_PTPN12,EGR1,PTPN12,0.30789873,0.7142857142857143,0.01090372446924448,0.21755549909509567,3.423768721230828
DUSP9_ZBTB25,DUSP9,ZBTB25,0.5119748,0.42857142857142855,0.009765056893229485,0.21729586984853175,3.419682819025645
CLDN6_STIL,CLDN6,STIL,0.38306156,0.5714285714285714,0.0074487123638391495,0.21727390801684043,3.419337195804359
ELMSAN1_PTPN1,ELMSAN1,PTPN1,0.3840856,0.5714285714285714,0.010252082720398903,0.21725021601878378,3.418964344176948
CDKN1B_DUSP9,CDKN1B,DUSP9,0.5100745,0.42857142857142855,0.00992960948497057,0.21645405134268142,3.406434742643885
ATL1_IER5L,ATL1,IER5L,0.51080865,0.42857142857142855,0.012362298555672169,0.2162447097705565,3.4031402401850834
TMSB4X_ZBTB1,TMSB4X,ZBTB1,0.30774525,0.7142857142857143,0.017981762066483498,0.2159351400324999,3.3982684020076697
CBL_DUSP9,CBL,DUSP9,0.50861675,0.42857142857142855,0.00953014474362135,0.2159208482651339,3.398043486037803
HK2_UBASH3B,HK2,UBASH3B,0.38010454,0.5714285714285714,0.005971471779048443,0.21591327527202797,3.397924306439815
DUSP9_MAP2K3,DUSP9,MAP2K3,0.38168913,0.5714285714285714,0.012079046107828617,0.21550498041081856,3.3914987866038993
TBX3_TP73,TBX3,TP73,0.77315426,0.2857142857142857,0.02532397024333477,0.21544528674874444,3.3905593606003506
KIF2C_ZBTB1,KIF2C,ZBTB1,0.3047514,0.7142857142857143,0.011393987573683262,0.21522727183858148,3.387128361920553
CITED1_PTPN1,CITED1,PTPN1,0.5091486,0.42857142857142855,0.014757766388356686,0.21503313313428432,3.3840731138292957
BPGM_ELMSAN1,BPGM,ELMSAN1,0.30414483,0.7142857142857143,0.011358821764588356,0.21480635964096853,3.3805042773877974
FOXA3_PRDM1,FOXA3,PRDM1,0.5038713,0.42857142857142855,0.011538136750459671,0.21348167142911767,3.359657063302275
CDKN1B_ZBTB25,CDKN1B,ZBTB25,0.37646526,0.5714285714285714,0.008034391328692436,0.2134083996798639,3.3585039528348846
CLDN6_DLX2,CLDN6,DLX2,0.37602347,0.5714285714285714,0.008346195332705975,0.2130920472103863,3.353525371762989
CNN1_PLK4,CNN1,PLK4,0.37556556,0.5714285714285714,0.007416197564452887,0.21302902533086987,3.352533568104893
SET_ZBTB1,SET,ZBTB1,0.3797362,0.5714285714285714,0.018712760880589485,0.2130061889072781,3.352174181037577
CLDN6_IRF1,CLDN6,IRF1,0.37426195,0.5714285714285714,0.004845232702791691,0.2128327446744605,3.3494446111500364
MAP7D1_ZBTB1,MAP7D1,ZBTB1,0.29905975,0.7142857142857143,0.00655159680172801,0.2122237020506776,3.3398598335007583
DUSP9_SAMD1,DUSP9,SAMD1,0.50037944,0.42857142857142855,0.011242666281759739,0.2120641661363692,3.3373491450759927
IER5L_RREB1,IER5L,RREB1,0.37464026,0.5714285714285714,0.010570783168077469,0.2118408229750172,3.3338342933111864
HOXC13_ZBTB1,HOXC13,ZBTB1,0.2980478,0.7142857142857143,0.006469036918133497,0.21152294369174227,3.3288316840839736
HOXA13_S1PR2,HOXA13,S1PR2,0.50155157,0.42857142857142855,0.016959499567747116,0.2113660104548326,3.3263619551638235
PRTG_ZBTB1,PRTG,ZBTB1,0.29871017,0.7142857142857143,0.009645940735936165,0.21132596753263688,3.3257317816904313
MAPK1_ZBTB1,MAPK1,ZBTB1,0.29779816,0.7142857142857143,0.0066862259991467,0.21130016841906468,3.325325769438609
CNN1_TBX2,CNN1,TBX2,0.5008075,0.42857142857142855,0.017224585637450218,0.21099745219850183,3.3205617881479346
SLC4A1_ZBTB1,SLC4A1,ZBTB1,0.29831922,0.7142857142857143,0.009894803166389465,0.21099737998705262,3.320560651723886
DUSP9_RREB1,DUSP9,RREB1,0.49734735,0.42857142857142855,0.010572629049420357,0.2109188991012543,3.3193255627322107
BCORL1_CLDN6,BCORL1,CLDN6,0.3725253,0.5714285714285714,0.010246263816952705,0.2107125858591027,3.3160787184640013
DUSP9_PTPN12,DUSP9,PTPN12,0.4968217,0.42857142857142855,0.011098199523985386,0.2105864558643295,3.3140937540171835
RREB1_UBASH3B,RREB1,UBASH3B,0.3710512,0.5714285714285714,0.007881236262619495,0.2103712670748198,3.3107072312689776
CDKN1B_UBASH3B,CDKN1B,UBASH3B,0.370811,0.5714285714285714,0.007723343092948198,0.2102680196939633,3.30908238080739
PLK4_ZBTB1,PLK4,ZBTB1,0.2968833,0.7142857142857143,0.008837736211717129,0.21020180252374354,3.3080402914226132
DUSP9_KMT2A,DUSP9,KMT2A,0.49405542,0.42857142857142855,0.009046816267073154,0.2098396563946066,3.3023410349358264
ELMSAN1_IGDCC3,ELMSAN1,IGDCC3,0.29689875,0.7142857142857143,0.011093282140791416,0.20974379042054517,3.300832348992299
KMT2A_UBASH3B,KMT2A,UBASH3B,0.29560083,0.7142857142857143,0.007460018619894981,0.2095799805205569,3.298254398932932
CLDN6_TBX2,CLDN6,TBX2,0.4975865,0.42857142857142855,0.017525507137179375,0.209578384831026,3.298229286849223
ZBTB25_ZNF318,ZBTB25,ZNF318,0.2948739,0.7142857142857143,0.006343548651784658,0.20929652677188432,3.2937935598244863
HOXA13_TP73,HOXA13,TP73,0.74674517,0.2857142857142857,0.021039551123976707,0.20895935165593063,3.288487283401315
CNN1_HNF4A,CNN1,HNF4A,0.49468133,0.42857142857142855,0.014768020249903202,0.20892093505832138,3.2878827041292777
DLX2_ZBTB1,DLX2,ZBTB1,0.29493454,0.7142857142857143,0.009597617201507092,0.20866484398050206,3.2838524836766987
CLDN6_SLC4A1,CLDN6,SLC4A1,0.36830088,0.5714285714285714,0.008717513643205166,0.2086388366448075,3.2834431945397013
FEV_PTPN1,FEV,PTPN1,0.3679997,0.5714285714285714,0.010037029162049294,0.20819587631347006,3.276472128611755
CLDN6_FOSB,CLDN6,FOSB,0.3661198,0.5714285714285714,0.005018128082156181,0.20816670822320277,3.2760130972586956
ATL1_CDKN1B,ATL1,CDKN1B,0.49028212,0.42857142857142855,0.009798233397305012,0.2080820711526793,3.274681125619642
BPGM_CITED1,BPGM,CITED1,0.36905077,0.5714285714285714,0.014160982333123684,0.20794149896286424,3.2724688778549766
CELF2_PTPN1,CELF2,PTPN1,0.36607596,0.5714285714285714,0.0065130311995744705,0.20783264395245113,3.2707557776053764
CKS1B_CLDN6,CKS1B,CLDN6,0.490553,0.42857142857142855,0.01485397107899189,0.20715984999177114,3.2601677164991747
IRF1_ZBTB1,IRF1,ZBTB1,0.2918138,0.7142857142857143,0.006511685438454151,0.2070899175978327,3.259067158968048
POU3F2_SAMD1,POU3F2,SAMD1,0.3634589,0.5714285714285714,0.00866562221199274,0.20590649305943803,3.2404430748362025
BPGM_SGK1,BPGM,SGK1,0.3642808,0.5714285714285714,0.011409591883420944,0.20581221806754815,3.2389594268945534
DUSP9_UBASH3B,DUSP9,UBASH3B,0.48334426,0.42857142857142855,0.008928997442126274,0.2053142879103731,3.231123276098161
BPGM_RHOXF2,BPGM,RHOXF2,0.2886332,0.7142857142857143,0.007584404665976763,0.20461468907318398,3.2201133745965187
SLC6A9_ZBTB25,SLC6A9,ZBTB25,0.360716,0.5714285714285714,0.00872165709733963,0.2043412260657796,3.2158097642761216
KLF1_UBASH3A,KLF1,UBASH3A,0.3598965,0.5714285714285714,0.007751165423542261,0.20407334281244677,3.211593965054694
BCORL1_PRDM1,BCORL1,PRDM1,0.48054677,0.42857142857142855,0.01025280263274908,0.2038584958541459,3.208212821857938
ATL1_CDKN1C,ATL1,CDKN1C,0.48049593,0.42857142857142855,0.01026488933712244,0.20383448855391265,3.2078350081783866
HK2_SAMD1,HK2,SAMD1,0.3586977,0.5714285714285714,0.007156468462198973,0.2035136821358359,3.2027863333145024
PTPN12_TMSB4X,PTPN12,TMSB4X,0.28908044,0.7142857142857143,0.015069051645696163,0.2034206726621922,3.201322601402581
FOSB_ZBTB1,FOSB,ZBTB1,0.2865298,0.7142857142857143,0.006672091316431761,0.20330766216735097,3.199544104425866
CITED1_CNN1,CITED1,CNN1,0.48137185,0.42857142857142855,0.015710003674030304,0.2031113414124507,3.196454516423027
POU3F2_PTPN12,POU3F2,PTPN12,0.35802767,0.5714285714285714,0.008404451422393322,0.20288212520973126,3.192847237965188
ATL1_SAMD1,ATL1,SAMD1,0.47843647,0.42857142857142855,0.010678641498088837,0.20287774275930542,3.192778269372104
TP73_ZBTB10,TP73,ZBTB10,0.72454584,0.2857142857142857,0.021510416641831398,0.20265392575118057,3.18925596046755
HNF4A_TP73,HNF4A,TP73,0.72116256,0.2857142857142857,0.018510527908802032,0.2023017331516204,3.18371334715169
ATL1_CBL,ATL1,CBL,0.47631592,0.42857142857142855,0.0102160032838583,0.2020710340459981,3.180082731584026
ARID1A_CNN1,ARID1A,CNN1,0.4791312,0.42857142857142855,0.01673487015068531,0.2019621294043134,3.1783688502647864
KLF1_ZNF318,KLF1,ZNF318,0.35599717,0.5714285714285714,0.007294654846191406,0.20195377405382375,3.1782373583568346
DUSP9_SGK1,DUSP9,SGK1,0.47687152,0.42857142857142855,0.013166562654078007,0.20171758151632396,3.174520290181387
CITED1_KLF1,CITED1,KLF1,0.35775968,0.5714285714285714,0.014435794204473495,0.2015249328701671,3.1714884918051442
UBASH3A_ZBTB25,UBASH3A,ZBTB25,0.35445026,0.5714285714285714,0.005795158911496401,0.20137599731312394,3.1691446259695093
BCL2L11_CNN1,BCL2L11,CNN1,0.35385093,0.5714285714285714,0.005122906528413296,0.20116995707312316,3.165902078058913
HK2_KLF1,HK2,KLF1,0.3545648,0.5714285714285714,0.008314374834299088,0.20093777712112207,3.1622481577458683
DUSP9_MAP4K5,DUSP9,MAP4K5,0.47170886,0.42857142857142855,0.008180927485227585,0.2005204980491372,3.1556812493448927
CLDN6_SPI1,CLDN6,SPI1,0.3542979,0.5714285714285714,0.009814380668103695,0.20048827809661268,3.1551741894631067
CNNM4_DUSP9,CNNM4,DUSP9,0.47422603,0.42857142857142855,0.013781243935227394,0.2004769050370734,3.1549952065108156
DUSP9_HK2,DUSP9,HK2,0.4712912,0.42857142857142855,0.008834882639348507,0.20021308980344368,3.150843427544792
RREB1_ZBTB25,RREB1,ZBTB25,0.35305992,0.5714285714285714,0.007869773544371128,0.2001732065878571,3.1502157674461255
KLF1_MAP4K5,KLF1,MAP4K5,0.35236514,0.5714285714285714,0.006827168166637421,0.1999861671751485,3.1472722440990597
DUSP9_TGFBR2,DUSP9,TGFBR2,0.47010028,0.42857142857142855,0.00963451899588108,0.19954899157410252,3.1403922150730303
SLC6A9_UBASH3B,SLC6A9,UBASH3B,0.35217062,0.5714285714285714,0.0092160664498806,0.1994026442026442,3.1380890806778186
DUSP9_MEIS1,DUSP9,MEIS1,0.4693748,0.42857142857142855,0.009159872308373451,0.1993347501515013,3.137020601463882
CNNM4_SAMD1,CNNM4,SAMD1,0.35184503,0.5714285714285714,0.010740751400589943,0.19891777421866452,3.130458463699998
CLDN6_MAML2,CLDN6,MAML2,0.35141245,0.5714285714285714,0.009627694264054298,0.19889223794544086,3.1300565878849365
CLDN6_MAP2K3,CLDN6,MAP2K3,0.35194868,0.5714285714285714,0.011181280016899109,0.1988896892596282,3.13001647807019
STIL_ZBTB1,STIL,ZBTB1,0.28090525,0.7142857142857143,0.008941148407757282,0.19886849210886992,3.1296828889766153
CLDN6_TSC22D1,CLDN6,TSC22D1,0.35074258,0.5714285714285714,0.008050156757235527,0.19882376807505708,3.1289790467446674
ATL1_ZBTB25,ATL1,ZBTB25,0.46871892,0.42857142857142855,0.010458461008965969,0.19880038938381198,3.12861112576744
S1PR2_TGFBR2,S1PR2,TGFBR2,0.35174087,0.5714285714285714,0.011283796280622482,0.19875210284655717,3.127851218816813
CNN1_S1PR2,CNN1,S1PR2,0.4706598,0.42857142857142855,0.014906189404428005,0.19874875305306072,3.127798501610199
CBL_NCL,CBL,NCL,0.280825,0.7142857142857143,0.009578369557857513,0.19868618817817957,3.126813890039557
DUSP9_TBX2,DUSP9,TBX2,0.4704639,0.42857142857142855,0.01839081570506096,0.19798625769047715,3.1157987692046483
CNN1_MAP2K3,CNN1,MAP2K3,0.3502272,0.5714285714285714,0.011566823348402977,0.1978414356036181,3.113519638899077
KMT2A_S1PR2,KMT2A,S1PR2,0.34963265,0.5714285714285714,0.010344356298446655,0.19774454602486408,3.1119948440282
BPGM_PRTG,BPGM,PRTG,0.27901527,0.7142857142857143,0.00940743274986744,0.19743922721617707,3.1071899046378646
PTPN1_S1PR2,PTPN1,S1PR2,0.46650612,0.42857142857142855,0.014177178964018822,0.19713635837110882,3.1024235214267155
CLDN6_ZC3HAV1,CLDN6,ZC3HAV1,0.34896716,0.5714285714285714,0.012340853922069073,0.1969789203495917,3.099945848484203
DUSP9_ZNF318,DUSP9,ZNF318,0.4625704,0.42857142857142855,0.008638274855911732,0.19654663289700774,3.0931427464486596
DUSP9_UBASH3A,DUSP9,UBASH3A,0.46214053,0.42857142857142855,0.007979528978466988,0.19649231120065302,3.092287861485342
AHR_DUSP9,AHR,DUSP9,0.4646603,0.42857142857142855,0.014254575595259666,0.19634136019718512,3.0899122776629997
BPGM_GLB1L2,BPGM,GLB1L2,0.27660176,0.7142857142857143,0.007151526864618063,0.1961697734377436,3.087211939669262
EGR1_ZBTB25,EGR1,ZBTB25,0.27712542,0.7142857142857143,0.010535458102822304,0.1958830100306161,3.082699014977399
BPGM_CELF2,BPGM,CELF2,0.27615744,0.7142857142857143,0.007770522031933069,0.1957343552763726,3.080359568261696
ARRDC3_KLF1,ARRDC3,KLF1,0.34512576,0.5714285714285714,0.0075957290828228,0.19572802557716187,3.0802599549388305
ATL1_SGK1,ATL1,SGK1,0.46236292,0.42857142857142855,0.012637866660952568,0.19568252545434991,3.079543899045306
HOXB9_KLF1,HOXB9,KLF1,0.34692198,0.5714285714285714,0.014392568729817867,0.1954284147551694,3.075544844701917
FOXA1_S1PR2,FOXA1,S1PR2,0.34598243,0.5714285714285714,0.012098293751478195,0.19534095481293176,3.074168448261288
HNF4A_KLF1,HNF4A,KLF1,0.3471667,0.5714285714285714,0.01673070527613163,0.19511652703461704,3.0706365273916
DUSP9_LYL1,DUSP9,LYL1,0.4614632,0.42857142857142855,0.013636925257742405,0.19510925804533602,3.0705221320385117
KLF1_NCL,KLF1,NCL,0.34425932,0.5714285714285714,0.008565935306251049,0.1950488366775212,3.0695712538024806
DUSP9_PTPN9,DUSP9,PTPN9,0.45922005,0.42857142857142855,0.009180090390145779,0.1950183079193281,3.069090809006397
BPGM_FEV,BPGM,FEV,0.27578583,0.7142857142857143,0.010463343001902103,0.19495005187978834,3.068016633018278
DUSP9_NCL,DUSP9,NCL,0.4591114,0.42857142857142855,0.010350885801017284,0.19474622937584463,3.0648089866172996
KLF1_TMSB4X,KLF1,TMSB4X,0.34707195,0.5714285714285714,0.01846453920006752,0.19473120414320252,3.0645725277745526
CNN1_FOXA1,CNN1,FOXA1,0.3437357,0.5714285714285714,0.009591933339834213,0.19455424572134705,3.0617876535138366
BAK1_CLDN6,BAK1,CLDN6,0.3433389,0.5714285714285714,0.008496385999023914,0.19454076755486976,3.061575541547022
CDKN1A_CLDN6,CDKN1A,CLDN6,0.34338352,0.5714285714285714,0.010494335554540157,0.19418135051588029,3.055919233979123
PLK4_PTPN1,PLK4,PTPN1,0.3423515,0.5714285714285714,0.007999461144208908,0.194076915665367,3.0542756957735566
BPGM_MEIS1,BPGM,MEIS1,0.2738177,0.7142857142857143,0.00899434182792902,0.19384059445243712,3.050556602575002
ATL1_POU3F2,ATL1,POU3F2,0.45722094,0.42857142857142855,0.011232803575694561,0.19377519350579195,3.0495273584676643
ATL1_UBASH3B,ATL1,UBASH3B,0.4556869,0.42857142857142855,0.009481357410550117,0.19346011990396553,3.0445689035110863
BPGM_TMSB4X,BPGM,TMSB4X,0.27484974,0.7142857142857143,0.015181909315288067,0.19338528686264445,3.0433912222883395
KLF1_TBX2,KLF1,TBX2,0.34362337,0.5714285714285714,0.01830531843006611,0.1928264616083307,3.0345967379645167
NCL_ZBTB25,NCL,ZBTB25,0.2725102,0.7142857142857143,0.009548433125019073,0.19280911841188372,3.0343238002830133
DUSP9_ZC3HAV1,DUSP9,ZC3HAV1,0.45496973,0.42857142857142855,0.011778267100453377,0.19271715471414144,3.0328765262167248
FOXL2_ZBTB1,FOXL2,ZBTB1,0.3412099,0.5714285714285714,0.013306834734976292,0.1924166229175747,3.0281469221887853
ARRDC3_DUSP9,ARRDC3,DUSP9,0.45130736,0.42857142857142855,0.008070360869169235,0.19186898647847742,3.0195285212814937
CBL_EGR1,CBL,EGR1,0.27104312,0.7142857142857143,0.010324344970285892,0.19162383924674867,3.015670529056152
SPI1_ZBTB1,SPI1,ZBTB1,0.2707724,0.7142857142857143,0.01036270521581173,0.19142517273418264,3.0125440248100688
MAML2_PTPN1,MAML2,PTPN1,0.33800417,0.5714285714285714,0.01030177902430296,0.19117579030960374,3.0086193814503313
BPGM_KIF18B,BPGM,KIF18B,0.26941475,0.7142857142857143,0.0074779316782951355,0.1910107437950705,3.0060219702317803
PTPN12_SET,PTPN12,SET,0.45363858,0.42857142857142855,0.017850177362561226,0.19100702645248785,3.005963468739915
TSC22D1_ZBTB1,TSC22D1,ZBTB1,0.26997048,0.7142857142857143,0.009779781103134155,0.19096842533642092,3.005355985617933
BPGM_ZC3HAV1,BPGM,ZC3HAV1,0.27028948,0.7142857142857143,0.011612863279879093,0.19084762737188932,3.0034549337287744
BPGM_PLK4,BPGM,PLK4,0.2693763,0.7142857142857143,0.008744172751903534,0.1907437520563207,3.0018202011762476
CLDN6_ISL2,CLDN6,ISL2,0.33660316,0.5714285714285714,0.008860472589731216,0.19065536885749682,3.0004292750315438
MEIS1_S1PR2,MEIS1,S1PR2,0.33676383,0.5714285714285714,0.00972479023039341,0.190583093108259,2.999291839064293
BPGM_MAP2K6,BPGM,MAP2K6,0.26854903,0.7142857142857143,0.007091314531862736,0.19047004915734475,2.997512815574313
DUSP9_SLC6A9,DUSP9,SLC6A9,0.44887424,0.42857142857142855,0.01148138102144003,0.19019101667916494,2.9931215559878015
BCL2L11_BPGM,BCL2L11,BPGM,0.26756552,0.7142857142857143,0.007246649824082851,0.18974322487684672,2.986074455028379
BPGM_FOXO4,BPGM,FOXO4,0.26721904,0.7142857142857143,0.007029008585959673,0.18953847302966953,2.9828521831350217
KLF1_S1PR2,KLF1,S1PR2,0.44934407,0.42857142857142855,0.016543567180633545,0.18944198329353956,2.9813336807673236
PTPN12_TBX2,PTPN12,TBX2,0.44836035,0.42857142857142855,0.0151313291862607,0.1892902246033289,2.9789453860155044
CBL_LYL1,CBL,LYL1,0.33479804,0.5714285714285714,0.01086739357560873,0.189256440350749,2.9784137080403017
CEBPB_CNN1,CEBPB,CNN1,0.33729613,0.5714285714285714,0.019629724323749542,0.18903003720813066,2.974850699974271
BPGM_PTPN13,BPGM,PTPN13,0.26626518,0.7142857142857143,0.007079653441905975,0.1888524073239128,2.9720552586084104
CNNM4_ZBTB25,CNNM4,ZBTB25,0.33343503,0.5714285714285714,0.009756495244801044,0.18869331671923312,2.969551578221522
HNF4A_ZBTB1,HNF4A,ZBTB1,0.44689608,0.42857142857142855,0.015060457400977612,0.1886852043191816,2.969423909733867
KMT2A_SAMD1,KMT2A,SAMD1,0.33233988,0.5714285714285714,0.007255383301526308,0.18854057038008806,2.967147740394289
DUSP9_FEV,DUSP9,FEV,0.44261587,0.42857142857142855,0.008925878442823887,0.1880143213058306,2.9588659220651103
CELF2_DUSP9,CELF2,DUSP9,0.44156513,0.42857142857142855,0.006821368355304003,0.18796005218254447,2.958011864467814
CDKN1A_ZBTB1,CDKN1A,ZBTB1,0.2659372,0.7142857142857143,0.011139091104269028,0.18786253152436683,2.9564771380162598
DUSP9_RHOXF2,DUSP9,RHOXF2,0.44068235,0.42857142857142855,0.006647926289588213,0.18761660361526405,2.952606859920022
FOXA3_ZBTB1,FOXA3,ZBTB1,0.33134976,0.5714285714285714,0.011201787739992142,0.187245238748196,2.946762524008863
PTPN9_SLC6A9,PTPN9,SLC6A9,0.32997954,0.5714285714285714,0.008760493248701096,0.18692220580234564,2.9416788092761634
S1PR2_SAMD1,S1PR2,SAMD1,0.44135427,0.42857142857142855,0.012039936147630215,0.1869015493159524,2.941353728860831
LYL1_PTPN12,LYL1,PTPN12,0.33093858,0.5714285714285714,0.01184337679296732,0.18689429905411745,2.9412396282299826
BPGM_MAP4K3,BPGM,MAP4K3,0.2629876,0.7142857142857143,0.007026985287666321,0.18653749922164184,2.935624508817918
SAMD1_UBASH3A,SAMD1,UBASH3A,0.32849494,0.5714285714285714,0.006422421894967556,0.18651352359254225,2.9352471935612385
CLDN6_HOXB9,CLDN6,HOXB9,0.44080505,0.42857142857142855,0.014970093034207821,0.18613006465161916,2.92921252777127
CKS1B_PTPN12,CKS1B,PTPN12,0.4387708,0.42857142857142855,0.01067931018769741,0.18605766144729263,2.928073085985973
CEBPE_CLDN6,CEBPE,CLDN6,0.32938567,0.5714285714285714,0.011734460480511189,0.18603733399311354,2.927753183698556
BPGM_FOXF1,BPGM,FOXF1,0.26204866,0.7142857142857143,0.007013576105237007,0.18587397424197943,2.9251823178341336
BPGM_SET,BPGM,SET,0.4414096,0.42857142857142855,0.017879890277981758,0.18585251507687034,2.924844605302895
ATL1_PTPN9,ATL1,PTPN9,0.43745005,0.42857142857142855,0.009783788584172726,0.18566211454081852,2.9218481864463213
ELMSAN1_IER5L,ELMSAN1,IER5L,0.26237833,0.7142857142857143,0.011206870898604393,0.1853360591402763,2.9167169059849765
DUSP9_GLB1L2,DUSP9,GLB1L2,0.4338091,0.42857142857142855,0.006249092519283295,0.18476358167601534,2.9077075706939874
DUSP9_EGR1,DUSP9,EGR1,0.43610454,0.42857142857142855,0.012871631421148777,0.18452678328247993,2.9039809678896615
ATL1_RREB1,ATL1,RREB1,0.4349618,0.42857142857142855,0.01089328434318304,0.18440343910689833,2.90203984513221
BCL2L11_DUSP9,BCL2L11,DUSP9,0.4327388,0.42857142857142855,0.00634638499468565,0.1842899155783861,2.90025327431391
CBFA2T3_TP73,CBFA2T3,TP73,0.65324867,0.2857142857142857,0.0154790747910738,0.18379746183245166,2.8925033082638847
BPGM_LYL1,BPGM,LYL1,0.32568535,0.5714285714285714,0.012692791409790516,0.18377331907262395,2.8921233627957807
DUSP9_FOXO4,DUSP9,FOXO4,0.42975876,0.42857142857142855,0.006147733423858881,0.18305693931548472,2.8808493724107156
IER5L_IGDCC3,IER5L,IGDCC3,0.43160212,0.42857142857142855,0.011925945989787579,0.18279236543651928,2.876685654301891
CBL_TMSB4X,CBL,TMSB4X,0.25898248,0.7142857142857143,0.012624776922166348,0.1826811763099904,2.8749358210173543
DUSP9_FOXF1,DUSP9,FOXF1,0.4288068,0.42857142857142855,0.006118362303823233,0.1826567874135463,2.8745520019866335
TBX2_ZBTB25,TBX2,ZBTB25,0.43166918,0.42857142857142855,0.01338692381978035,0.18255719599229026,2.8729846870053177
DUSP9_KIF2C,DUSP9,KIF2C,0.42972943,0.42857142857142855,0.009897449053823948,0.18236481009753486,2.8699570236660352
DUSP9_MAP2K6,DUSP9,MAP2K6,0.42809397,0.42857142857142855,0.006152294110506773,0.18234699188515485,2.869676610445185
SAMD1_ZNF318,SAMD1,ZNF318,0.32106644,0.5714285714285714,0.0066371457651257515,0.18225687123705472,2.8682583412799114
CKS1B_KLF1,CKS1B,KLF1,0.32351393,0.5714285714285714,0.014885691925883293,0.18215361741119232,2.866633389390368
CDKN1C_SAMD1,CDKN1C,SAMD1,0.4291426,0.42857142857142855,0.0104386480525136,0.18201823046904803,2.864502744200039
MAP2K3_PTPN1,MAP2K3,PTPN1,0.3221431,0.5714285714285714,0.011364378035068512,0.1820133077646714,2.8644252733875857
DUSP9_MAP4K3,DUSP9,MAP4K3,0.42723778,0.42857142857142855,0.0062101841904222965,0.18197182668257098,2.86377246694505
DUSP9_PTPN13,DUSP9,PTPN13,0.4269332,0.42857142857142855,0.006157655268907547,0.181851591660134,2.8618802743287826
BPGM_MAP2K3,BPGM,MAP2K3,0.25700355,0.7142857142857143,0.011500891298055649,0.18148670242134413,2.8561378482918456
KIF2C_KLF1,KIF2C,KLF1,0.32061592,0.5714285714285714,0.00993172638118267,0.1814074069530392,2.854889939848956
ATL1_LYL1,ATL1,LYL1,0.4287066,0.42857142857142855,0.012851455248892307,0.18140013839397187,2.854775551266334
DUSP9_SLC4A1,DUSP9,SLC4A1,0.42628717,0.42857142857142855,0.008612807840108871,0.18113442722431175,2.850593935102422
CDKN1C_IGDCC3,CDKN1C,IGDCC3,0.42693928,0.42857142857142855,0.01149938814342022,0.1808938085291328,2.846807210493191
LYL1_ZBTB1,LYL1,ZBTB1,0.32054552,0.5714285714285714,0.012998107820749283,0.18081857177027852,2.8456231757860766
KLF1_LHX1,KLF1,LHX1,0.32160038,0.5714285714285714,0.017596647143363953,0.18059379896317224,2.8420858250431413
ARRDC3_IGDCC3,ARRDC3,IGDCC3,0.31859446,0.5714285714285714,0.008485546335577965,0.18052214566493036,2.840958184867122
CNN1_SPI1,CNN1,SPI1,0.31849742,0.5714285714285714,0.008542906492948532,0.18045689893343267,2.839931367712908
CNNM4_UBASH3B,CNNM4,UBASH3B,0.31855592,0.5714285714285714,0.008792145177721977,0.18044545242343163,2.8397512288376703
DUSP9_KIF18B,DUSP9,KIF18B,0.42339185,0.42857142857142855,0.006692111026495695,0.1802474137815494,2.8366346056748837
BPGM_MAML2,BPGM,MAML2,0.25490505,0.7142857142857143,0.01037810742855072,0.18020484690573899,2.8359647116084665
ATL1_HK2,ATL1,HK2,0.42476547,0.42857142857142855,0.01027393527328968,0.1801910718667044,2.8357479276247175
ISL2_ZBTB1,ISL2,ZBTB1,0.254554,0.7142857142857143,0.01083527971059084,0.1798752891272094,2.830778312649759
BPGM_HOXC13,BPGM,HOXC13,0.25336412,0.7142857142857143,0.006871737074106932,0.1797392476861781,2.8286373673161247
DUSP9_HOXC13,DUSP9,HOXC13,0.42160466,0.42857142857142855,0.006035341415554285,0.17960374286385714,2.8265048669924457
CLDN6_JUN,CLDN6,JUN,0.31736913,0.5714285714285714,0.010022691451013088,0.1795541743313775,2.825724784706468
BAK1_CNN1,BAK1,CNN1,0.31684554,0.5714285714285714,0.008569266647100449,0.1795162693529899,2.8251282570161904
LYL1_ZBTB25,LYL1,ZBTB25,0.3173081,0.5714285714285714,0.010928989388048649,0.1793587038166333,2.8226485773153067
TBX2_TP73,TBX2,TP73,0.640479,0.2857142857142857,0.021001247689127922,0.17922995537806394,2.8206224052409876
BCORL1_ZBTB1,BCORL1,ZBTB1,0.25368622,0.7142857142857143,0.011105326004326344,0.17921421023771067,2.8203746168868564
DUSP9_PLK4,DUSP9,PLK4,0.4205993,0.42857142857142855,0.007885046303272247,0.1788466338353927,2.8145899017490943
BPGM_MAPK1,BPGM,MAPK1,0.25208056,0.7142857142857143,0.007031426299363375,0.1788003213825602,2.8138610618527418
FEV_PTPN12,FEV,PTPN12,0.2522292,0.7142857142857143,0.009349404834210873,0.178494902973118,2.8090545550005332
CLDN6_FOXA1,CLDN6,FOXA1,0.42042947,0.42857142857142855,0.010177234187722206,0.17836875716721085,2.80706934172679
DUSP9_MAP7D1,DUSP9,MAP7D1,0.418555,0.42857142857142855,0.006120676640421152,0.17828945851191916,2.805821383128857
DLX2_DUSP9,DLX2,DUSP9,0.41927117,0.42857142857142855,0.007877064868807793,0.17828329566912673,2.8057243957004796
FOXA3_KLF1,FOXA3,KLF1,0.31513724,0.5714285714285714,0.010202217847108841,0.17825977624955913,2.8053542600183574
CDKN1B_IGDCC3,CDKN1B,IGDCC3,0.4196659,0.42857142857142855,0.01033980492502451,0.17801616310839163,2.801520410466039
MAP2K3_ZBTB1,MAP2K3,ZBTB1,0.2520841,0.7142857142857143,0.012414485216140747,0.1778521331839953,2.7989389977836203
ELMSAN1_PTPN12,ELMSAN1,PTPN12,0.31370002,0.5714285714285714,0.009713085368275642,0.17753276357643782,2.7939129346529934
EGR1_UBASH3B,EGR1,UBASH3B,0.25068966,0.7142857142857143,0.010306259617209435,0.17723738516771026,2.7892644318068927
BAK1_PTPN1,BAK1,PTPN1,0.3126973,0.5714285714285714,0.009007241576910019,0.17708908235414944,2.786930523739976
DUSP9_STIL,DUSP9,STIL,0.41587952,0.42857142857142855,0.007383381947875023,0.1769277538704188,2.7843916248441176
CBL_IER5L,CBL,IER5L,0.41673163,0.42857142857142855,0.010653870180249214,0.17671655298382255,2.7810678615173705
IGDCC3_NCL,IGDCC3,NCL,0.3122877,0.5714285714285714,0.010658996179699898,0.1765680691994094,2.7787311054307704
IGDCC3_UBASH3B,IGDCC3,UBASH3B,0.41552514,0.42857142857142855,0.009141000919044018,0.17646909797528645,2.777173550770633
BCORL1_DUSP9,BCORL1,DUSP9,0.4154861,0.42857142857142855,0.009641001001000404,0.17636513385474287,2.7755374206542816
ARRDC3_ZBTB25,ARRDC3,ZBTB25,0.31020004,0.5714285714285714,0.006191120948642492,0.17616649510573168,2.7724113533357455
DUSP9_IRF1,DUSP9,IRF1,0.41329843,0.42857142857142855,0.00634903647005558,0.17601040128255832,2.7699548346470375
BPGM_MAP7D1,BPGM,MAP7D1,0.24795881,0.7142857142857143,0.00699009420350194,0.17588398944300876,2.767965434682232
CLDN6_RUNX1T1,CLDN6,RUNX1T1,0.3105851,0.5714285714285714,0.010133590549230576,0.17569676740097706,2.765019037215382
AHR_PTPN12,AHR,PTPN12,0.31097835,0.5714285714285714,0.011508958414196968,0.1756800219466559,2.76475550647051
BPGM_SLC4A1,BPGM,SLC4A1,0.2481556,0.7142857142857143,0.009307132102549076,0.17561948190503596,2.7638027606114415
EGR1_SAMD1,EGR1,SAMD1,0.31005102,0.5714285714285714,0.011377507820725441,0.17517891422487375,2.756869348910985
CEBPB_PTPN1,CEBPB,PTPN1,0.41641408,0.42857142857142855,0.019371766597032547,0.17507172934299584,2.7551825322251795
ATL1_KMT2A,ATL1,KMT2A,0.41199616,0.42857142857142855,0.009216954000294209,0.1749572085895173,2.753380267629145
CLDN6_FOXA3,CLDN6,FOXA3,0.41182974,0.42857142857142855,0.010133696720004082,0.17472782116987576,2.749770294653609
ARID1A_KLF1,ARID1A,KLF1,0.3103491,0.5714285714285714,0.017084361985325813,0.17436345829779026,2.744036152286199
RUNX1T1_TP73,RUNX1T1,TP73,0.6174035,0.2857142857142857,0.012304936535656452,0.17425678340576048,2.7423573615399697
CBL_TBX2,CBL,TBX2,0.41005215,0.42857142857142855,0.012519949115812778,0.17356362813083176,2.7314488652752082
CDKN1C_KMT2A,CDKN1C,KMT2A,0.30611798,0.5714285714285714,0.008466370403766632,0.1734560180579515,2.7297553571673956
IGDCC3_SGK1,IGDCC3,SGK1,0.409778,0.42857142857142855,0.012798754498362541,0.17339984040866369,2.728871264238171
CDKN1C_S1PR2,CDKN1C,S1PR2,0.40982208,0.42857142857142855,0.013038710691034794,0.1733774148583313,2.7285183432681026
DUSP9_FOSB,DUSP9,FOSB,0.40711778,0.42857142857142855,0.0065205954015254974,0.17334871347176914,2.7280666566411216
ARID1A_S1PR2,ARID1A,S1PR2,0.41117117,0.42857142857142855,0.016578806564211845,0.17334240469837867,2.7279673726372997
ATL1_TGFBR2,ATL1,TGFBR2,0.40863627,0.42857142857142855,0.010317761451005936,0.173341336279915,2.727950558455482
SAMD1_TBX2,SAMD1,TBX2,0.40953222,0.42857142857142855,0.01361689530313015,0.1731559616159305,2.7250332340077037
AHR_ATL1,AHR,ATL1,0.4092997,0.42857142857142855,0.013344278559088707,0.17310420700719803,2.724218748456684
IER5L_ZBTB25,IER5L,ZBTB25,0.40836567,0.42857142857142855,0.01139761134982109,0.17304159636568664,2.7232334166360017
DUSP9_MAML2,DUSP9,MAML2,0.40687287,0.42857142857142855,0.010268459096550941,0.17260173268418272,2.7163110840790097
BPGM_IRF1,BPGM,IRF1,0.24258035,0.7142857142857143,0.007106862496584654,0.17204895332724668,2.707611746760984
CDKN1B_CNNM4,CDKN1B,CNNM4,0.30386078,0.5714285714285714,0.01006153505295515,0.17190510424045438,2.7053479289950086
CLDN6_CSRNP1,CLDN6,CSRNP1,0.30393866,0.5714285714285714,0.010896715335547924,0.17180709954102635,2.7038055849686295
ATL1_UBASH3A,ATL1,UBASH3A,0.40349925,0.42857142857142855,0.009253076277673244,0.1713428001337108,2.6964986964061017
HOXB9_S1PR2,HOXB9,S1PR2,0.40514684,0.42857142857142855,0.014404501765966415,0.17116875813593707,2.6937597192226392
CEBPE_ZBTB1,CEBPE,ZBTB1,0.24242297,0.7142857142857143,0.012003036215901375,0.17110547771791645,2.6927638468278405
CNNM4_SLC6A9,CNNM4,SLC6A9,0.3027579,0.5714285714285714,0.011255268938839436,0.17107896822138283,2.6923466549599038
HOXA13_HOXB9,HOXA13,HOXB9,0.60594827,0.2857142857142857,0.012521274387836456,0.1709871005591802,2.6909008922480893
TBX2_UBASH3B,TBX2,UBASH3B,0.40320015,0.42857142857142855,0.012424043379724026,0.17067953415059597,2.686060581367454
ARRDC3_CBL,ARRDC3,CBL,0.2996322,0.5714285714285714,0.005495215300470591,0.1702826553799059,2.679814721681714
CLDN6_SLC38A2,CLDN6,SLC38A2,0.30118313,0.5714285714285714,0.010835702531039715,0.1702597640253862,2.679454470141683
ETS2_TP73,ETS2,TP73,0.6078959,0.2857142857142857,0.020139282569289207,0.1702557179135864,2.679390794660804
ATL1_MAP4K5,ATL1,MAP4K5,0.4005481,0.42857142857142855,0.009415309876203537,0.17006228254225159,2.6763466152366546
DUSP9_SPI1,DUSP9,SPI1,0.4001904,0.42857142857142855,0.009296327829360962,0.16993044784784464,2.6742718733663686
BPGM_FOSB,BPGM,FOSB,0.23911689,0.7142857142857143,0.007299116346985102,0.16956014095946126,2.66844418734153
TBX3_ZBTB1,TBX3,ZBTB1,0.40273902,0.42857142857142855,0.019627820700407028,0.1692798419855268,2.664032996341801
BPGM_TBX2,BPGM,TBX2,0.4009027,0.42857142857142855,0.015402175486087799,0.1692092474075312,2.6629220177223902
ATL1_CNNM4,ATL1,CNNM4,0.39976352,0.42857142857142855,0.012941615656018257,0.1691383019036167,2.661805516423987
FOXA1_ZBTB1,FOXA1,ZBTB1,0.29897332,0.5714285714285714,0.010729711502790451,0.16902827362514342,2.66007395192732
CBL_S1PR2,CBL,S1PR2,0.39828056,0.42857142857142855,0.010440642945468426,0.1689279525511783,2.658495154073206
IER5L_UBASH3B,IER5L,UBASH3B,0.39786744,0.42857142857142855,0.010094013065099716,0.16881064083334388,2.656648966816042
AHR_ELMSAN1,AHR,ELMSAN1,0.23878989,0.7142857142857143,0.01047220453619957,0.16879653263961863,2.6564269398271105
CNNM4_RREB1,CNNM4,RREB1,0.29829258,0.5714285714285714,0.010172305628657341,0.16873646242872972,2.6554815879055336
CKS1B_UBASH3B,CKS1B,UBASH3B,0.39683938,0.42857142857142855,0.009131435304880142,0.16853505317855924,2.6523119199643945
ATL1_ZNF318,ATL1,ZNF318,0.39674747,0.42857142857142855,0.009227736853063107,0.16847994139381492,2.6514446010247967
EGR1_IGDCC3,EGR1,IGDCC3,0.29845053,0.5714285714285714,0.012513910420238972,0.1684353745683934,2.6507432328519975
BAK1_DUSP9,BAK1,DUSP9,0.39546406,0.42857142857142855,0.008786643855273724,0.1680083685964665,2.64402324785257
TGFBR2_ZBTB25,TGFBR2,ZBTB25,0.29577616,0.5714285714285714,0.007837118580937386,0.16770065781360968,2.6391806648890834
HK2_RREB1,HK2,RREB1,0.29584414,0.5714285714285714,0.008443941362202168,0.16763826527147757,2.6381987653964094
SGK1_UBASH3B,SGK1,UBASH3B,0.39500174,0.42857142857142855,0.01047784648835659,0.16753109459319807,2.6365121722390183
FEV_SAMD1,FEV,SAMD1,0.29586414,0.5714285714285714,0.01003183238208294,0.16738603140523023,2.634229247616878
ZBTB1_ZC3HAV1,ZBTB1,ZC3HAV1,0.23705593,0.7142857142857143,0.013129642233252525,0.16713128848691988,2.630220243756742
KLF1_SNAI1,KLF1,SNAI1,0.2967785,0.5714285714285714,0.015389860607683659,0.16701734073845975,2.628426996798356
JUN_ZBTB1,JUN,ZBTB1,0.2362747,0.7142857142857143,0.010489107109606266,0.1670157993467413,2.628402739223738
ATL1_SLC6A9,ATL1,SLC6A9,0.39392552,0.42857142857142855,0.011091001331806183,0.16697332059213796,2.6277342319603836
CNN1_TBX3,CNN1,TBX3,0.39757407,0.42857142857142855,0.02069230191409588,0.1669346242616267,2.627125250405875
CBL_MAP4K5,CBL,MAP4K5,0.29392302,0.5714285714285714,0.006324698217213154,0.1669004168669063,2.626586913252525
MAML2_ZBTB1,MAML2,ZBTB1,0.23603502,0.7142857142857143,0.010421596467494965,0.1668575205103296,2.625911833999125
CDKN1B_SGK1,CDKN1B,SGK1,0.39342096,0.42857142857142855,0.01098229642957449,0.16677738608516865,2.6246507225149247
DUSP9_TMSB4X,DUSP9,TMSB4X,0.39705494,0.42857142857142855,0.020511779934167862,0.16674614286781508,2.6241590339537497
SET_TP73,SET,TP73,0.5980078,0.2857142857142857,0.02532741241157055,0.16663884028123566,2.6224703648961256
CSRNP1_TP73,CSRNP1,TP73,0.59011114,0.2857142857142857,0.012793226167559624,0.16647344935055383,2.619867533445765
SGK1_ZBTB25,SGK1,ZBTB25,0.39226013,0.42857142857142855,0.010539211332798004,0.16635820184811695,2.618053831674563
PLK4_PTPN12,PLK4,PTPN12,0.29306167,0.5714285714285714,0.007140583824366331,0.16627650220722676,2.616768087686574
S1PR2_ZBTB25,S1PR2,ZBTB25,0.39187428,0.42857142857142855,0.011242816224694252,0.1660789266710019,2.6136587526257697
CEBPE_DUSP9,CEBPE,DUSP9,0.39111578,0.42857142857142855,0.011039596982300282,0.1657907870893328,2.6091241704562975
CNNM4_ELMSAN1,CNNM4,ELMSAN1,0.23433027,0.7142857142857143,0.011226752772927284,0.16552050415959005,2.6048706064481024
CNN1_KIF18B,CNN1,KIF18B,0.38831893,0.42857142857142855,0.006281896494328976,0.16538347502628212,2.602714117356958
CLDN6_MIDN,CLDN6,MIDN,0.3903078,0.42857142857142855,0.014821549877524376,0.1648317158800408,2.594030835553411
IGDCC3_POU3F2,IGDCC3,POU3F2,0.38822705,0.42857142857142855,0.009637496434152126,0.16479481012054273,2.593450033020134
CDKN1B_IER5L,CDKN1B,IER5L,0.38788715,0.42857142857142855,0.010105873458087444,0.16457418414168598,2.589977942778138
DUSP9_SLC38A2,DUSP9,SLC38A2,0.38739702,0.42857142857142855,0.009723283350467682,0.1644285097467889,2.5876853993177
HNF4A_S1PR2,HNF4A,S1PR2,0.38962966,0.42857142857142855,0.01629563793540001,0.16430665904675418,2.585767780056526
CDKN1C_RREB1,CDKN1C,RREB1,0.38704702,0.42857142857142855,0.010846114717423916,0.16409747534942073,2.5824757621443126
CDKN1A_DUSP9,CDKN1A,DUSP9,0.38682416,0.42857142857142855,0.010623438283801079,0.16403912369937315,2.5815574559875105
CDKN1B_S1PR2,CDKN1B,S1PR2,0.38667876,0.42857142857142855,0.011469014920294285,0.1638403788009943,2.578429718148642
MAML2_PTPN12,MAML2,PTPN12,0.23123974,0.7142857142857143,0.008670791983604431,0.1637513858535014,2.5770291961149367
ARRDC3_UBASH3B,ARRDC3,UBASH3B,0.2876124,0.5714285714285714,0.0056342012248933315,0.16342915491211482,2.5719581028871357
KIF2C_ZBTB25,KIF2C,ZBTB25,0.288068,0.5714285714285714,0.008286229334771633,0.16325749467389616,2.5692566085248387
PTPN12_S1PR2,PTPN12,S1PR2,0.3848437,0.42857142857142855,0.012077584862709045,0.1629647961666584,2.564650280493601
MEIS1_SAMD1,MEIS1,SAMD1,0.28697821,0.5714285714285714,0.007462541107088327,0.16277285231514974,2.5616295737876738
ATL1_NCL,ATL1,NCL,0.3840899,0.42857142857142855,0.01211885642260313,0.16263895350610058,2.559522348017057
CITED1_ZBTB25,CITED1,ZBTB25,0.3844831,0.42857142857142855,0.013255822472274303,0.1626227723922611,2.5592676985521217
MAP4K5_ZBTB25,MAP4K5,ZBTB25,0.28578758,0.5714285714285714,0.0058489409275352955,0.16235757010472554,2.5550940908950417
CNNM4_SGK1,CNNM4,SGK1,0.28767172,0.5714285714285714,0.012737949378788471,0.16231626084098666,2.554443988435327
SAMD1_TBX3,SAMD1,TBX3,0.3850498,0.42857142857142855,0.017022721469402313,0.1622592447046851,2.5535466998589103
BAK1_ZBTB1,BAK1,ZBTB1,0.22884993,0.7142857142857143,0.010052230209112167,0.16183741062861737,2.546908107310354
CDKN1C_IER5L,CDKN1C,IER5L,0.3813541,0.42857142857142855,0.01103499811142683,0.16165362125968086,2.544015731363633
RREB1_S1PR2,RREB1,S1PR2,0.38051277,0.42857142857142855,0.012173796072602272,0.16111551570649882,2.535547322293909
RUNX1T1_ZBTB1,RUNX1T1,ZBTB1,0.22798486,0.7142857142857143,0.011162466369569302,0.16104862905109218,2.5344946969196873
ATL1_FEV,ATL1,FEV,0.37949437,0.42857142857142855,0.01078079640865326,0.16090575171972776,2.5322461721058667
CBL_KIF2C,CBL,KIF2C,0.28385624,0.5714285714285714,0.008408418856561184,0.16085106424693177,2.5313855307542075
KIF18B_PTPN1,KIF18B,PTPN1,0.37661928,0.42857142857142855,0.0059913648292422295,0.16044696628266103,2.5250260593727076
PTPN12_TBX3,PTPN12,TBX3,0.38056135,0.42857142857142855,0.018075887113809586,0.16020193018434048,2.521169816103786
CELF2_SAMD1,CELF2,SAMD1,0.28145927,0.5714285714285714,0.006254936568439007,0.15983411739582037,2.515381380850061
MAP4K5_SAMD1,MAP4K5,SAMD1,0.28126696,0.5714285714285714,0.006207884754985571,0.1597323755474974,2.5137802236309725
IGDCC3_PTPN9,IGDCC3,PTPN9,0.3761555,0.42857142857142855,0.009496590122580528,0.15969295955066368,2.5131599163639224
RREB1_SET,RREB1,SET,0.37851176,0.42857142857142855,0.015839306637644768,0.15968994625653124,2.51311249479912
FOXL2_HOXA13,FOXL2,HOXA13,0.5652245,0.2857142857142857,0.011388014070689678,0.1596743486459441,2.5128670281872605
FOXL2_KLF1,FOXL2,KLF1,0.2828126,0.5714285714285714,0.013372566550970078,0.15947461248418315,2.509723690390789
ELMSAN1_ZBTB25,ELMSAN1,ZBTB25,0.28155774,0.5714285714285714,0.008883407339453697,0.1594734686642911,2.5097056895827867
CBL_ZC3HAV1,CBL,ZC3HAV1,0.22548188,0.7142857142857143,0.010000825859606266,0.1594637187545133,2.509552250868201
ARRDC3_ATL1,ARRDC3,ATL1,0.3751732,0.42857142857142855,0.009219544008374214,0.1593196643846848,2.5072852024707726
ARID1A_PRDM1,ARID1A,PRDM1,0.56727,0.2857142857142857,0.017628155648708344,0.1592695096951266,2.5064958955672623
S1PR2_TBX3,S1PR2,TBX3,0.37898645,0.42857142857142855,0.021281074732542038,0.15903825838772265,2.502856589751842
CDKN1B_TBX3,CDKN1B,TBX3,0.3771834,0.42857142857142855,0.01647343300282955,0.1590302575124838,2.5027306763803154
CELF2_CNN1,CELF2,CNN1,0.37321627,0.42857142857142855,0.005901711527258158,0.15901139123954974,2.5024337693592265
AHR_SAMD1,AHR,SAMD1,0.3740892,0.42857142857142855,0.011102112010121346,0.15856355729427127,2.495386005177087
ATL1_HOXA13,ATL1,HOXA13,0.5632468,0.2857142857142857,0.015430404804646969,0.15848220867844023,2.494105785428305
UBASH3B_ZNF318,UBASH3B,ZNF318,0.2789352,0.5714285714285714,0.006099711172282696,0.15842519152670378,2.4932084808715325
CBL_SGK1,CBL,SGK1,0.37321907,0.42857142857142855,0.010247970931231976,0.15832848549113915,2.491686574502364
PTPN9_SGK1,PTPN9,SGK1,0.37253612,0.42857142857142855,0.01016803365200758,0.1580512677333391,2.487323873986526
ATL1_CELF2,ATL1,CELF2,0.3718089,0.42857142857142855,0.008247108198702335,0.15804326574221136,2.4871979430537543
OSR2_TP73,OSR2,TP73,0.5650065,0.2857142857142857,0.02150779590010643,0.15803151738462023,2.4870130538672544
CNN1_PRTG,CNN1,PRTG,0.3713234,0.42857142857142855,0.00738544762134552,0.1579719096058136,2.486074979447306
BPGM_FOXA1,BPGM,FOXA1,0.27877465,0.5714285714285714,0.010426145978271961,0.15765605433729266,2.4811042230504508
DUSP9_RUNX1T1,DUSP9,RUNX1T1,0.37061316,0.42857142857142855,0.009501717984676361,0.1573392175904584,2.4761180206880207
HOXA13_IER5L,HOXA13,IER5L,0.55875206,0.2857142857142857,0.014916500076651573,0.1572971231466751,2.4754555614968607
BAK1_BPGM,BAK1,BPGM,0.22216976,0.7142857142857143,0.009373192675411701,0.15721903914622737,2.474226718468422
CSRNP1_DUSP9,CSRNP1,DUSP9,0.37085325,0.42857142857142855,0.011056821793317795,0.15719898395898826,2.4739111009682744
ATL1_RHOXF2,ATL1,RHOXF2,0.3696891,0.42857142857142855,0.007901052013039589,0.15719617354566057,2.4738668722299293
POU3F2_RREB1,POU3F2,RREB1,0.27702457,0.5714285714285714,0.009163339622318745,0.15686236947863577,2.46861364751967
BPGM_FOXA3,BPGM,FOXA3,0.27700993,0.5714285714285714,0.010034761391580105,0.15671875564547538,2.4663535320458907
CDKN1B_TGFBR2,CDKN1B,TGFBR2,0.27619997,0.5714285714285714,0.008971938863396645,0.15642511580661622,2.461732389855622
CITED1_HOXA13,CITED1,HOXA13,0.55544525,0.2857142857142857,0.014592955820262432,0.15641607114112413,2.461590049887501
MIDN_PRDM1,MIDN,PRDM1,0.5562749,0.2857142857142857,0.01722600869834423,0.15624421884136078,2.4588855329663075
MEIS1_PTPN12,MEIS1,PTPN12,0.27536604,0.5714285714285714,0.00799279473721981,0.1561043120385836,2.456683756696674
CNNM4_IGDCC3,CNNM4,IGDCC3,0.36853543,0.42857142857142855,0.012115427292883396,0.15605310533672412,2.4558778938025014
CLDN6_HOXA13,CLDN6,HOXA13,0.55531514,0.2857142857142857,0.017462654039263725,0.15593836988369847,2.4540722503831467
AHR_IGDCC3,AHR,IGDCC3,0.3683966,0.42857142857142855,0.012903837487101555,0.15587290283105013,2.4530419659359097
IER5L_PTPN9,IER5L,PTPN9,0.3670755,0.42857142857142855,0.010093115270137787,0.1557461092263319,2.4510465579609697
HNF4A_PTPN1,HNF4A,PTPN1,0.55322975,0.2857142857142857,0.014929022639989853,0.15574058786711742,2.4509596658481256
S1PR2_UBASH3B,S1PR2,UBASH3B,0.3670424,0.42857142857142855,0.010308693163096905,0.15569883102184054,2.450302519596476
PTPN12_ZC3HAV1,PTPN12,ZC3HAV1,0.27456728,0.5714285714285714,0.010554767213761806,0.1552568861310646,2.443347434113276
ATL1_MAP2K3,ATL1,MAP2K3,0.27459776,0.5714285714285714,0.011280873790383339,0.15516263787384663,2.4418642069071814
ATL1_GLB1L2,ATL1,GLB1L2,0.36472306,0.42857142857142855,0.007474756333976984,0.15515017165235012,2.441668020373588
PTPN1_RHOXF2,PTPN1,RHOXF2,0.36377922,0.42857142857142855,0.00557085033506155,0.15504166480599954,2.439960399338405
S1PR2_SET,S1PR2,SET,0.36846927,0.42857142857142855,0.018766243010759354,0.15500651075810873,2.439407164278414
HK2_SLC6A9,HK2,SLC6A9,0.2737389,0.5714285714285714,0.009470457211136818,0.15495473121199743,2.4385922862766503
CNN1_GLB1L2,CNN1,GLB1L2,0.36300296,0.42857142857142855,0.00478329649195075,0.15483208761001233,2.436662188760925
DUSP9_HOXA13,DUSP9,HOXA13,0.5508459,0.2857142857142857,0.018393157050013542,0.15454203298493158,2.4320974686921137
KMT2A_RREB1,KMT2A,RREB1,0.27236414,0.5714285714285714,0.008637386374175549,0.1543038690394389,2.428349375582565
CDKN1B_RREB1,CDKN1B,RREB1,0.36331534,0.42857142857142855,0.009767250157892704,0.15420046145711933,2.4267220039585125
TGFBR2_UBASH3B,TGFBR2,UBASH3B,0.27144197,0.5714285714285714,0.007997563108801842,0.15387903771064018,2.4216636139199545
CDKN1C_PTPN9,CDKN1C,PTPN9,0.36198407,0.42857142857142855,0.008965888991951942,0.15375745945077401,2.4197502821722265
CBL_CITED1,CBL,CITED1,0.3626175,0.42857142857142855,0.012020359747111797,0.15356163081529609,2.4166684388740363
ATL1_MAP4K3,ATL1,MAP4K3,0.36024898,0.42857142857142855,0.0073365881107747555,0.15326795737175858,2.4120467678318334
SAMD1_SLC6A9,SAMD1,SLC6A9,0.35973367,0.42857142857142855,0.009132490493357182,0.15277634474823512,2.4043100389034318
ATL1_BCL2L11,ATL1,BCL2L11,0.35871968,0.42857142857142855,0.007581835612654686,0.15258016657343884,2.4012226947478053
MAPK1_PTPN1,MAPK1,PTPN1,0.3575878,0.42857142857142855,0.005286678206175566,0.15244598754760802,2.3991110590796856
SAMD1_TMSB4X,SAMD1,TMSB4X,0.27065155,0.5714285714285714,0.014682544395327568,0.15242011298204364,2.398703859405932
FOXA1_PTPN1,FOXA1,PTPN1,0.35937935,0.42857142857142855,0.010580876842141151,0.15240712094021,2.3984993978012388
ATL1_MAP2K6,ATL1,MAP2K6,0.35820654,0.42857142857142855,0.007420287001878023,0.15238633835402451,2.39817233289677
CNNM4_IER5L,CNNM4,IER5L,0.36009952,0.42857142857142855,0.01317676343023777,0.15232126624905645,2.3971482639187807
EGR1_S1PR2,EGR1,S1PR2,0.3599616,0.42857142857142855,0.013107538223266602,0.15227332829113577,2.396393842717886
ELMSAN1_SAMD1,ELMSAN1,SAMD1,0.26876423,0.5714285714285714,0.0089045325294137,0.1522240744225207,2.3956187124386457
FOXA3_HOXA13,FOXA3,HOXA13,0.53810567,0.2857142857142857,0.010001962073147297,0.15222195793218227,2.395585404278431
CNN1_JUN,CNN1,JUN,0.26851255,0.5714285714285714,0.008853754960000515,0.1520891808130958,2.3934958310471663
GLB1L2_PTPN1,GLB1L2,PTPN1,0.35651988,0.42857142857142855,0.005164992995560169,0.15200910741520227,2.3922356799765163
PTPN12_STIL,PTPN12,STIL,0.26778415,0.5714285714285714,0.007257835473865271,0.15191692535276055,2.390784969406757
BPGM_TBX3,BPGM,TBX3,0.36084563,0.42857142857142855,0.01802331581711769,0.15191019966721772,2.3906791242689134
ATL1_PTPN13,ATL1,PTPN13,0.3569166,0.42857142857142855,0.007428210694342852,0.15183638722160964,2.3895175046198505
NIT1_ZBTB1,NIT1,ZBTB1,0.2702605,0.5714285714285714,0.01835774816572666,0.15165061496070348,2.3865939230105218
PTPN12_RHOXF2,PTPN12,RHOXF2,0.26661193,0.5714285714285714,0.00483515951782465,0.15161658602569827,2.3860583943579607
ATL1_FOXO4,ATL1,FOXO4,0.35627523,0.42857142857142855,0.007328534033149481,0.1515785361021093,2.385459585599869
HK2_IGDCC3,HK2,IGDCC3,0.3566743,0.42857142857142855,0.00932878628373146,0.1514475978175868,2.383398950935039
MAP4K5_UBASH3B,MAP4K5,UBASH3B,0.26600376,0.5714285714285714,0.005667949561029673,0.1511454624085329,2.378644110136265
CDKN1B_KMT2A,CDKN1B,KMT2A,0.2665862,0.5714285714285714,0.008025913499295712,0.15112208680573289,2.3782762377632864
RREB1_SAMD1,RREB1,SAMD1,0.35552007,0.42857142857142855,0.008253910578787327,0.15111842613777388,2.378218628185459
ATL1_FOXF1,ATL1,FOXF1,0.35515222,0.42857142857142855,0.007294829003512859,0.15110580309097865,2.378019973621617
KLF1_ZBTB10,KLF1,ZBTB10,0.35890076,0.42857142857142855,0.01848113164305687,0.15102352393461374,2.376725109538001
CNN1_MAP2K6,CNN1,MAP2K6,0.35380322,0.42857142857142855,0.004700613208115101,0.15092053127632446,2.37510426776
KIF18B_PTPN12,KIF18B,PTPN12,0.2650838,0.5714285714285714,0.005080776754766703,0.15071072378671294,2.3718024329481944
CNN1_FOXO4,CNN1,FOXO4,0.35326016,0.42857142857142855,0.0046788593754172325,0.1506921438609627,2.371510032301504
CNN1_STIL,CNN1,STIL,0.35414353,0.42857142857142855,0.007465449161827564,0.15065112034718414,2.3708644268174126
CDKN1B_ZNF318,CDKN1B,ZNF318,0.26545557,0.5714285714285714,0.007176567800343037,0.1506080504275299,2.3701866161238128
ELMSAN1_KLF1,ELMSAN1,KLF1,0.35490552,0.42857142857142855,0.010538863949477673,0.1505160953104006,2.3687394770944894
ATL1_EGR1,ATL1,EGR1,0.35480094,0.42857142857142855,0.01286357082426548,0.15012638415057525,2.3626064173241117
ATL1_KIF18B,ATL1,KIF18B,0.35194826,0.42857142857142855,0.008086929097771645,0.14962496264766287,2.354715321649837
FOXA3_S1PR2,FOXA3,S1PR2,0.35325554,0.42857142857142855,0.011862303130328655,0.14962038907567346,2.354643345290762
RREB1_TGFBR2,RREB1,TGFBR2,0.2637683,0.5714285714285714,0.008680841885507107,0.1494275774060178,2.3516089813404086
CNN1_FOXF1,CNN1,FOXF1,0.35016897,0.42857142857142855,0.004625295754522085,0.14938148354726194,2.3508835815573392
MAP2K6_PTPN1,MAP2K6,PTPN1,0.34904575,0.42857142857142855,0.005066886078566313,0.1488368976008566,2.3423131876253085
MAP2K3_PTPN12,MAP2K3,PTPN12,0.26296762,0.5714285714285714,0.010332637466490269,0.1487304316945832,2.340637685781905
EGR1_KLF1,EGR1,KLF1,0.3512645,0.42857142857142855,0.012420836836099625,0.14869501487268727,2.3400803153292298
CNNM4_KMT2A,CNNM4,KMT2A,0.26254088,0.5714285714285714,0.00898846983909607,0.1486868905773689,2.3399524596404104
CNN1_PTPN13,CNN1,PTPN13,0.34844017,0.42857142857142855,0.004684458952397108,0.14863522593725348,2.3391393899659754
HOXA13_POU3F2,HOXA13,POU3F2,0.5254605,0.2857142857142857,0.010783645324409008,0.1485298727164538,2.3374813989542327
FOXO4_PTPN1,FOXO4,PTPN1,0.3481585,0.42857142857142855,0.005082621704787016,0.1484562424538358,2.3363226464008107
CNNM4_S1PR2,CNNM4,S1PR2,0.3514679,0.42857142857142855,0.015152011066675186,0.14838083512780728,2.335135927401374
MAP7D1_PTPN1,MAP7D1,PTPN1,0.3479343,0.42857142857142855,0.00506250886246562,0.1483636103368923,2.334864853120973
CNN1_FEV,CNN1,FEV,0.3490482,0.42857142857142855,0.008605052717030048,0.1483158191019042,2.334112740964848
TMSB4X_UBASH3B,TMSB4X,UBASH3B,0.2625016,0.5714285714285714,0.011773369275033474,0.14825544668174082,2.3331626330400193
ARID1A_PTPN1,ARID1A,PTPN1,0.5272434,0.2857142857142857,0.016830891370773315,0.14814750986270686,2.331463982781052
AHR_HOXA13,AHR,HOXA13,0.5251551,0.2857142857142857,0.014028805308043957,0.14796850072545442,2.3286468354899528
PTPN9_S1PR2,PTPN9,S1PR2,0.34871602,0.42857142857142855,0.01016173418611288,0.1479463318098124,2.328297953295412
IGDCC3_MAML2,IGDCC3,MAML2,0.26133633,0.5714285714285714,0.009403146803379059,0.14794390550876219,2.3282597695047076
MAML2_ZBTB25,MAML2,ZBTB25,0.20873748,0.7142857142857143,0.008246734738349915,0.14787868206425867,2.327233318828393
BPGM_CDKN1A,BPGM,CDKN1A,0.2092671,0.7142857142857143,0.010968088172376156,0.14785481162604044,2.326857659007917
PTPN1_PTPN13,PTPN1,PTPN13,0.34641284,0.42857142857142855,0.0050568911246955395,0.14771566262185495,2.3246678085554935
CDKN1C_POU3F2,CDKN1C,POU3F2,0.34775975,0.42857142857142855,0.009372875094413757,0.14765593371872782,2.323727827947645
MAP4K3_PTPN1,MAP4K3,PTPN1,0.3461031,0.42857142857142855,0.005084364674985409,0.1475795525798693,2.3225257836177913
HNF4A_PRDM1,HNF4A,PRDM1,0.5255377,0.2857142857142857,0.017539318650960922,0.1475654396642329,2.322303682318021
CELF2_PTPN12,CELF2,PTPN12,0.25964722,0.5714285714285714,0.005561398342251778,0.1475492600032481,2.322049055717313
FOXF1_PTPN1,FOXF1,PTPN1,0.34583047,0.42857142857142855,0.00505827134475112,0.14746712995236752,2.3207565381737547
CNN1_HOXC13,CNN1,HOXC13,0.3455492,0.42857142857142855,0.00462226290255785,0.14741113953183288,2.319875391747613
CLDN6_NIT1,CLDN6,NIT1,0.3496537,0.42857142857142855,0.01734169013798237,0.14729719948830572,2.3180822660452214
BCL2L11_PTPN1,BCL2L11,PTPN1,0.34535253,0.42857142857142855,0.00557227898389101,0.14718805444585917,2.3163646014310877
HOXA13_SGK1,HOXA13,SGK1,0.52262735,0.2857142857142857,0.015982316806912422,0.14697312992351963,2.312982237574176
FOXA1_PTPN12,FOXA1,PTPN12,0.25899997,0.5714285714285714,0.008932830765843391,0.14668963122659892,2.3085206910949374
IER5L_SLC6A9,IER5L,SLC6A9,0.3459468,0.42857142857142855,0.010880510322749615,0.14666709662170346,2.308166053884169
CNN1_MAP7D1,CNN1,MAP7D1,0.34378257,0.42857142857142855,0.004684248007833958,0.14664845111573904,2.307872621172158
PTPN1_TBX2,PTPN1,TBX2,0.521278,0.2857142857142857,0.016349295154213905,0.14654074038891815,2.306177529028018
ATL1_KIF2C,ATL1,KIF2C,0.3453895,0.42857142857142855,0.01079991739243269,0.14644249826988318,2.3046314486225197
IGDCC3_KMT2A,IGDCC3,KMT2A,0.3446888,0.42857142857142855,0.009095552377402782,0.1463922542796398,2.3038407363539695
HOXC13_PTPN1,HOXC13,PTPN1,0.3431977,0.42857142857142855,0.005010862369090319,0.1463513833724708,2.303197532508718
CNN1_MAP4K3,CNN1,MAP4K3,0.34253675,0.42857142857142855,0.004656883422285318,0.1461209947571235,2.299571803266135
CBL_ELMSAN1,CBL,ELMSAN1,0.25770417,0.5714285714285714,0.008349929936230183,0.14604010028509412,2.2982987305825824
CELF2_KLF1,CELF2,KLF1,0.3427144,0.42857142857142855,0.005895079579204321,0.14601681884700177,2.297932340121953
MEIS1_ZBTB25,MEIS1,ZBTB25,0.25740573,0.5714285714285714,0.007520399056375027,0.14599107633400166,2.297527218618786
ATL1_ZC3HAV1,ATL1,ZC3HAV1,0.34471172,0.42857142857142855,0.012115143239498138,0.14596520531962046,2.297120074831599
ATL1_DLX2,ATL1,DLX2,0.34402186,0.42857142857142855,0.010386226698756218,0.14592235595272435,2.2964457350759337
TMSB4X_ZBTB25,TMSB4X,ZBTB25,0.25849077,0.5714285714285714,0.012495439499616623,0.1458861010816544,2.2958751758665463
ATL1_MAP7D1,ATL1,MAP7D1,0.34253737,0.42857142857142855,0.007159051019698381,0.14575824073419968,2.293862980081462
FOXA1_HOXA13,FOXA1,HOXA13,0.5151778,0.2857142857142857,0.009918826632201672,0.14574800405868116,2.2937018809155227
POU3F2_ZBTB25,POU3F2,ZBTB25,0.34246814,0.42857142857142855,0.008479473181068897,0.1455379757135926,2.290396570401759
FOXL2_PRDM1,FOXL2,PRDM1,0.5148778,0.2857142857142857,0.013770394027233124,0.1451097236913291,2.283656975747851
CNN1_CSRNP1,CNN1,CSRNP1,0.3419283,0.42857142857142855,0.010858752764761448,0.1449665455124317,2.2814037163611167
KLF1_MAP2K3,KLF1,MAP2K3,0.34191164,0.42857142857142855,0.010835222899913788,0.14496285673938408,2.2813456644808716
LYL1_TMSB4X,LYL1,TMSB4X,0.25736192,0.5714285714285714,0.014842699281871319,0.14491305267305327,2.2805618754927615
CKS1B_S1PR2,CKS1B,S1PR2,0.34239417,0.42857142857142855,0.014604652300477028,0.14462811656411995,2.2760777078142937
CDKN1C_LYL1,CDKN1C,LYL1,0.3414547,0.42857142857142855,0.012186495587229729,0.144575861700792,2.275255349531747
CEBPB_KLF1,CEBPB,KLF1,0.3436195,0.42857142857142855,0.01895000785589218,0.1445267157288089,2.274481917270324
AHR_CNNM4,AHR,CNNM4,0.34153125,0.42857142857142855,0.013708727434277534,0.14439111593368753,2.2723479223169765
FOXL2_S1PR2,FOXL2,S1PR2,0.34097242,0.42857142857142855,0.013157336041331291,0.14423331250479157,2.269864498794224
PRTG_PTPN1,PRTG,PTPN1,0.33946317,0.42857142857142855,0.009091392159461975,0.144173479930575,2.2689228866678217
IGDCC3_MAP4K5,IGDCC3,MAP4K5,0.3389152,0.42857142857142855,0.007519854698330164,0.14416526914124073,2.2687936697837796
HOXA13_PTPN1,HOXA13,PTPN1,0.5119771,0.2857142857142857,0.015724247321486473,0.14401464286072993,2.2664231962726378
CDKN1C_HK2,CDKN1C,HK2,0.33880666,0.42857142857142855,0.008890006691217422,0.14392337409126205,2.264986858605104
DLX2_SAMD1,DLX2,SAMD1,0.2540561,0.5714285714285714,0.008716925047338009,0.14392036897484126,2.264939565736627
CDKN1B_PTPN9,CDKN1B,PTPN9,0.33832145,0.42857142857142855,0.007473875302821398,0.14391927132917134,2.264922291593122
KIF2C_UBASH3B,KIF2C,UBASH3B,0.2537315,0.5714285714285714,0.008464076556265354,0.1437725207669802,2.262612812004038
GLB1L2_PTPN12,GLB1L2,PTPN12,0.25262305,0.5714285714285714,0.0041564651764929295,0.14375850216618033,2.2623921949792622
BPGM_STIL,BPGM,STIL,0.2533324,0.5714285714285714,0.008795168250799179,0.1434992747532064,2.2583126166099845
HK2_PTPN9,HK2,PTPN9,0.33698216,0.42857142857142855,0.0066314395517110825,0.14346951663293087,2.257844299689356
PRDM1_ZBTB10,PRDM1,ZBTB10,0.51158607,0.2857142857142857,0.019318660721182823,0.14339720660599342,2.256706324278532
HOXA13_SAMD1,HOXA13,SAMD1,0.50721014,0.2857142857142857,0.011685551144182682,0.14324330459802936,2.2542842991714047
HOXA13_IGDCC3,HOXA13,IGDCC3,0.5087446,0.2857142857142857,0.015331847593188286,0.14316068151678976,2.2529840225873765
ATL1_PLK4,ATL1,PLK4,0.3360917,0.42857142857142855,0.008951677940785885,0.14276134522205053,2.246699487740557
GLB1L2_KLF1,GLB1L2,KLF1,0.33485383,0.42857142857142855,0.005448914598673582,0.1427310540842897,2.2462227824840713
KLF1_RHOXF2,KLF1,RHOXF2,0.3347493,0.42857142857142855,0.005893818102777004,0.14262339417555359,2.244528490086984
FEV_KLF1,FEV,KLF1,0.33558485,0.42857142857142855,0.00871126540005207,0.14258002574889217,2.2438459816543777
CDKN1C_ELMSAN1,CDKN1C,ELMSAN1,0.25177976,0.5714285714285714,0.010737515985965729,0.1423457120078793,2.240158480944116
KLF1_MAML2,KLF1,MAML2,0.33481503,0.42857142857142855,0.008291887119412422,0.14231211769701319,2.239629792167077
CBL_POU3F2,CBL,POU3F2,0.3348189,0.42857142857142855,0.008409353904426098,0.142297186725011,2.239394816746408
IGDCC3_ZNF318,IGDCC3,ZNF318,0.33477527,0.42857142857142855,0.008417314849793911,0.14227752061218404,2.239085322285247
IGDCC3_UBASH3A,IGDCC3,UBASH3A,0.33435935,0.42857142857142855,0.008533104322850704,0.14208444198543368,2.2360467571110467
SLC6A9_TBX2,SLC6A9,TBX2,0.33626407,0.42857142857142855,0.014680881053209305,0.14202807719902127,2.2351597191207393
KLF1_MIDN,KLF1,MIDN,0.33636725,0.42857142857142855,0.015185041353106499,0.14200110006145047,2.2347351677755083
BCL2L11_KLF1,BCL2L11,KLF1,0.3330546,0.42857142857142855,0.00552599411457777,0.1419532537890801,2.233982189471349
RREB1_SGK1,RREB1,SGK1,0.33420423,0.42857142857142855,0.00989664439111948,0.1418267737404032,2.231991716068834
ELMSAN1_SLC6A9,ELMSAN1,SLC6A9,0.20036772,0.7142857142857143,0.01014500018209219,0.14168243095149272,2.2297201286906128
S1PR2_ZNF318,S1PR2,ZNF318,0.33352768,0.42857142857142855,0.009413906373083591,0.1416073576837671,2.2285386669169105
KLF1_PLK4,KLF1,PLK4,0.33302936,0.42857142857142855,0.00791499949991703,0.14160605652446065,2.22851818998779
PTPN1_ZC3HAV1,PTPN1,ZC3HAV1,0.33436033,0.42857142857142855,0.012153299525380135,0.14157666127130403,2.228055583670189
FOXF1_KLF1,FOXF1,KLF1,0.33186167,0.42857142857142855,0.005361917428672314,0.14146789289049036,2.2263438467495513
ATL1_FOSB,ATL1,FOSB,0.33251932,0.42857142857142855,0.007509737741202116,0.14144605832619064,2.2260002263924377
NCL_S1PR2,NCL,S1PR2,0.33368433,0.42857142857142855,0.011574940755963326,0.14137120463243777,2.2248222201530843
KLF1_MAP4K3,KLF1,MAP4K3,0.33101994,0.42857142857142855,0.005461867433041334,0.14109504527813013,2.2204761762089573
CITED1_RREB1,CITED1,RREB1,0.3337833,0.42857142857142855,0.013859651982784271,0.14109446498892078,2.220467043936721
SLC38A2_ZBTB1,SLC38A2,ZBTB1,0.19964807,0.7142857142857143,0.011845674365758896,0.14093627715108584,2.2179775707976317
FOXO4_KLF1,FOXO4,KLF1,0.33062217,0.42857142857142855,0.005448086187243462,0.140927429387914,2.2178383295698687
ELMSAN1_UBASH3B,ELMSAN1,UBASH3B,0.24858466,0.5714285714285714,0.00817997194826603,0.1408958518315259,2.2173413793649592
KLF1_PTPN13,KLF1,PTPN13,0.33044258,0.42857142857142855,0.005426343996077776,0.1408539256890756,2.21668156880756
MAP4K5_S1PR2,MAP4K5,S1PR2,0.3314329,0.42857142857142855,0.009505235590040684,0.14070523874557989,2.2143416155151194
ELMSAN1_S1PR2,ELMSAN1,S1PR2,0.3320472,0.42857142857142855,0.012454072944819927,0.1405554525310197,2.2119843624996096
KLF1_ZC3HAV1,KLF1,ZC3HAV1,0.3312676,0.42857142857142855,0.010420934297144413,0.14050760602273277,2.2112313804827255
CDKN1C_SLC6A9,CDKN1C,SLC6A9,0.33105353,0.42857142857142855,0.010164053179323673,0.14045251539694717,2.210364394531176
IER5L_KMT2A,IER5L,KMT2A,0.3307512,0.42857142857142855,0.009692703373730183,0.14038976244072196,2.209376823039845
EGR1_RREB1,EGR1,RREB1,0.24799438,0.5714285714285714,0.011388836428523064,0.14011532277019145,2.2050578425326384
IGDCC3_LYL1,IGDCC3,LYL1,0.33113024,0.42857142857142855,0.013039791025221348,0.14008626285850068,2.204600513634484
IGDCC3_SLC6A9,IGDCC3,SLC6A9,0.33060852,0.42857142857142855,0.011540263891220093,0.1400728863270102,2.2043900011431603
CBL_MEIS1,CBL,MEIS1,0.24686316,0.5714285714285714,0.007692336570471525,0.1399878274055889,2.2030513906468263
KIF18B_KLF1,KIF18B,KLF1,0.32822824,0.42857142857142855,0.006426636595278978,0.13977098634054744,2.1996388652955696
KLF1_MAP7D1,KLF1,MAP7D1,0.32771745,0.42857142857142855,0.005716058425605297,0.1396520776682262,2.1977675460475163
CNNM4_ZNF318,CNNM4,ZNF318,0.24625559,0.5714285714285714,0.007941133342683315,0.139608828540587,2.1970869150772696
HOXC13_KLF1,HOXC13,KLF1,0.32680586,0.42857142857142855,0.005587928928434849,0.13928135986181645,2.1919333932209115
KLF1_MAPK1,KLF1,MAPK1,0.3266815,0.42857142857142855,0.005857050884515047,0.1391911054894036,2.1905130195759948
CNN1_HOXB9,CNN1,HOXB9,0.32903495,0.42857142857142855,0.014405089430510998,0.1390124930243672,2.187702114893938
KMT2A_SLC6A9,KMT2A,SLC6A9,0.24535708,0.5714285714285714,0.009389324113726616,0.13889987054980166,2.18592972436679
FOXO4_PTPN12,FOXO4,PTPN12,0.24395527,0.5714285714285714,0.004031592048704624,0.13884325176781928,2.1850386891339793
EGR1_IER5L,EGR1,IER5L,0.32812002,0.42857142857142855,0.013017162680625916,0.13881587813685062,2.184607897993848
ATL1_ZBTB10,ATL1,ZBTB10,0.4928994,0.2857142857142857,0.015117340721189976,0.13873115052174154,2.1832745014139334
MAP2K6_PTPN12,MAP2K6,PTPN12,0.24367957,0.5714285714285714,0.004063400439918041,0.13868194724114372,2.182500167261069
DUSP9_ZBTB10,DUSP9,ZBTB10,0.4931306,0.2857142857142857,0.017107820138335228,0.13852460160021993,2.1800239481534964
ARRDC3_S1PR2,ARRDC3,S1PR2,0.3259539,0.42857142857142855,0.009997379034757614,0.13831177369372408,2.1766745796829383
DUSP9_SET,DUSP9,SET,0.49337956,0.2857142857142857,0.019787020981311798,0.1382304212104491,2.175394299070452
S1PR2_UBASH3A,S1PR2,UBASH3A,0.32566687,0.42857142857142855,0.009709175676107407,0.13822942394522603,2.1753786046591785
CNN1_SLC4A1,CNN1,SLC4A1,0.3250327,0.42857142857142855,0.007992200553417206,0.13819524915141787,2.174840780561045
CELF2_S1PR2,CELF2,S1PR2,0.32445136,0.42857142857142855,0.008273296058177948,0.13790961455504658,2.170345620471665
LHX1_PRDM1,LHX1,PRDM1,0.49135306,0.2857142857142857,0.019074680283665657,0.13775888328102726,2.167973494630465
DLX2_PTPN1,DLX2,PTPN1,0.32328612,0.42857142857142855,0.009368228726089,0.137265260269874,2.1602051273278877
CNN1_IRF1,CNN1,IRF1,0.32169047,0.42857142857142855,0.004857396241277456,0.13720090511643324,2.159192341338487
KLF1_STIL,KLF1,STIL,0.32263285,0.42857142857142855,0.007808520458638668,0.13719989292196486,2.159176411978967
SET_TGFBR2,SET,TGFBR2,0.32449323,0.42857142857142855,0.013950811699032784,0.13715510188117577,2.1584715152281015
CDKN1B_POU3F2,CDKN1B,POU3F2,0.32266012,0.42857142857142855,0.008940441533923149,0.1370575528228246,2.156936341830245
HK2_S1PR2,HK2,S1PR2,0.3226709,0.42857142857142855,0.009779402986168861,0.13694825926248225,2.155216339923198
BCORL1_BPGM,BCORL1,BPGM,0.24186172,0.5714285714285714,0.010173199698328972,0.13681485001641122,2.1531168186253185
BPGM_DLX2,BPGM,DLX2,0.24143296,0.5714285714285714,0.009257190860807896,0.13669627070457752,2.1512506826713667
CLDN6_HNF4A,CLDN6,HNF4A,0.48567685,0.2857142857142857,0.015309368260204792,0.1366724468512345,2.1508757559780203
DUSP9_HNF4A,DUSP9,HNF4A,0.48594257,0.2857142857142857,0.016763968393206596,0.13655158844589946,2.148973752904758
CEBPB_PRDM1,CEBPB,PRDM1,0.48828003,0.2857142857142857,0.02187414839863777,0.13652227104201703,2.1485123717361927
CDKN1C_CNNM4,CDKN1C,CNNM4,0.32270038,0.42857142857142855,0.013133908621966839,0.1365072891434398,2.148276594861111
IER5L_MAP2K3,IER5L,MAP2K3,0.19314559,0.7142857142857143,0.011111532337963581,0.13644502105077722,2.1472966538857023
KLF1_PRTG,KLF1,PRTG,0.3206705,0.42857142857142855,0.007514989003539085,0.13640512505512195,2.1466687926613477
AHR_ZBTB25,AHR,ZBTB25,0.3217155,0.42857142857142855,0.010849332436919212,0.13639824322870522,2.146560490264357
EGR1_SLC6A9,EGR1,SLC6A9,0.24136925,0.5714285714285714,0.011677654460072517,0.1363332318761671,2.1455373773746773
RHOXF2_S1PR2,RHOXF2,S1PR2,0.32061893,0.42857142857142855,0.007955220527946949,0.1363236272586125,2.1453862251891445
NCL_SLC6A9,NCL,SLC6A9,0.19288673,0.7142857142857143,0.011351621709764004,0.1362298030022177,2.143909670674672
IRF1_KLF1,IRF1,KLF1,0.31971347,0.42857142857142855,0.005898316390812397,0.13621661132302135,2.1437020672870264
CDKN1C_HOXA13,CDKN1C,HOXA13,0.48376223,0.2857142857142857,0.015390814282000065,0.13612274143822095,2.142224794697816
CBL_MAML2,CBL,MAML2,0.19219573,0.7142857142857143,0.008622330613434315,0.1361090856222805,2.142009886981513
PTPN9_RREB1,PTPN9,RREB1,0.31974667,0.42857142857142855,0.008055046200752258,0.13593929120335113,2.139337755856407
PTPN1_SPI1,PTPN1,SPI1,0.32028675,0.42857142857142855,0.00996111799031496,0.13591191571136238,2.1389069354285657
ARID1A_CLDN6,ARID1A,CLDN6,0.48433185,0.2857142857142857,0.018621794879436493,0.1358507428291543,2.1379442302725815
CDKN1B_HOXA13,CDKN1B,HOXA13,0.48053515,0.2857142857142857,0.0111005874350667,0.13578842572875072,2.1369635180403144
CNN1_FOSB,CNN1,FOSB,0.31807342,0.42857142857142855,0.005160663742572069,0.13561730542475345,2.134270520865661
FEV_S1PR2,FEV,S1PR2,0.31874746,0.42857142857142855,0.011247090995311737,0.13508672199212443,2.125920490789683
CKS1B_SLC6A9,CKS1B,SLC6A9,0.3185087,0.42857142857142855,0.010724383406341076,0.13505534941076364,2.1254267663689523
ISL2_PTPN1,ISL2,PTPN1,0.31782913,0.42857142857142855,0.00897014420479536,0.1350015022342709,2.1245793491380884
ELMSAN1_TBX2,ELMSAN1,TBX2,0.3193771,0.42857142857142855,0.014171453192830086,0.13496327195469318,2.123977702036698
KLF1_SLC4A1,KLF1,SLC4A1,0.31723496,0.42857142857142855,0.0075140343979001045,0.13494386849263265,2.1236723410287586
COL1A1_TMSB4X,COL1A1,TMSB4X,0.3221599,0.42857142857142855,0.02335946634411812,0.1349169351205856,2.123248478441256
MAP4K3_S1PR2,MAP4K3,S1PR2,0.3169909,0.42857142857142855,0.0075873821042478085,0.13483023943729705,2.121884109487386
GLB1L2_S1PR2,GLB1L2,S1PR2,0.3168262,0.42857142857142855,0.00782005488872528,0.13472906610428564,2.12029189924941
LYL1_UBASH3B,LYL1,UBASH3B,0.31769916,0.42857142857142855,0.011284883134067059,0.13463741711897345,2.118849577954156
SLC6A9_UBASH3A,SLC6A9,UBASH3A,0.23758724,0.5714285714285714,0.008457185700535774,0.13462558546287295,2.1186633778615556
CLDN6_SET,CLDN6,SET,0.48063737,0.2857142857142857,0.020378615707159042,0.13458236107975627,2.117983136306987
LHX1_ZBTB1,LHX1,ZBTB1,0.31906956,0.42857142857142855,0.01634877733886242,0.13454446155971117,2.1173866945170996
CLDN6_ZBTB10,CLDN6,ZBTB10,0.4786467,0.2857142857142857,0.016848549246788025,0.13449023342573196,2.1165332819869596
CBL_KIF18B,CBL,KIF18B,0.23657057,0.5714285714285714,0.005195756908506155,0.1344844326614123,2.11644199275033
MAPK1_PTPN12,MAPK1,PTPN12,0.23623824,0.5714285714285714,0.004327313508838415,0.134411639380409,2.1152964121529587
HOXA13_PTPN9,HOXA13,PTPN9,0.47421432,0.2857142857142857,0.01003502868115902,0.134143668839918,2.1110792392542703
BCL2L11_S1PR2,BCL2L11,S1PR2,0.31542423,0.42857142857142855,0.007773469667881727,0.1341390882979825,2.111007153206019
FOSB_KLF1,FOSB,KLF1,0.3148227,0.42857142857142855,0.006352317053824663,0.13407234577999677,2.109956796187207
PLK4_S1PR2,PLK4,S1PR2,0.3159576,0.42857142857142855,0.010299371555447578,0.13402997795975644,2.109290034747809
S1PR2_SLC4A1,S1PR2,SLC4A1,0.31589147,0.42857142857142855,0.010130592621862888,0.134024314759489,2.1092009104185307
HOXA13_ZBTB25,HOXA13,ZBTB25,0.47409102,0.2857142857142857,0.011075732298195362,0.13397075385359042,2.108357998356739
IER5L_ZNF318,IER5L,ZNF318,0.31524417,0.42857142857142855,0.008642594330012798,0.13394699391690998,2.1079840775486542
CNNM4_NCL,CNNM4,NCL,0.23674054,0.5714285714285714,0.010470041073858738,0.1338785967012627,2.1069076798086455
CBFA2T3_CNN1,CBFA2T3,CNN1,0.31558347,0.42857142857142855,0.012130223214626312,0.1336291066018854,2.1029813419221854
NIT1_ZBTB10,NIT1,ZBTB10,0.47592923,0.2857142857142857,0.017625417560338974,0.1336245909177688,2.1029102765705963
KLF1_OSR2,KLF1,OSR2,0.31696388,0.42857142857142855,0.016904151067137718,0.13358354693714591,2.102264348990572
FEV_ZBTB25,FEV,ZBTB25,0.23589326,0.5714285714285714,0.009128539822995663,0.13357679004571402,2.102158012751619
FEV_IGDCC3,FEV,IGDCC3,0.31479695,0.42857142857142855,0.010103333741426468,0.13356354339965443,2.1019495443257297
BCORL1_CNN1,BCORL1,CNN1,0.3146722,0.42857142857142855,0.00990160834044218,0.13353728123035466,2.1015362447576917
CSRNP1_PTPN1,CSRNP1,PTPN1,0.31497958,0.42857142857142855,0.011958076618611813,0.13339608921242263,2.099314242479221
HOXA13_MEIS1,HOXA13,MEIS1,0.4711812,0.2857142857142857,0.009627304971218109,0.1333395038901227,2.0984237338164795
MAP2K6_S1PR2,MAP2K6,S1PR2,0.31350696,0.42857142857142855,0.007806242909282446,0.133319402446625,2.0981073883607895
CBL_PLK4,CBL,PLK4,0.23487186,0.5714285714285714,0.006748583167791367,0.13331282123504676,2.098003816874695
PTPN13_S1PR2,PTPN13,S1PR2,0.3134497,0.42857142857142855,0.007787071168422699,0.133297592421603,2.0977641541893246
PRTG_S1PR2,PRTG,S1PR2,0.31410414,0.42857142857142855,0.010162919759750366,0.1332617316307513,2.0971997967975446
CNN1_TSC22D1,CNN1,TSC22D1,0.3131761,0.42857142857142855,0.007936366833746433,0.13316150806061913,2.095622533405096
CNN1_DLX2,CNN1,DLX2,0.31316158,0.42857142857142855,0.008015008643269539,0.13314494855283468,2.09536192898449
CITED1_DUSP9,CITED1,DUSP9,0.47228608,0.2857142857142857,0.014037082903087139,0.13307095070541897,2.0941973915838075
FOXO4_S1PR2,FOXO4,S1PR2,0.31285465,0.42857142857142855,0.007780012208968401,0.13304546790807592,2.0937963573427267
CNN1_MIDN,CNN1,MIDN,0.31494856,0.42857142857142855,0.014607163146138191,0.1330346942909834,2.093626808085782
FOXF1_S1PR2,FOXF1,S1PR2,0.31254426,0.42857142857142855,0.0076963817700743675,0.13292450077348458,2.091892643148264
IER5L_TGFBR2,IER5L,TGFBR2,0.31356105,0.42857142857142855,0.0110545065253973,0.13291400925337857,2.0917275333784513
ATL1_MAML2,ATL1,MAML2,0.3130368,0.42857142857142855,0.010413908399641514,0.13277591214079285,2.0895542370171554
IER5L_ZBTB10,IER5L,ZBTB10,0.47066098,0.2857142857142857,0.014069151133298874,0.13260887273252225,2.08692546273368
ATL1_HNF4A,ATL1,HNF4A,0.4702101,0.2857142857142857,0.014774777926504612,0.13238971568830657,2.083476489776692
ELMSAN1_TGFBR2,ELMSAN1,TGFBR2,0.18697762,0.7142857142857143,0.009286575019359589,0.13232658558815735,2.0824829830018317
ARID1A_DUSP9,ARID1A,DUSP9,0.4704569,0.2857142857142857,0.01594800315797329,0.13230623635688452,2.0821627379984977
KIF18B_S1PR2,KIF18B,S1PR2,0.31117433,0.42857142857142855,0.008382190018892288,0.1322518681800827,2.0813071215514825
PRDM1_TBX3,PRDM1,TBX3,0.47317213,0.2857142857142857,0.023148341104388237,0.13213336834695602,2.0794422363896836
DUSP9_FOXA1,DUSP9,FOXA1,0.46681222,0.2857142857142857,0.00984184443950653,0.13207505873078423,2.078524591738887
MAML2_UBASH3B,MAML2,UBASH3B,0.18622549,0.7142857142857143,0.00817774422466755,0.13193924090746836,2.0763871655777986
DLX2_S1PR2,DLX2,S1PR2,0.31088948,0.42857142857142855,0.009870531968772411,0.1319360704409508,2.0763372705204928
HOXA13_UBASH3B,HOXA13,UBASH3B,0.4660356,0.2857142857142857,0.00938461720943451,0.1319150575314578,2.0760065809145605
S1PR2_TMSB4X,S1PR2,TMSB4X,0.3130802,0.42857142857142855,0.017614053562283516,0.13185472872251705,2.075057159319153
KLF1_SPI1,KLF1,SPI1,0.31020126,0.42857142857142855,0.008415422402322292,0.13183395761708377,2.074730275092445
CBL_HOXA13,CBL,HOXA13,0.4653118,0.2857142857142857,0.010198608972132206,0.13160404904269246,2.071112100470255
ATL1_CDKN1A,ATL1,CDKN1A,0.30975965,0.42857142857142855,0.011774471960961819,0.13120921505663682,2.0648984204798206
FEV_IER5L,FEV,IER5L,0.30911064,0.42857142857142855,0.010518444702029228,0.13109705211225484,2.0631332617858162
DLX2_KLF1,DLX2,KLF1,0.30789742,0.42857142857142855,0.00749243376776576,0.13097471720781637,2.0612080223822002
ARID1A_ATL1,ARID1A,ATL1,0.46564826,0.2857142857142857,0.015916267409920692,0.13095799853101406,2.0609449130471837
CBL_CELF2,CBL,CELF2,0.23045167,0.5714285714285714,0.00574684701859951,0.13093421155626908,2.0605705667289187
MAP7D1_S1PR2,MAP7D1,S1PR2,0.3070706,0.42857142857142855,0.007457036059349775,0.1306275965482264,2.0557452284664386
S1PR2_STIL,S1PR2,STIL,0.30710787,0.42857142857142855,0.009752493351697922,0.13034645385128124,2.0513207594182785
HOXB9_PTPN12,HOXB9,PTPN12,0.3079737,0.42857142857142855,0.012968198396265507,0.1302989908427991,2.0505738127102773
CDKN1B_HK2,CDKN1B,HK2,0.30628815,0.42857142857142855,0.008030918426811695,0.13022056055771902,2.0493395200448594
PRTG_ZBTB25,PRTG,ZBTB25,0.22973274,0.5714285714285714,0.008118174970149994,0.1302187113994162,2.049310419009105
ELMSAN1_RREB1,ELMSAN1,RREB1,0.23002191,0.5714285714285714,0.0095619922503829,0.13019615615200492,2.048955456937782
DUSP9_HOXB9,DUSP9,HOXB9,0.46193287,0.2857142857142857,0.014584921300411224,0.1300835608638736,2.047183494255775
BCORL1_S1PR2,BCORL1,S1PR2,0.3068776,0.42857142857142855,0.011412475258111954,0.1300349563074347,2.0464185824942382
CDKN1A_CNN1,CDKN1A,CNN1,0.30603337,0.42857142857142855,0.009798353537917137,0.1298845055012986,2.0440508705022395
LYL1_SAMD1,LYL1,SAMD1,0.30644372,0.42857142857142855,0.011349914595484734,0.12985913323801251,2.043651575785319
CBL_RHOXF2,CBL,RHOXF2,0.22821602,0.5714285714285714,0.0048957946710288525,0.1297738096474526,2.0423088000717318
CELF2_HOXA13,CELF2,HOXA13,0.45611504,0.2857142857142857,0.00528678996488452,0.12963323835430585,2.040096566418339
CDKN1C_MAP4K5,CDKN1C,MAP4K5,0.30453962,0.42857142857142855,0.007084710989147425,0.1295988102603306,2.03955475602157
HOXA13_KMT2A,HOXA13,KMT2A,0.45745316,0.2857142857142857,0.009357299655675888,0.1294892337173635,2.037830300689704
IGDCC3_MEIS1,IGDCC3,MEIS1,0.3044874,0.42857142857142855,0.00841231644153595,0.129405998876938,2.036520396576267
KLF1_SLC38A2,KLF1,SLC38A2,0.3047726,0.42857142857142855,0.00965650100260973,0.1293675842064411,2.035915847632063
HES7_KLF1,HES7,KLF1,0.46166146,0.2857142857142857,0.020336970686912537,0.12927422754259074,2.0344466518317326
DUSP9_FOXA3,DUSP9,FOXA3,0.45663467,0.2857142857142857,0.00955768022686243,0.12923189161794227,2.0337803923476065
IER5L_NCL,IER5L,NCL,0.30473036,0.42857142857142855,0.011229082942008972,0.12914850461820299,2.032468093634625
GLB1L2_HOXA13,GLB1L2,HOXA13,0.4534583,0.2857142857142857,0.0034134024754166603,0.12911878253481116,2.0320003438426406
HOXC13_S1PR2,HOXC13,S1PR2,0.30312836,0.42857142857142855,0.00759237352758646,0.12893324565399875,2.0290804665156945
ISL2_KLF1,ISL2,KLF1,0.30364287,0.42857142857142855,0.009405369870364666,0.12892011675914952,2.028873851193553
CKS1B_ELMSAN1,CKS1B,ELMSAN1,0.30379242,0.42857142857142855,0.01086135022342205,0.12879783180478283,2.026949397876679
POU3F2_ZBTB10,POU3F2,ZBTB10,0.45531905,0.2857142857142857,0.010230766609311104,0.12877370258180645,2.0265696654440912
HK2_HOXA13,HK2,HOXA13,0.4545517,0.2857142857142857,0.008682575076818466,0.12875399711853322,2.0262595517072617
CEBPA_HES7,CEBPA,HES7,0.92184955,0.14285714285714285,0.023052120581269264,0.12872539926242776,2.025809494385634
PTPN1_TSC22D1,PTPN1,TSC22D1,0.30293095,0.42857142857142855,0.009068462066352367,0.12866079494099478,2.0247927871274927
IGDCC3_RHOXF2,IGDCC3,RHOXF2,0.3018784,0.42857142857142855,0.006828248500823975,0.1284990306990067,2.022247030507981
MAP4K5_RREB1,MAP4K5,RREB1,0.22666147,0.5714285714285714,0.007959607988595963,0.12849804791849725,2.02223156404916
HOXA13_STIL,HOXA13,STIL,0.45292515,0.2857142857142857,0.007291939575225115,0.12847038617142303,2.0217962386963135
HNF4A_PTPN12,HNF4A,PTPN12,0.45521635,0.2857142857142857,0.0124374870210886,0.12846404388471702,2.021696427278374
FOXA1_SAMD1,FOXA1,SAMD1,0.30192882,0.42857142857142855,0.008803371340036392,0.12826886649085567,2.0186248328623595
AHR_CBL,AHR,CBL,0.30209723,0.42857142857142855,0.009418829344213009,0.12826216250136852,2.0185193291651
CNN1_ISL2,CNN1,ISL2,0.30196467,0.42857142857142855,0.0090852752327919,0.12824825944468693,2.0183005305100727
EGR1_PTPN9,EGR1,PTPN9,0.22672011,0.5714285714285714,0.010230211541056633,0.1282424014373046,2.0182083404136244
HOXA13_RREB1,HOXA13,RREB1,0.45366234,0.2857142857142857,0.010889707133173943,0.1282215154973903,2.0178796489850486
BPGM_SLC38A2,BPGM,SLC38A2,0.18091649,0.7142857142857143,0.010098175145685673,0.12793416140998257,2.013357428491995
AHR_CDKN1C,AHR,CDKN1C,0.30177394,0.42857142857142855,0.011590602807700634,0.12784983006768702,2.012030268235546
AHR_UBASH3B,AHR,UBASH3B,0.30092645,0.42857142857142855,0.009203043766319752,0.12779239821536653,2.011126437349197
HOXA13_MAP2K6,HOXA13,MAP2K6,0.44841665,0.2857142857142857,0.00321040116250515,0.12770904567281174,2.009814680904422
CLDN6_TBX3,CLDN6,TBX3,0.45648697,0.2857142857142857,0.02185029722750187,0.12763596485562376,2.0086645752208105
HOXA13_UBASH3A,HOXA13,UBASH3A,0.4499483,0.2857142857142857,0.007331018336117268,0.12762106785492375,2.008430134421801
HOXA13_MAP4K5,HOXA13,MAP4K5,0.4495491,0.2857142857142857,0.006966114975512028,0.1275540463457544,2.007375386793273
BPGM_SPI1,BPGM,SPI1,0.22533815,0.5714285714285714,0.009815002791583538,0.1275131133454127,2.0067312057598405
HOXA13_PTPN13,HOXA13,PTPN13,0.44758803,0.2857142857142857,0.0031965228263288736,0.12747481712971703,2.0061285209921116
HOXA13_MAP4K3,HOXA13,MAP4K3,0.44740716,0.2857142857142857,0.0032616721000522375,0.12741503001690058,2.005187624312206
HOXA13_RHOXF2,HOXA13,RHOXF2,0.44782236,0.2857142857142857,0.00447772117331624,0.12737887923385685,2.0046187031828944
POU3F2_UBASH3B,POU3F2,UBASH3B,0.29939854,0.42857142857142855,0.007926912046968937,0.12730452881851784,2.003448617262258
FEV_HOXA13,FEV,HOXA13,0.449987,0.2857142857142857,0.009933910332620144,0.1273030951156306,2.0034260544352036
FOXO4_HOXA13,FOXO4,HOXA13,0.44698837,0.2857142857142857,0.0032295281998813152,0.12729984555745374,2.003374914676889
SGK1_SLC6A9,SGK1,SLC6A9,0.30044824,0.42857142857142855,0.012239132076501846,0.12720663216350384,2.0019079735794083
ARID1A_CBFA2T3,ARID1A,CBFA2T3,0.3009338,0.42857142857142855,0.014873889274895191,0.12708143681772258,1.9999377181240765
IGDCC3_SLC4A1,IGDCC3,SLC4A1,0.2989565,0.42857142857142855,0.008877669461071491,0.12699678455475236,1.9986055073946565
HNF4A_SET,HNF4A,SET,0.4537822,0.2857142857142857,0.02199350856244564,0.1268619186804793,1.9964830624837342
FOXF1_HOXA13,FOXF1,HOXA13,0.44543046,0.2857142857142857,0.003234707983210683,0.12685550451312588,1.996382119847723
HOXA13_TGFBR2,HOXA13,TGFBR2,0.44885242,0.2857142857142857,0.011014243587851524,0.1268464310397671,1.996239326517249
CELF2_IGDCC3,CELF2,IGDCC3,0.29749405,0.42857142857142855,0.006999601144343615,0.12661122358052637,1.9925377609613417
PTPN1_TBX3,PTPN1,TBX3,0.45193422,0.2857142857142857,0.020011715590953827,0.12659076403558608,1.9922157799022167
KLF1_RUNX1T1,KLF1,RUNX1T1,0.29833484,0.42857142857142855,0.010193634778261185,0.12656760334524114,1.9918512897031873
DUSP9_MIDN,DUSP9,MIDN,0.44889635,0.2857142857142857,0.01534547470510006,0.12631769457773928,1.9879183630481814
BCL2L11_HOXA13,BCL2L11,HOXA13,0.44367144,0.2857142857142857,0.003829037304967642,0.12627973735131218,1.9873210131070105
AHR_RREB1,AHR,RREB1,0.29737157,0.42857142857142855,0.010085134766995907,0.12617249041412482,1.9856332198288944
KLF1_TSC22D1,KLF1,TSC22D1,0.2966728,0.42857142857142855,0.008068397641181946,0.12612783245524475,1.9849304174478766
BPGM_HOXB9,BPGM,HOXB9,0.29839277,0.42857142857142855,0.014024985022842884,0.12611387169877783,1.98471071074538
HOXA13_PRTG,HOXA13,PRTG,0.44527692,0.2857142857142857,0.00923475157469511,0.1260578629592682,1.9838292760252916
CEBPA_FOXL2,CEBPA,FOXL2,0.8953793,0.14285714285714285,0.014996275305747986,0.12602147651318066,1.9832566461606846
SLC6A9_ZNF318,SLC6A9,ZNF318,0.2224484,0.5714285714285714,0.008700672537088394,0.1260169357380202,1.9831851859400549
CBL_PRTG,CBL,PRTG,0.22228675,0.5714285714285714,0.008224903605878353,0.125984784948492,1.9826792145074439
BPGM_HOXA13,BPGM,HOXA13,0.44693407,0.2857142857142857,0.014012636616826057,0.125930826845539,1.9818300515769927
BCORL1_KLF1,BCORL1,KLF1,0.2964981,0.42857142857142855,0.009497302584350109,0.12587513576016646,1.9809536159229042
RREB1_SLC6A9,RREB1,SLC6A9,0.29656264,0.42857142857142855,0.009911760687828064,0.12585087136314582,1.9805717561955967
MAP2K3_ZBTB25,MAP2K3,ZBTB25,0.22230317,0.5714285714285714,0.009388532489538193,0.12584884516299452,1.9805398689726588
CDKN1C_FEV,CDKN1C,FEV,0.2964154,0.42857142857142855,0.009480719454586506,0.12584209295715393,1.9804336064729635
BPGM_TSC22D1,BPGM,TSC22D1,0.22224694,0.5714285714285714,0.00935750175267458,0.12582088507840003,1.980099848548097
AHR_CDKN1B,AHR,CDKN1B,0.2963655,0.42857142857142855,0.009496627375483513,0.12581893000345795,1.9800690806545609
CDKN1A_PTPN1,CDKN1A,PTPN1,0.29683918,0.42857142857142855,0.011227983981370926,0.12580426216328106,1.979838246257754
HOXA13_KIF18B,HOXA13,KIF18B,0.4426299,0.2857142857142857,0.005307791288942099,0.12579797732178102,1.9797393388808535
CDKN1C_TGFBR2,CDKN1C,TGFBR2,0.29624754,0.42857142857142855,0.009501456283032894,0.1257682507088603,1.9792715178056364
CDKN1A_KLF1,CDKN1A,KLF1,0.29622537,0.42857142857142855,0.010238123126327991,0.12566713397087048,1.9776801982289653
CEBPA_HOXB9,CEBPA,HOXB9,0.89405096,0.14285714285714285,0.017131254076957703,0.12557038690768538,1.9761576461896841
GLB1L2_IGDCC3,GLB1L2,IGDCC3,0.29471257,0.42857142857142855,0.0062296208925545216,0.12552342520066687,1.9754185886882447
CSRNP1_KLF1,CSRNP1,KLF1,0.29585102,0.42857142857142855,0.010250819846987724,0.12550674808087645,1.9751561333546122
NCL_UBASH3B,NCL,UBASH3B,0.22166307,0.5714285714285714,0.009259273298084736,0.12550255055920495,1.9750900750684948
CEBPA_CITED1,CEBPA,CITED1,0.89265054,0.14285714285714285,0.018313797190785408,0.12522810427337966,1.9707709904534199
KIF2C_S1PR2,KIF2C,S1PR2,0.29545605,0.42857142857142855,0.011542877182364464,0.12517909528863114,1.9699997140217085
HOXA13_ZNF318,HOXA13,ZNF318,0.4414214,0.2857142857142857,0.008619424887001514,0.12504260170968043,1.9678516531903156
SGK1_ZNF318,SGK1,ZNF318,0.29456496,0.42857142857142855,0.010004762560129166,0.12499161530419664,1.9670492571992721
ARRDC3_SAMD1,ARRDC3,SAMD1,0.29354352,0.42857142857142855,0.0065342276357114315,0.12498766681462072,1.96698711804323
CNNM4_PTPN9,CNNM4,PTPN9,0.29391387,0.42857142857142855,0.009373079054057598,0.1247933892895712,1.9639296852673662
ATL1_CITED1,ATL1,CITED1,0.44262603,0.2857142857142857,0.014960194006562233,0.12460053165962434,1.9608945980192425
CBL_STIL,CBL,STIL,0.2194284,0.5714285714285714,0.006865548435598612,0.12453267498276105,1.9598267069811508
CDKN1B_LYL1,CDKN1B,LYL1,0.29373527,0.42857142857142855,0.011006289161741734,0.12451608244778306,1.959565582796748
HOXA13_MAPK1,HOXA13,MAPK1,0.43717515,0.2857142857142857,0.0038580605760216713,0.1244271396112143,1.9581658493811904
HOXA13_MAP7D1,HOXA13,MAP7D1,0.43696895,0.2857142857142857,0.003384571522474289,0.12442713956605142,1.958165848670442
HOXA13_HOXC13,HOXA13,HOXC13,0.43623084,0.2857142857142857,0.0032411394640803337,0.12423472031625903,1.9551376604079427
CNN1_RUNX1T1,CNN1,RUNX1T1,0.29276168,0.42857142857142855,0.009938973933458328,0.12423452916614662,1.955134652192666
HNF4A_ZBTB25,HNF4A,ZBTB25,0.43948093,0.2857142857142857,0.011531051248311996,0.12413457798154655,1.9535616754538243
CBL_GLB1L2,CBL,GLB1L2,0.21788326,0.5714285714285714,0.004195312038064003,0.12398456552144725,1.9512008619105254
HOXA13_PLK4,HOXA13,PLK4,0.43721777,0.2857142857142857,0.00781428162008524,0.12395077715088272,1.9506691191287462
CDKN1C_ZBTB10,CDKN1C,ZBTB10,0.43937486,0.2857142857142857,0.014289615675807,0.1237670912897033,1.9477783721301443
DLX2_HOXA13,DLX2,HOXA13,0.43681684,0.2857142857142857,0.008502386510372162,0.12375261921799678,1.9475506186297904
ZBTB1_ZBTB10,ZBTB1,ZBTB10,0.4392363,0.2857142857142857,0.015463343821465969,0.12358505131873053,1.9449135272458606
DUSP9_HES7,DUSP9,HES7,0.44147113,0.2857142857142857,0.020920775830745697,0.12354984976229724,1.944359544522573
HOXA13_SLC4A1,HOXA13,SLC4A1,0.43642768,0.2857142857142857,0.009377638809382915,0.12353515554197168,1.9441282949695036
ARID1A_IER5L,ARID1A,IER5L,0.4379954,0.2857142857142857,0.015617594122886658,0.12321718797075239,1.9391242963152087
ARID1A_SAMD1,ARID1A,SAMD1,0.43740797,0.2857142857142857,0.015542876906692982,0.12306098410868697,1.9366660458949734
BCL2L11_IGDCC3,BCL2L11,IGDCC3,0.2887536,0.42857142857142855,0.006253276951611042,0.12298249877287983,1.9354308868715082
CBFA2T3_CEBPA,CBFA2T3,CEBPA,0.86833805,0.14285714285714285,0.01097404956817627,0.12270175746831175,1.9310127347156871
FOXO4_IGDCC3,FOXO4,IGDCC3,0.28804666,0.42857142857142855,0.006089495960623026,0.12270137818422415,1.9310067657514411
ATL1_BAK1,ATL1,BAK1,0.28894407,0.42857142857142855,0.009256824851036072,0.12269738277688157,1.9309438882294063
ATL1_HOXB9,ATL1,HOXB9,0.43545526,0.2857142857142857,0.014124683104455471,0.12268293179774002,1.9307164666722323
HOXA13_IRF1,HOXA13,IRF1,0.43080127,0.2857142857142857,0.0037116308230906725,0.12263091713446354,1.9298978885259108
CNNM4_POU3F2,CNNM4,POU3F2,0.28900695,0.42857142857142855,0.010526060126721859,0.12256994219207284,1.9289382984378438
ATL1_TMSB4X,ATL1,TMSB4X,0.29099554,0.42857142857142855,0.017501911148428917,0.12256721305653567,1.9288953488046372
PLK4_SLC6A9,PLK4,SLC6A9,0.17300574,0.7142857142857143,0.008725188672542572,0.12250663847627889,1.9279420593955097
KMT2A_SGK1,KMT2A,SGK1,0.28868458,0.42857142857142855,0.010208126157522202,0.12247175434511272,1.9273930721363928
NCL_SAMD1,NCL,SAMD1,0.28842255,0.42857142857142855,0.009984397329390049,0.12238769889940247,1.9260702537885737
EGR1_ZNF318,EGR1,ZNF318,0.17279086,0.7142857142857143,0.009444438852369785,0.12226729343019398,1.9241753787748148
CEBPA_MIDN,CEBPA,MIDN,0.86992276,0.14285714285714285,0.017327945679426193,0.12215793355571317,1.9224543332523503
CSRNP1_PTPN12,CSRNP1,PTPN12,0.2157591,0.5714285714285714,0.009361174888908863,0.12214746962025606,1.9222896575945618
IGDCC3_MAP2K6,IGDCC3,MAP2K6,0.28657475,0.42857142857142855,0.006058774422854185,0.12207810677707734,1.92119806333986
HOXB9_IER5L,HOXB9,IER5L,0.433632,0.2857142857142857,0.014971986413002014,0.12206726383570052,1.921027423095479
CDKN1B_SLC6A9,CDKN1B,SLC6A9,0.28752008,0.42857142857142855,0.009492170065641403,0.12206423727435538,1.9209797927385837
IGDCC3_KIF18B,IGDCC3,KIF18B,0.28643563,0.42857142857142855,0.007203001528978348,0.12188022536368799,1.9180839145525694
SLC6A9_TGFBR2,SLC6A9,TGFBR2,0.21515319,0.5714285714285714,0.009765180759131908,0.12175571204250607,1.9161243924250555
CKS1B_DUSP9,CKS1B,DUSP9,0.43285763,0.2857142857142857,0.015879865735769272,0.1217403883039764,1.9158832358609215
HOXA13_NCL,HOXA13,NCL,0.4301606,0.2857142857142857,0.010733911767601967,0.121597811779484,1.913639444980115
PTPN1_ZBTB10,PTPN1,ZBTB10,0.43070337,0.2857142857142857,0.013177238404750824,0.12145763007054985,1.9114333423886674
HNF4A_UBASH3B,HNF4A,UBASH3B,0.42912644,0.2857142857142857,0.010159238241612911,0.12137448242480232,1.910124810497088
ARRDC3_HOXA13,ARRDC3,HOXA13,0.42753696,0.2857142857142857,0.007444200571626425,0.12125080310691673,1.908178413454489
IGDCC3_PTPN13,IGDCC3,PTPN13,0.28433436,0.42857142857142855,0.006011839024722576,0.1211293732297737,1.9062674168724008
PTPN9_UBASH3A,PTPN9,UBASH3A,0.28424057,0.42857142857142855,0.006176942028105259,0.12106954911857062,1.9053259379322476
IER5L_RHOXF2,IER5L,RHOXF2,0.28451288,0.42857142857142855,0.0073081511072814465,0.1210494427229688,1.9050095145430685
BPGM_MIDN,BPGM,MIDN,0.28629762,0.42857142857142855,0.013650818727910519,0.12104659459785831,1.9049646923174388
HNF4A_SAMD1,HNF4A,SAMD1,0.42813566,0.2857142857142857,0.011068242602050304,0.12098537968659906,1.9040013257313764
IER5L_SGK1,IER5L,SGK1,0.42890146,0.2857142857142857,0.013223320245742798,0.12094399418932798,1.9033500235502836
ETS2_PRDM1,ETS2,PRDM1,0.42996234,0.2857142857142857,0.016120389103889465,0.12089746778254454,1.9026178165643928
BCL2L11_ZBTB25,BCL2L11,ZBTB25,0.21237536,0.5714285714285714,0.004389856476336718,0.12082693438362466,1.9015078007476085
CEBPA_SNAI1,CEBPA,SNAI1,0.85878295,0.14285714285714285,0.016045020893216133,0.12074590754262904,1.9002326449141091
CDKN1B_ELMSAN1,CDKN1B,ELMSAN1,0.21309899,0.5714285714285714,0.009118394926190376,0.12067052871294237,1.8990463743744186
FOSB_HOXA13,FOSB,HOXA13,0.4240495,0.2857142857142857,0.004059689585119486,0.12066712796040878,1.8989928552025217
IGDCC3_PLK4,IGDCC3,PLK4,0.28388494,0.42857142857142855,0.008422290906310081,0.12064883577824755,1.8987049829060862
IGDCC3_MAP4K3,IGDCC3,MAP4K3,0.28321242,0.42857142857142855,0.0060730306431651115,0.12064407767277044,1.8986301024605328
CEBPA_HNF4A,CEBPA,HNF4A,0.8618147,0.14285714285714285,0.02077464386820793,0.12061073741429347,1.8981054118201859
CDKN1C_MEIS1,CDKN1C,MEIS1,0.28367338,0.42857142857142855,0.00826859101653099,0.12057729955763252,1.8975791852333292
CEBPA_FEV,CEBPA,FEV,0.85417986,0.14285714285714285,0.012332702986896038,0.12053912098845879,1.8969783519218197
FOXF1_IGDCC3,FOXF1,IGDCC3,0.28277376,0.42857142857142855,0.005994082428514957,0.12046666840598329,1.8958381330503877
DUSP9_FOXL2,DUSP9,FOXL2,0.42623085,0.2857142857142857,0.012406891211867332,0.12028784404356732,1.8930238936439814
CEBPA_FOXA3,CEBPA,FOXA3,0.8537199,0.14285714285714285,0.013905244879424572,0.1202873591180845,1.8930162621535935
S1PR2_ZBTB10,S1PR2,ZBTB10,0.427667,0.2857142857142857,0.016506874933838844,0.1202063381384036,1.8917411985622397
IGDCC3_KIF2C,IGDCC3,KIF2C,0.2833384,0.42857142857142855,0.010634906589984894,0.12015292673677726,1.8909006393164107
SET_ZBTB25,SET,ZBTB25,0.42744347,0.2857142857142857,0.016612054780125618,0.1201310828793197,1.890556872708693
JUN_KLF1,JUN,KLF1,0.28318754,0.42857142857142855,0.01031904574483633,0.12012649706111281,1.8904847036253862
HOXA13_PTPN12,HOXA13,PTPN12,0.4252766,0.2857142857142857,0.01209645252674818,0.12005535813827267,1.8893651584063722
LYL1_PTPN9,LYL1,PTPN9,0.28272086,0.42857142857142855,0.011006098240613937,0.11984703623921435,1.886086703001154
RREB1_UBASH3A,RREB1,UBASH3A,0.281951,0.42857142857142855,0.008628133684396744,0.1198024754661861,1.8853854300775894
CBL_HNF4A,CBL,HNF4A,0.42377698,0.2857142857142857,0.010874498635530472,0.11977662757395931,1.8849786501741443
EGR1_KMT2A,EGR1,KMT2A,0.21169682,0.5714285714285714,0.010658584535121918,0.11969384360443978,1.8836758416189057
CEBPA_ISL2,CEBPA,ISL2,0.8461151,0.14285714285714285,0.009947510436177254,0.11968303919071516,1.8835058077015123
MAP2K3_SAMD1,MAP2K3,SAMD1,0.21137153,0.5714285714285714,0.00948374718427658,0.11964900826736755,1.882970247757513
AHR_TGFBR2,AHR,TGFBR2,0.28168392,0.42857142857142855,0.009443827904760838,0.11959227194244965,1.8820773626986682
CEBPA_GLB1L2,CEBPA,GLB1L2,0.84587204,0.14285714285714285,0.010785311460494995,0.11954948507753885,1.881404006564852
CEBPA_FOXF1,CEBPA,FOXF1,0.84556425,0.14285714285714285,0.010773985646665096,0.11950732213771309,1.8807404694206706
CEBPA_CELF2,CEBPA,CELF2,0.84569836,0.14285714285714285,0.011011715047061443,0.11949817113770346,1.8805964560184296
CDKN1B_ZBTB10,CDKN1B,ZBTB10,0.42244443,0.2857142857142857,0.010094568133354187,0.11949218739405057,1.8805022871537496
CEBPA_PTPN13,CEBPA,PTPN13,0.8451427,0.14285714285714285,0.010878837667405605,0.11943535673233478,1.8796079174742946
CEBPA_MAP2K6,CEBPA,MAP2K6,0.84508336,0.14285714285714285,0.010824503377079964,0.11943338660388803,1.8795769126769861
CEBPA_MAP4K3,CEBPA,MAP4K3,0.8449689,0.14285714285714285,0.010692090727388859,0.11943285804391407,1.8795685944909892
BCL2L11_CEBPA,BCL2L11,CEBPA,0.8450003,0.14285714285714285,0.010879549197852612,0.11941514938352069,1.8792899053390166
ELMSAN1_PTPN9,ELMSAN1,PTPN9,0.21075496,0.5714285714285714,0.008511309511959553,0.11941502789456739,1.8792879934127267
CEBPA_FOXA1,CEBPA,FOXA1,0.84685886,0.14285714285714285,0.01311219111084938,0.11941405707124493,1.8792727151295339
KLF1_NIT1,KLF1,NIT1,0.28360832,0.42857142857142855,0.017921069636940956,0.1194065290107149,1.8791542426556986
CEBPA_FOXO4,CEBPA,FOXO4,0.8446742,0.14285714285714285,0.010647362098097801,0.11939648943261032,1.878996245300395
ARRDC3_HK2,ARRDC3,HK2,0.21045737,0.5714285714285714,0.0072702341713011265,0.11939333659030862,1.8789466276032996
CEBPA_RHOXF2,CEBPA,RHOXF2,0.84425265,0.14285714285714285,0.01061833556741476,0.11934032523272463,1.8781123640304596
CEBPA_STIL,CEBPA,STIL,0.8434861,0.14285714285714285,0.009838535450398922,0.11932403632891253,1.8778560182262536
KIF2C_SAMD1,KIF2C,SAMD1,0.28109214,0.42857142857142855,0.009637230075895786,0.11931816217530314,1.8777635740293694
ZBTB25_ZC3HAV1,ZBTB25,ZC3HAV1,0.21088666,0.5714285714285714,0.01006652507930994,0.11930566778202929,1.8775669441438474
BCORL1_CEBPA,BCORL1,CEBPA,0.8443419,0.14285714285714285,0.01112952921539545,0.11929259728513746,1.8773612478566226
CEBPA_PRTG,CEBPA,PRTG,0.8451367,0.14285714285714285,0.012371673248708248,0.11925838876216698,1.8768228929474935
CEBPA_POU3F2,CEBPA,POU3F2,0.84704775,0.14285714285714285,0.014869109727442265,0.11923391866323317,1.8764377959966767
CEBPA_TSC22D1,CEBPA,TSC22D1,0.8438571,0.14285714285714285,0.011682221665978432,0.11915897410058938,1.8752583597127244
CBL_MAP2K6,CBL,MAP2K6,0.20937672,0.5714285714285714,0.004118259530514479,0.11915313792513994,1.875166513195222
IGDCC3_ZBTB10,IGDCC3,ZBTB10,0.42293766,0.2857142857142857,0.014870741404592991,0.1190686921016245,1.8738375512963348
CEBPA_MAP7D1,CEBPA,MAP7D1,0.8416402,0.14285714285714285,0.010699800215661526,0.11896144691166283,1.8721497855150953
CEBPA_MEIS1,CEBPA,MEIS1,0.84237874,0.14285714285714285,0.01162105705589056,0.11895740853142081,1.8720862317092175
CEBPA_HOXC13,CEBPA,HOXC13,0.84148645,0.14285714285714285,0.010627797804772854,0.11894819322600945,1.871941206303952
CEBPA_UBASH3A,CEBPA,UBASH3A,0.8406049,0.14285714285714285,0.00975419394671917,0.11892638346371046,1.871597976267077
SGK1_TGFBR2,SGK1,TGFBR2,0.28043967,0.42857142857142855,0.010860061272978783,0.11889720119029283,1.8711387217074027
CEBPA_SAMD1,CEBPA,SAMD1,0.8463925,0.14285714285714285,0.01733873039484024,0.11885246519514386,1.8704346912345293
HOXA13_SPI1,HOXA13,SPI1,0.42020917,0.2857142857142857,0.010190307162702084,0.11884865834779447,1.8703747811659004
CEBPA_NIT1,CEBPA,NIT1,0.84684384,0.14285714285714285,0.018168846145272255,0.11881888912599076,1.8699062895355305
CEBPA_PTPN9,CEBPA,PTPN9,0.8430597,0.14285714285714285,0.013960487209260464,0.11877889146340305,1.8692768283329424
HOXA13_TSC22D1,HOXA13,TSC22D1,0.41942158,0.2857142857142857,0.00900548417121172,0.1187651999897098,1.869061359454548
CEBPA_HK2,CEBPA,HK2,0.8399709,0.14285714285714285,0.010655518621206284,0.11873070373364378,1.8685184763603047
ARRDC3_SLC6A9,ARRDC3,SLC6A9,0.2094015,0.5714285714285714,0.008041873574256897,0.11870340406328873,1.868088849171609
CEBPA_KIF18B,CEBPA,KIF18B,0.8402156,0.14285714285714285,0.011491777375340462,0.11866710736026219,1.8675176316339093
CEBPA_MAPK1,CEBPA,MAPK1,0.8398196,0.14285714285714285,0.01103224977850914,0.11866508713571113,1.86748583845168
CEBPA_IRF1,CEBPA,IRF1,0.8394833,0.14285714285714285,0.010924668982625008,0.11863019308252046,1.8669366950452013
EGR1_HOXA13,EGR1,HOXA13,0.42095247,0.2857142857142857,0.013841072097420692,0.11863016535989303,1.8669362587617473
IER5L_MIDN,IER5L,MIDN,0.42100486,0.2857142857142857,0.013976925052702427,0.11862903419237482,1.8669184570698414
CBL_FOXO4,CBL,FOXO4,0.2084679,0.5714285714285714,0.004220018163323402,0.11862391962060855,1.8668379667539967
CBFA2T3_KLF1,CBFA2T3,KLF1,0.279786,0.42857142857142855,0.01299254409968853,0.11837034974584308,1.8628474236076298
KIF18B_SAMD1,KIF18B,SAMD1,0.27773255,0.42857142857142855,0.005926237441599369,0.11832700227357548,1.8621652449437416
CEBPA_RUNX1T1,CEBPA,RUNX1T1,0.8372084,0.14285714285714285,0.01142673660069704,0.11824998714894193,1.8609532232946504
ARRDC3_CEBPA,ARRDC3,CEBPA,0.83678496,0.14285714285714285,0.011053859256207943,0.11823376896417,1.8606979904277807
CEBPA_FOSB,CEBPA,FOSB,0.8365093,0.14285714285714285,0.010987135581672192,0.11820261856900655,1.8602077626511528
ATL1_SLC38A2,ATL1,SLC38A2,0.27873316,0.42857142857142855,0.010730537585914135,0.11818884052113947,1.8599909313160539
STIL_ZBTB25,STIL,ZBTB25,0.20804384,0.5714285714285714,0.006793003994971514,0.11808007784959357,1.8582792842447309
HOXC13_IGDCC3,HOXC13,IGDCC3,0.277088,0.42857142857142855,0.00603077607229352,0.11804012066583304,1.8576504600756485
CDKN1B_FOXA1,CDKN1B,FOXA1,0.27769798,0.42857142857142855,0.008969234302639961,0.11795545010384531,1.8563179613663607
AHR_CEBPA,AHR,CEBPA,0.8405124,0.14285714285714285,0.018207283690571785,0.11792608557752708,1.8558558386108328
CBL_FOXF1,CBL,FOXF1,0.20713235,0.5714285714285714,0.004243051633238792,0.11786125397309119,1.854835554497868
CEBPA_DLX2,CEBPA,DLX2,0.8347145,0.14285714285714285,0.012132549658417702,0.117815521942903,1.8541158489736775
CEBPA_RREB1,CEBPA,RREB1,0.8367258,0.14285714285714285,0.01463146973401308,0.11780854095956397,1.854005986099611
CEBPA_UBASH3B,CEBPA,UBASH3B,0.8359144,0.14285714285714285,0.013860292732715607,0.11778382082107462,1.8536169541638687
CEBPA_PLK4,CEBPA,PLK4,0.83211106,0.14285714285714285,0.009508417919278145,0.11775336049690377,1.8531375863447677
CEBPA_IER5L,CEBPA,IER5L,0.8406861,0.14285714285714285,0.01996609941124916,0.11774706228334894,1.8530384685258279
CNNM4_TGFBR2,CNNM4,TGFBR2,0.2774108,0.42857142857142855,0.010044521652162075,0.11770802429789472,1.8524241101938437
CEBPA_SLC4A1,CEBPA,SLC4A1,0.8334876,0.14285714285714285,0.012018823996186256,0.11765557129441272,1.8515986336905914
CEBPA_SPI1,CEBPA,SPI1,0.83413243,0.14285714285714285,0.013376487419009209,0.11758885035653605,1.85054861628766
CEBPB_ZBTB1,CEBPB,ZBTB1,0.41943386,0.2857142857142857,0.019179951399564743,0.11758300986281704,1.8504567018116074
CEBPA_MAP4K5,CEBPA,MAP4K5,0.83089066,0.14285714285714285,0.010175907053053379,0.11750296581534467,1.8491970126417334
CEBPA_KMT2A,CEBPA,KMT2A,0.83015096,0.14285714285714285,0.01099705882370472,0.11730300649112194,1.8460501628372474
ELMSAN1_POU3F2,ELMSAN1,POU3F2,0.16568005,0.7142857142857143,0.009594862349331379,0.11721820096116603,1.844715540076351
CEBPA_SLC6A9,CEBPA,SLC6A9,0.83025366,0.14285714285714285,0.011966921389102936,0.1172050818108326,1.8445090781080373
HOXB9_PTPN1,HOXB9,PTPN1,0.4160896,0.2857142857142857,0.014695866033434868,0.11716095948200836,1.8438147051780738
CNNM4_HOXA13,CNNM4,HOXA13,0.4169174,0.2857142857142857,0.016818717122077942,0.1171489656774496,1.8436259532822699
CBL_MAPK1,CBL,MAPK1,0.20582983,0.5714285714285714,0.004616612568497658,0.11707654806676711,1.8424862847776706
CBL_PTPN13,CBL,PTPN13,0.20561488,0.5714285714285714,0.004142851568758488,0.1170094641449723,1.84143055493359
ELMSAN1_SGK1,ELMSAN1,SGK1,0.20714171,0.5714285714285714,0.01160934567451477,0.11700830291209374,1.8414122800895885
CEBPA_NCL,CEBPA,NCL,0.8281398,0.14285714285714285,0.012477708980441093,0.11684769164460859,1.838884668348308
CNN1_SLC38A2,CNN1,SLC38A2,0.2754461,0.42857142857142855,0.010453165508806705,0.11682710993619148,1.8385607647476123
ISL2_PTPN12,ISL2,PTPN12,0.2057744,0.5714285714285714,0.007647335529327393,0.11669297915332272,1.8364498883006808
CEBPA_ZBTB1,CEBPA,ZBTB1,0.8328349,0.14285714285714285,0.020127367228269577,0.11662897989582212,1.835442703205733
BCL2L11_CBL,BCL2L11,CBL,0.204395,0.5714285714285714,0.0046828859485685825,0.11625274233286358,1.8295216834881551
CEBPA_SLC38A2,CEBPA,SLC38A2,0.82025194,0.14285714285714285,0.008129733614623547,0.11623389818234656,1.829225124617491
CEBPA_LYL1,CEBPA,LYL1,0.82536745,0.14285714285714285,0.014994312077760696,0.11616777987152732,1.828184591027556
CEBPA_COL1A1,CEBPA,COL1A1,0.83061165,0.14285714285714285,0.022400371730327606,0.11605904093683311,1.8264733175137426
CEBPA_ZBTB25,CEBPA,ZBTB25,0.82477033,0.14285714285714285,0.015627363696694374,0.11601138101066927,1.825723271823633
ATL1_FOXA3,ATL1,FOXA3,0.41019237,0.2857142857142857,0.011648152023553848,0.11584840033965357,1.8231583717135011
BAK1_CEBPA,BAK1,CEBPA,0.81819737,0.14285714285714285,0.00921492837369442,0.11581808316999569,1.822681256781345
CBL_CEBPA,CBL,CEBPA,0.82214504,0.14285714285714285,0.014744410291314125,0.11574273376000689,1.8214954492326696
CNNM4_HK2,CNNM4,HK2,0.27237093,0.42857142857142855,0.0088649308308959,0.11570468645195967,1.8208966816365344
CSRNP1_ZBTB1,CSRNP1,ZBTB1,0.20481485,0.5714285714285714,0.0121702179312706,0.11562981779467264,1.8197184399093154
CDKN1B_MAP4K5,CDKN1B,MAP4K5,0.27160946,0.42857142857142855,0.007027618587017059,0.11559171778717127,1.8191188429581722
CEBPA_ZNF318,CEBPA,ZNF318,0.8168108,0.14285714285714285,0.009857711382210255,0.11554821429900924,1.8184342090019947
MAPK1_SAMD1,MAPK1,SAMD1,0.27084735,0.42857142857142855,0.0048940544947981834,0.11551211329087216,1.8178660712027723
CBL_ZBTB10,CBL,ZBTB10,0.40781567,0.2857142857142857,0.00878390483558178,0.11550418367297292,1.8177412792400427
ATL1_CSRNP1,ATL1,CSRNP1,0.27237928,0.42857142857142855,0.01113935001194477,0.11544796152130198,1.8168564859568024
IGDCC3_MAP7D1,IGDCC3,MAP7D1,0.27102,0.42857142857142855,0.0060989283956587315,0.11544732157192862,1.816846414785737
CEBPA_ETS2,CEBPA,ETS2,0.81946623,0.14285714285714285,0.014491450972855091,0.1153943728537436,1.8160131369972867
MIDN_S1PR2,MIDN,S1PR2,0.41010988,0.2857142857142857,0.015788264572620392,0.1153530266351924,1.815362452963072
CKS1B_MEIS1,CKS1B,MEIS1,0.2712433,0.42857142857142855,0.008069930598139763,0.11531653386668038,1.8147881498546592
CNNM4_EGR1,CNNM4,EGR1,0.27220535,0.42857142857142855,0.01280087511986494,0.11518496850951122,1.8127176466656023
PTPN1_SLC38A2,PTPN1,SLC38A2,0.27150625,0.42857142857142855,0.010601295158267021,0.11513919677836641,1.8119973163496046
CBL_MAP2K3,CBL,MAP2K3,0.20330164,0.5714285714285714,0.009000715799629688,0.11513605784492913,1.8119479175425632
CEBPB_S1PR2,CEBPB,S1PR2,0.41042814,0.2857142857142857,0.018713656812906265,0.11511103350563738,1.8115540982619984
SLC4A1_ZBTB25,SLC4A1,ZBTB25,0.20303783,0.5714285714285714,0.008046728558838367,0.11509547408002208,1.8113092325842124
HNF4A_IER5L,HNF4A,IER5L,0.40781105,0.2857142857142857,0.013754436746239662,0.11493655405081092,1.808808236620178
CDKN1A_CEBPA,CDKN1A,CEBPA,0.8153648,0.14285714285714285,0.013764318078756332,0.11489917380220578,1.8082199668384515
ARID1A_CEBPA,ARID1A,CEBPA,0.82184035,0.14285714285714285,0.021898336708545685,0.11488986670863265,1.8080734969216081
MIDN_PTPN1,MIDN,PTPN1,0.4078243,0.2857142857142857,0.014379768632352352,0.11486943486940038,1.807751951879669
IER5L_PLK4,IER5L,PLK4,0.27046552,0.42857142857142855,0.009111791849136353,0.1148671500121565,1.8077159940537506
CDKN1C_SET,CDKN1C,SET,0.4093715,0.2857142857142857,0.01830521784722805,0.11486073360551216,1.8076150161770113
CBL_HOXC13,CBL,HOXC13,0.20167641,0.5714285714285714,0.004381603095680475,0.1147409156583857,1.8057293872624587
CEBPA_KIF2C,CEBPA,KIF2C,0.8127586,0.14285714285714285,0.01200528722256422,0.11473099637146959,1.8055732829836812
CEBPA_TGFBR2,CEBPA,TGFBR2,0.81190735,0.14285714285714285,0.011720634065568447,0.11464307490192276,1.8041896232802437
CNN1_HOXA13,CNN1,HOXA13,0.40824232,0.2857142857142857,0.017784202471375465,0.1146025465523604,1.8035518104180919
IER5L_POU3F2,IER5L,POU3F2,0.4055778,0.2857142857142857,0.01128188893198967,0.11458662036694112,1.8033011728763433
CBL_MAP4K3,CBL,MAP4K3,0.20128147,0.5714285714285714,0.0042764777317643166,0.11452820726658312,1.8023818996483731
CEBPA_LHX1,CEBPA,LHX1,0.81679267,0.14285714285714285,0.019885320216417313,0.11440959526406884,1.8005152492264804
CDKN1B_CEBPA,CDKN1B,CEBPA,0.8120969,0.14285714285714285,0.014154150150716305,0.11439468245767682,1.800280559686188
ATL1_CKS1B,ATL1,CKS1B,0.40568656,0.2857142857142857,0.013354434631764889,0.11438292563742448,1.8000955373189826
ATL1_FOXA1,ATL1,FOXA1,0.40511626,0.2857142857142857,0.012042890302836895,0.11437015563370696,1.7998945700279698
CEBPA_COL2A1,CEBPA,COL2A1,0.81819946,0.14285714285714285,0.022305535152554512,0.11433532590290366,1.7993464388918263
CEBPA_PTPN1,CEBPA,PTPN1,0.81672573,0.14285714285714285,0.021647635847330093,0.11420288201121924,1.7972621098100368
CLDN6_FOXL2,CLDN6,FOXL2,0.405141,0.2857142857142857,0.013998599722981453,0.11415653859031566,1.7965327825552235
MAP7D1_SAMD1,MAP7D1,SAMD1,0.26752272,0.42857142857142855,0.004527081269770861,0.11413589288682403,1.7962078718352628
CNN1_NIT1,CNN1,NIT1,0.27083495,0.42857142857142855,0.017195655032992363,0.11410992758913031,1.795799244269189
CBL_MAP7D1,CBL,MAP7D1,0.20059751,0.5714285714285714,0.004560139030218124,0.11410680552638171,1.7957501109637617
ATL1_FOXL2,ATL1,FOXL2,0.40469897,0.2857142857142857,0.013897765427827835,0.11404332911581266,1.7947511541460934
HOXA13_KIF2C,HOXA13,KIF2C,0.40274933,0.2857142857142857,0.010630296543240547,0.11386086235573915,1.79187959268981
CEBPA_PTPN12,CEBPA,PTPN12,0.8097525,0.14285714285714285,0.0164293572306633,0.11380912127603081,1.7910653200511266
CEBPA_SGK1,CEBPA,SGK1,0.8106926,0.14285714285714285,0.01886335387825966,0.11366905024542569,1.7888609592543134
LYL1_ZNF318,LYL1,ZNF318,0.20100793,0.5714285714285714,0.011098678223788738,0.11360085632091602,1.7877877607983548
ATL1_MIDN,ATL1,MIDN,0.40290052,0.2857142857142857,0.014503709971904755,0.11346871607596322,1.7857082103417268
IGDCC3_SET,IGDCC3,SET,0.40430605,0.2857142857142857,0.018085619434714317,0.11346394964860863,1.7856331989310452
CEBPA_OSR2,CEBPA,OSR2,0.8076125,0.14285714285714285,0.0168471522629261,0.11346170463360687,1.7855978681204074
CKS1B_MAP2K3,CKS1B,MAP2K3,0.2676795,0.42857142857142855,0.011195911094546318,0.11344961922124436,1.7854076745514007
CEBPA_MAML2,CEBPA,MAML2,0.7997077,0.14285714285714285,0.00887736864387989,0.11323869701937077,1.7820882970114549
CEBPA_CNNM4,CEBPA,CNNM4,0.80641466,0.14285714285714285,0.018054405227303505,0.11315907503161192,1.7808352499850875
DUSP9_ISL2,DUSP9,ISL2,0.39910778,0.2857142857142857,0.008385347202420235,0.11308255891887611,1.7796310815106307
HNF4A_RREB1,HNF4A,RREB1,0.40015927,0.2857142857142857,0.011551263742148876,0.11302563100416362,1.778735181317033
ATL1_CEBPA,ATL1,CEBPA,0.8073146,0.14285714285714285,0.02199610508978367,0.11284842765724515,1.7759464525604611
ZBTB10_ZBTB25,ZBTB10,ZBTB25,0.39846414,0.2857142857142857,0.008853294886648655,0.1128478230243674,1.7759369371809681
CEBPA_EGR1,CEBPA,EGR1,0.80234367,0.14285714285714285,0.015986034646630287,0.11281702689271991,1.7754522846085985
CDKN1C_TBX2,CDKN1C,TBX2,0.40095893,0.2857142857142857,0.015673687681555748,0.11279182909364364,1.7750557355134022
BPGM_ISL2,BPGM,ISL2,0.1990286,0.5714285714285714,0.00910509005188942,0.1127044423500153,1.7736804910322033
SAMD1_STIL,SAMD1,STIL,0.2649246,0.42857142857142855,0.007443911861628294,0.1127001780163044,1.773613381294978
DUSP9_TSC22D1,DUSP9,TSC22D1,0.39738548,0.2857142857142857,0.00835798867046833,0.11259761838683378,1.7719993542862233
CDKN1B_HNF4A,CDKN1B,HNF4A,0.39795917,0.2857142857142857,0.010541563853621483,0.11251652069131023,1.7707230833831555
GLB1L2_SAMD1,GLB1L2,SAMD1,0.26368934,0.42857142857142855,0.004527444485574961,0.1125003775692003,1.770469031811153
CEBPA_TBX3,CEBPA,TBX3,0.80824035,0.14285714285714285,0.026870008558034897,0.11244160094339005,1.7695440376196676
FOXF1_SAMD1,FOXF1,SAMD1,0.26350874,0.42857142857142855,0.0044178832322359085,0.11243558859298408,1.7694494185576506
SET_UBASH3B,SET,UBASH3B,0.3995768,0.2857142857142857,0.015519930049777031,0.11242005236047577,1.769204917880219
FOXA3_PTPN12,FOXA3,PTPN12,0.2644514,0.42857142857142855,0.008561263792216778,0.11237425479553942,1.7684841810062268
DUSP9_LHX1,DUSP9,LHX1,0.40082258,0.2857142857142857,0.01911146566271782,0.11237312203977788,1.7684663543194212
CBFA2T3_ZBTB1,CBFA2T3,ZBTB1,0.265518,0.42857142857142855,0.012877639383077621,0.11234667277467406,1.7680501103405806
IGDCC3_IRF1,IGDCC3,IRF1,0.26374263,0.42857142857142855,0.0062111555598676205,0.11233482480549192,1.767863653521679
ETS2_KLF1,ETS2,KLF1,0.26612762,0.42857142857142855,0.015489375218749046,0.11231500341247838,1.7675517153463935
CDKN1C_CEBPA,CDKN1C,CEBPA,0.79977775,0.14285714285714285,0.01768631674349308,0.11226835014205556,1.7668175118503608
FOXO4_SAMD1,FOXO4,SAMD1,0.263074,0.42857142857142855,0.0044211396016180515,0.11224973280840134,1.7665245224986634
FEV_UBASH3B,FEV,UBASH3B,0.19820115,0.5714285714285714,0.009095696732401848,0.11223692678157353,1.7663229882957652
CEBPA_TP73,CEBPA,TP73,0.8112898,0.14285714285714285,0.03305136039853096,0.11219049263636954,1.7655922332718388
EGR1_NCL,EGR1,NCL,0.19861682,0.5714285714285714,0.012171678245067596,0.1121305078758644,1.7646482261213774
IGDCC3_TMSB4X,IGDCC3,TMSB4X,0.26546606,0.42857142857142855,0.01579291746020317,0.11200232687405862,1.7626309840545757
BPGM_CEBPE,BPGM,CEBPE,0.19804817,0.5714285714285714,0.011665710248053074,0.11186539606345779,1.760476042312087
CEBPA_CSRNP1,CEBPA,CSRNP1,0.7882997,0.14285714285714285,0.009465736337006092,0.11155825890020159,1.7556424866582057
MAP2K6_SAMD1,MAP2K6,SAMD1,0.2613881,0.42857142857142855,0.004403860308229923,0.11153229587757406,1.7552338948958714
S1PR2_TBX2,S1PR2,TBX2,0.39653644,0.2857142857142857,0.01631823368370533,0.11147701759290257,1.754363955672047
HOXC13_SAMD1,HOXC13,SAMD1,0.2610033,0.42857142857142855,0.0044602882117033005,0.11136184506654698,1.7525514338331527
LHX1_OSR2,LHX1,OSR2,0.3962225,0.2857142857142857,0.01728404313325882,0.11128300881652474,1.7513107523148828
MAP4K5_SLC6A9,MAP4K5,SLC6A9,0.1961082,0.5714285714285714,0.00816164631396532,0.11115462787347356,1.7492903636827912
CBL_SET,CBL,SET,0.3950797,0.2857142857142857,0.015554793179035187,0.11115098432402243,1.7492330235066202
CEBPA_IGDCC3,CEBPA,IGDCC3,0.7909766,0.14285714285714285,0.01753886789083481,0.11104898143627344,1.747627758192699
FOSB_IGDCC3,FOSB,IGDCC3,0.26056367,0.42857142857142855,0.006394944153726101,0.11096055839248424,1.7462362049898579
CITED1_S1PR2,CITED1,S1PR2,0.39436507,0.2857142857142857,0.015524600632488728,0.11095323033878193,1.746120880113411
AHR_HOXB9,AHR,HOXB9,0.39303446,0.2857142857142857,0.01269590388983488,0.11088773939251172,1.745090219641502
BPGM_CEBPA,BPGM,CEBPA,0.7888554,0.14285714285714285,0.01791492849588394,0.11071025847275764,1.742297122596395
JUN_PTPN1,JUN,PTPN1,0.26095718,0.42857142857142855,0.010262822732329369,0.1107026701716209,1.7421777020890425
PTPN13_SAMD1,PTPN13,SAMD1,0.2593843,0.42857142857142855,0.004377742763608694,0.11068017251215968,1.741823646305187
MAP4K3_SAMD1,MAP4K3,SAMD1,0.2594085,0.42857142857142855,0.004515683278441429,0.11067529845009307,1.7417469409986404
MEIS1_RREB1,MEIS1,RREB1,0.19470507,0.5714285714285714,0.008047330193221569,0.1103718408186665,1.7369712917918005
PLK4_SAMD1,PLK4,SAMD1,0.25937793,0.42857142857142855,0.007448957767337561,0.11034005016402164,1.736470987963797
BPGM_HNF4A,BPGM,HNF4A,0.39029992,0.2857142857142857,0.012838132679462433,0.11010077345298346,1.732705382762462
CEBPA_MAP2K3,CEBPA,MAP2K3,0.77837944,0.14285714285714285,0.010224038735032082,0.11007168572262972,1.732247616069499
SLC6A9_TMSB4X,SLC6A9,TMSB4X,0.25972933,0.42857142857142855,0.012824720703065395,0.10990309173184927,1.72959437662199
ARID1A_SET,ARID1A,SET,0.39275652,0.2857142857142857,0.02139032445847988,0.10986607800221279,1.7290118749140921
SAMD1_SLC4A1,SAMD1,SLC4A1,0.25859484,0.42857142857142855,0.009270629845559597,0.1098083675979115,1.72810366032996
AHR_IER5L,AHR,IER5L,0.38926715,0.2857142857142857,0.0130425114184618,0.10978728284908797,1.7277718401561775
PRTG_SAMD1,PRTG,SAMD1,0.2584527,0.42857142857142855,0.009196868166327477,0.10975603683712147,1.7272801076149222
RHOXF2_SAMD1,RHOXF2,SAMD1,0.25733608,0.42857142857142855,0.005260935518890619,0.10970971572021881,1.7265511313682016
CEBPA_ELMSAN1,CEBPA,ELMSAN1,0.77639157,0.14285714285714285,0.011476040817797184,0.1096546792535542,1.7256849977430935
MAP2K3_UBASH3B,MAP2K3,UBASH3B,0.19352084,0.5714285714285714,0.008508507162332535,0.10965037838881006,1.7256173131005705
FOXA1_ZBTB25,FOXA1,ZBTB25,0.2581449,0.42857142857142855,0.009194573387503624,0.10962556199718058,1.7252267663858782
CEBPA_CKS1B,CEBPA,CKS1B,0.7842863,0.14285714285714285,0.02237292379140854,0.10958907486670805,1.7246525520058285
CBL_SLC4A1,CBL,SLC4A1,0.19315998,0.5714285714285714,0.007936711423099041,0.10950799950204007,1.7233766325334767
CNNM4_UBASH3A,CNNM4,UBASH3A,0.25727874,0.42857142857142855,0.0076320418156683445,0.10942716462071739,1.7221044976556725
BPGM_JUN,BPGM,JUN,0.19270748,0.5714285714285714,0.00986549910157919,0.10904279780484635,1.7160555442293879
BCL2L11_SAMD1,BCL2L11,SAMD1,0.25568056,0.42857142857142855,0.005140798632055521,0.10901694913089721,1.7156487520236265
KMT2A_TMSB4X,KMT2A,TMSB4X,0.2562306,0.42857142857142855,0.009187037125229836,0.10881343807369073,1.7124460070000056
HOXA13_JUN,HOXA13,JUN,0.3848056,0.2857142857142857,0.010592525824904442,0.10879207143501458,1.7121097505988507
CEBPA_SET,CEBPA,SET,0.77807295,0.14285714285714285,0.02196275070309639,0.10876451118747144,1.7116760225897674
CITED1_SAMD1,CITED1,SAMD1,0.38537627,0.2857142857142857,0.012822589837014675,0.10871351817124383,1.7108735225624758
AHR_ZNF318,AHR,ZNF318,0.25554422,0.42857142857142855,0.007553344592452049,0.1086979166536406,1.7106279944641476
CBFA2T3_DUSP9,CBFA2T3,DUSP9,0.38439658,0.2857142857142857,0.011200647801160812,0.10861108063616884,1.7092614170081297
KIF2C_SLC6A9,KIF2C,SLC6A9,0.19198465,0.5714285714285714,0.010427206754684448,0.10857339899089191,1.7086684040114446
LYL1_SLC6A9,LYL1,SLC6A9,0.25638905,0.42857142857142855,0.013294298201799393,0.10843939647323163,1.7065595461317782
CDKN1A_IGDCC3,CDKN1A,IGDCC3,0.25534758,0.42857142857142855,0.011121860705316067,0.10823094749974746,1.7032790908991766
CNNM4_MAP4K5,CNNM4,MAP4K5,0.25439337,0.42857142857142855,0.007379968650639057,0.10822701755731494,1.7032172436278703
CDKN1A_PTPN12,CDKN1A,PTPN12,0.1910287,0.5714285714285714,0.009164669550955296,0.10816793336545667,1.7022874091311788
NIT1_PRDM1,NIT1,PRDM1,0.38536018,0.2857142857142857,0.01981348730623722,0.10796377016225228,1.699074400992727
HES7_TP73,HES7,TP73,0.77430785,0.14285714285714285,0.024741414934396744,0.10794470205408299,1.6987743175997787
CEBPA_CLDN6,CEBPA,CLDN6,0.7723757,0.14285714285714285,0.02263648249208927,0.10789697806759094,1.6980232637634767
LYL1_RREB1,LYL1,RREB1,0.25420868,0.42857142857142855,0.011514920741319656,0.10770634877378592,1.6950232448432716
CEBPA_S1PR2,CEBPA,S1PR2,0.76717436,0.14285714285714285,0.01874352991580963,0.1075799103234118,1.6930334260919537
CDKN1B_SET,CDKN1B,SET,0.38111192,0.2857142857142857,0.015307324007153511,0.1072474485222194,1.6878013252226989
RREB1_ZNF318,RREB1,ZNF318,0.25218847,0.42857142857142855,0.008355493657290936,0.1071851893756855,1.6868215250365395
CBL_FOXA1,CBL,FOXA1,0.25223994,0.42857142857142855,0.008561523631215096,0.10718516420545043,1.6868211289212318
CKS1B_PTPN9,CKS1B,PTPN9,0.37852743,0.2857142857142857,0.009225128218531609,0.10716211083880921,1.6864583277235896
ARID1A_BPGM,ARID1A,BPGM,0.38097063,0.2857142857142857,0.016004107892513275,0.10713416387366967,1.6860185137657904
CEBPA_TBX2,CEBPA,TBX2,0.76707405,0.14285714285714285,0.022956829518079758,0.1071228069154488,1.685839784207187
ATL1_MEIS1,ATL1,MEIS1,0.37855878,0.2857142857142857,0.009752603247761726,0.10711500265530044,1.6857169650557549
TBX3_UBASH3B,TBX3,UBASH3B,0.3795744,0.2857142857142857,0.01597004570066929,0.10674510107623558,1.679895657565924
HK2_LYL1,HK2,LYL1,0.25168818,0.42857142857142855,0.012033132836222649,0.10658382652324151,1.6773576074023187
PTPN9_TMSB4X,PTPN9,TMSB4X,0.25109875,0.42857142857142855,0.010372350923717022,0.1065090021199581,1.6761800621202547
CKS1B_IGDCC3,CKS1B,IGDCC3,0.3771788,0.2857142857142857,0.013560851104557514,0.10632353048704561,1.6732612116288506
IGDCC3_MAP2K3,IGDCC3,MAP2K3,0.25070193,0.42857142857142855,0.011039560660719872,0.10627050634131283,1.6724267468031624
HOXB9_POU3F2,HOXB9,POU3F2,0.37580463,0.2857142857142857,0.010404521599411964,0.1062670939831019,1.6723730449875023
ARID1A_TBX3,ARID1A,TBX3,0.37944138,0.2857142857142857,0.020842039957642555,0.10619843105670393,1.671292465637923
CITED1_IER5L,CITED1,IER5L,0.37698758,0.2857142857142857,0.014459362253546715,0.1061755060342768,1.6709316842508934
IRF1_SAMD1,IRF1,SAMD1,0.24861634,0.42857142857142855,0.004902625922113657,0.10603003345639016,1.6686423168755027
CDKN1B_TBX2,CDKN1B,TBX2,0.3753322,0.2857142857142857,0.012675666250288486,0.10589547755133173,1.6665247500895004
HK2_TMSB4X,HK2,TMSB4X,0.24932054,0.42857142857142855,0.009316765703260899,0.10586533611809769,1.666050400800473
PTPN9_SET,PTPN9,SET,0.3760412,0.2857142857142857,0.014935928396880627,0.10585923792710354,1.6659544308265182
FOXL2_IER5L,FOXL2,IER5L,0.37496525,0.2857142857142857,0.012707368470728397,0.1057886335652983,1.664843298234896
CDKN1B_NCL,CDKN1B,NCL,0.24913548,0.42857142857142855,0.010112025775015354,0.10570347205083472,1.6635030731857205
CEBPA_TMSB4X,CEBPA,TMSB4X,0.7545727,0.14285714285714285,0.020152075216174126,0.1056666953129564,1.6629243011236932
CBL_TBX3,CBL,TBX3,0.3755876,0.2857142857142857,0.01625860668718815,0.10559393612134194,1.661779257006363
EGR1_HK2,EGR1,HK2,0.18649714,0.5714285714285714,0.010265817865729332,0.10548688341081987,1.6600945203606199
HK2_UBASH3A,HK2,UBASH3A,0.24796906,0.42857142857142855,0.007691415958106518,0.10546130798547447,1.6596920283910122
LHX1_TBX3,LHX1,TBX3,0.3763895,0.2857142857142857,0.019768161699175835,0.10545520263906977,1.6595959458091443
RREB1_TBX2,RREB1,TBX2,0.37423614,0.2857142857142857,0.0144183449447155,0.1054048470351398,1.6588034770258167
KMT2A_POU3F2,KMT2A,POU3F2,0.24782844,0.42857142857142855,0.009321236051619053,0.10523130228200701,1.6560723252048732
ELMSAN1_KMT2A,ELMSAN1,KMT2A,0.18565522,0.5714285714285714,0.009012727066874504,0.105141089962959,1.6546526133726696
TBX3_ZBTB25,TBX3,ZBTB25,0.37342745,0.2857142857142857,0.016528930515050888,0.10495870223435862,1.6517822956702182
ISL2_ZBTB25,ISL2,ZBTB25,0.18462695,0.5714285714285714,0.007600970100611448,0.10470525381846198,1.6477936639766884
CNNM4_ZC3HAV1,CNNM4,ZC3HAV1,0.18530509,0.5714285714285714,0.012605550698935986,0.10457045398833564,1.645672258432202
CKS1B_IER5L,CKS1B,IER5L,0.3701538,0.2857142857142857,0.01405020896345377,0.10429289575106933,1.6413041996378943
PRTG_PTPN12,PRTG,PTPN12,0.2452065,0.42857142857142855,0.00793319009244442,0.10426137684682951,1.6408081724682173
CDKN1C_SGK1,CDKN1C,SGK1,0.36860442,0.2857142857142857,0.011383668519556522,0.10413016574332029,1.63874324432831
SAMD1_SPI1,SAMD1,SPI1,0.2452911,0.42857142857142855,0.009677398018538952,0.10411717336660616,1.6385387774534514
CKS1B_SAMD1,CKS1B,SAMD1,0.36795166,0.2857142857142857,0.010604213923215866,0.10402593285398083,1.6371028844765558
ARID1A_LHX1,ARID1A,LHX1,0.3697406,0.2857142857142857,0.016751296818256378,0.1038997179437649,1.6351165836772301
CEBPA_PRDM1,CEBPA,PRDM1,0.7463435,0.14285714285714285,0.02648690529167652,0.10386932216699625,1.6346382316696235
CBFA2T3_ETS2,CBFA2T3,ETS2,0.36829248,0.2857142857142857,0.013766368851065636,0.10379750827446321,1.6335080641490272
DUSP9_JUN,DUSP9,JUN,0.3668762,0.2857142857142857,0.009997455403208733,0.10378419775217498,1.6332985904742028
LYL1_UBASH3A,LYL1,UBASH3A,0.24463996,0.42857142857142855,0.01169599313288927,0.10363360051077757,1.6309285739646466
CDKN1B_FEV,CDKN1B,FEV,0.24398412,0.42857142857142855,0.009595885872840881,0.10357076876770599,1.6299397625692846
PTPN9_TGFBR2,PTPN9,TGFBR2,0.24297872,0.42857142857142855,0.007999399676918983,0.10330734122671234,1.6257940848966161
CNNM4_RHOXF2,CNNM4,RHOXF2,0.24212937,0.42857142857142855,0.005358968861401081,0.1032165957219105,1.6243659820804373
FOXL2_LHX1,FOXL2,LHX1,0.3660419,0.2857142857142857,0.013484104536473751,0.10319194861397163,1.6239780994593092
COL1A1_DUSP9,COL1A1,DUSP9,0.36861756,0.2857142857142857,0.021281421184539795,0.10312466470161995,1.6229192222739015
CEBPB_IGDCC3,CEBPB,IGDCC3,0.36733544,0.2857142857142857,0.018041446805000305,0.10309303498712308,1.6224214512333797
FOXA3_PTPN1,FOXA3,PTPN1,0.36431974,0.2857142857142857,0.010282219387590885,0.10303195758699232,1.6214602487217835
CEBPA_CNN1,CEBPA,CNN1,0.7365273,0.14285714285714285,0.02212486043572426,0.10294064177091733,1.6200231706606374
PTPN9_ZNF318,PTPN9,ZNF318,0.24102168,0.42857142857142855,0.0065114982426166534,0.10262675088553917,1.6150833286446586
ATL1_PRTG,ATL1,PRTG,0.3627195,0.2857142857142857,0.01005661953240633,0.10260231216210179,1.614698725464138
CNNM4_HNF4A,CNNM4,HNF4A,0.3636463,0.2857142857142857,0.014244294725358486,0.1024397603327754,1.6121405742285158
ELMSAN1_TMSB4X,ELMSAN1,TMSB4X,0.24153815,0.42857142857142855,0.010866659693419933,0.10240356619419891,1.6115709707936885
HOXA13_MAML2,HOXA13,MAML2,0.36200356,0.2857142857142857,0.010512586683034897,0.10235358897630818,1.610784456841616
FOXF1_PTPN12,FOXF1,PTPN12,0.23976871,0.42857142857142855,0.004063147120177746,0.10234218879291578,1.6106050470290505
PTPN12_PTPN13,PTPN12,PTPN13,0.23950787,0.42857142857142855,0.0040587252005934715,0.10223130076586098,1.6088599522823386
CBL_FEV,CBL,FEV,0.24061777,0.42857142857142855,0.009259158745408058,0.10217583783030831,1.607987107124562
ELMSAN1_UBASH3A,ELMSAN1,UBASH3A,0.18003885,0.5714285714285714,0.008128596469759941,0.10204982358131996,1.6060039642212094
SAMD1_SET,SAMD1,SET,0.36288768,0.2857142857142857,0.01647106558084488,0.10200211097799626,1.6052530895269468
CNN1_ZBTB10,CNN1,ZBTB10,0.36228618,0.2857142857142857,0.016179542988538742,0.10186225252290969,1.6030520741266614
KIF18B_SLC6A9,KIF18B,SLC6A9,0.17937969,0.5714285714285714,0.006882297340780497,0.10180204617019609,1.602104579679968
MAP2K3_RREB1,MAP2K3,RREB1,0.18002406,0.5714285714285714,0.010516960173845291,0.10180026078406082,1.6020764822554916
SLC6A9_TBX3,SLC6A9,TBX3,0.36223686,0.2857142857142857,0.016841305419802666,0.10178210151757196,1.6017907017127628
ARRDC3_RREB1,ARRDC3,RREB1,0.23926045,0.42857142857142855,0.008200530894100666,0.10170614844705336,1.6005953940868713
BPGM_ZBTB10,BPGM,ZBTB10,0.35994002,0.2857142857142857,0.011475683189928532,0.10167323650049657,1.6000774439838188
COL2A1_DUSP9,COL2A1,DUSP9,0.36245394,0.2857142857142857,0.01944142021238804,0.10158334340023879,1.5986627558412656
CDKN1B_MEIS1,CDKN1B,MEIS1,0.23877127,0.42857142857142855,0.007675477769225836,0.10155109313613288,1.5981552189324928
FOSB_SAMD1,FOSB,SAMD1,0.23783936,0.42857142857142855,0.005026701372116804,0.10142133782121066,1.5961132011922288
BCL2L11_PTPN12,BCL2L11,PTPN12,0.2376067,0.42857142857142855,0.00456277746707201,0.10136892084428609,1.5952882916551114
RREB1_TBX3,RREB1,TBX3,0.36017975,0.2857142857142857,0.016224484890699387,0.10126551970880282,1.5936610214878215
MIDN_POU3F2,MIDN,POU3F2,0.35760838,0.2857142857142857,0.01083244290202856,0.10107889095187832,1.5907239608154962
POU3F2_SGK1,POU3F2,SGK1,0.35761473,0.2857142857142857,0.01104568038135767,0.10105936648912457,1.5904166955652352
MAP4K3_PTPN12,MAP4K3,PTPN12,0.23676383,0.42857142857142855,0.004146005492657423,0.10105125591791357,1.5902890558588658
CDKN1A_SAMD1,CDKN1A,SAMD1,0.23773368,0.42857142857142855,0.01063641719520092,0.10081356643260514,1.5865484295425953
TMSB4X_ZNF318,TMSB4X,ZNF318,0.23656715,0.42857142857142855,0.008063221350312233,0.10057496516218756,1.582793454054044
CNN1_OSR2,CNN1,OSR2,0.17835702,0.5714285714285714,0.013651722110807896,0.1005456755327463,1.5823325099843493
MAML2_TMSB4X,MAML2,TMSB4X,0.2359968,0.42857142857142855,0.007520027458667755,0.1003865749204827,1.5798286721036126
MEIS1_UBASH3B,MEIS1,UBASH3B,0.23576872,0.42857142857142855,0.007172260899096727,0.10032418612304529,1.578846831542883
ELMSAN1_ZNF318,ELMSAN1,ZNF318,0.17706563,0.5714285714285714,0.008787221275269985,0.10029900801532571,1.5784505923394212
CKS1B_TBX3,CKS1B,TBX3,0.35754368,0.2857142857142857,0.018771808594465256,0.10027303018211949,1.5780417674963503
POU3F2_TGFBR2,POU3F2,TGFBR2,0.23623131,0.42857142857142855,0.01018788293004036,0.1002209516018249,1.5772221834591718
LHX1_TBX2,LHX1,TBX2,0.35595068,0.2857142857142857,0.016671478748321533,0.10003250545553706,1.5742565217131785
CBL_SPI1,CBL,SPI1,0.17651634,0.5714285714285714,0.008520334027707577,0.10001432408430556,1.5739703932981748
CDKN1B_TMSB4X,CDKN1B,TMSB4X,0.2359449,0.42857142857142855,0.011830507777631283,0.0999369368356715,1.5727525153663482
TGFBR2_TMSB4X,TGFBR2,TMSB4X,0.23483957,0.42857142857142855,0.009930475614964962,0.0996559010062588,1.5683297281406032
HK2_IER5L,HK2,IER5L,0.3519186,0.2857142857142857,0.009731121361255646,0.09957915683980055,1.5671219706821635
SET_SGK1,SET,SGK1,0.35385215,0.2857142857142857,0.017327917739748955,0.099378591042018,1.5639655765305431
CBFA2T3_CLDN6,CBFA2T3,CLDN6,0.3521471,0.2857142857142857,0.013070452027022839,0.09931536115249755,1.5629704993254738
KIF2C_RREB1,KIF2C,RREB1,0.23363987,0.42857142857142855,0.010102501139044762,0.0991299111512508,1.560051989261321
FOXA3_IER5L,FOXA3,IER5L,0.3504109,0.2857142857142857,0.011102277785539627,0.09901807622923248,1.558291992802761
CBL_ISL2,CBL,ISL2,0.17442943,0.5714285714285714,0.0070611112751066685,0.09897508678880963,1.557615448647016
BCORL1_SAMD1,BCORL1,SAMD1,0.2330935,0.42857142857142855,0.009415178559720516,0.09896543708319058,1.557463586890338
HOXC13_PTPN12,HOXC13,PTPN12,0.2314075,0.42857142857142855,0.004053546115756035,0.09877425401468351,1.554454852968621
BAK1_IGDCC3,BAK1,IGDCC3,0.23225434,0.42857142857142855,0.008592584170401096,0.0986895763278181,1.5531222421319293
HK2_SET,HK2,SET,0.34991252,0.2857142857142857,0.014046556316316128,0.09859015475988174,1.5515576002086864
CBL_IRF1,CBL,IRF1,0.17328776,0.5714285714285714,0.004722775425761938,0.09855612111123031,1.5510219973753552
KMT2A_ZNF318,KMT2A,ZNF318,0.17384817,0.5714285714285714,0.008367716334760189,0.09851744372647443,1.5504133139787184
ETS2_TBX3,ETS2,TBX3,0.35173312,0.2857142857142857,0.020220763981342316,0.09850336339336005,1.5501917254447488
CITED1_UBASH3B,CITED1,UBASH3B,0.348337,0.2857142857142857,0.01199016347527504,0.09834567489463557,1.5477101106297873
CDKN1B_PLK4,CDKN1B,PLK4,0.23081729,0.42857142857142855,0.006977729965001345,0.0982362290467847,1.545987712105737
CBFA2T3_LHX1,CBFA2T3,LHX1,0.34767902,0.2857142857142857,0.01297304593026638,0.09806466515884503,1.5432877340511082
KMT2A_PTPN9,KMT2A,PTPN9,0.23038973,0.42857142857142855,0.007180339656770229,0.09803453409376597,1.5428135479303982
CBFA2T3_PTPN1,CBFA2T3,PTPN1,0.3471179,0.2857142857142857,0.012058086693286896,0.09799491195567706,1.5421899965257158
FOXA1_RREB1,FOXA1,RREB1,0.23027232,0.42857142857142855,0.009833306074142456,0.09772715733296451,1.5379762216222028
MAP4K5_PTPN9,MAP4K5,PTPN9,0.22895767,0.42857142857142855,0.006002369802445173,0.09753924819642208,1.5350190110400594
COL1A1_TBX2,COL1A1,TBX2,0.34945607,0.2857142857142857,0.023735003545880318,0.097529723622181,1.5348691185321464
MAP7D1_PTPN12,MAP7D1,PTPN12,0.22850649,0.42857142857142855,0.004229042213410139,0.09751894138948031,1.5346994336875013
SAMD1_TSC22D1,SAMD1,TSC22D1,0.22947685,0.42857142857142855,0.008655521087348461,0.09750328152147585,1.5344529873026693
ARRDC3_PTPN9,ARRDC3,PTPN9,0.22903357,0.42857142857142855,0.0068405442871153355,0.09749035907912544,1.5342496210163412
CNN1_FOXA3,CNN1,FOXA3,0.34371638,0.2857142857142857,0.009710664860904217,0.09726021945609152,1.5306278102777628
ATL1_SLC4A1,ATL1,SLC4A1,0.34383538,0.2857142857142857,0.010283499024808407,0.09723872669277855,1.5302895689964815
FOXA1_UBASH3B,FOXA1,UBASH3B,0.228589,0.42857142857142855,0.008189776912331581,0.09717090552610842,1.529222236798268
HK2_ZNF318,HK2,ZNF318,0.2283449,0.42857142857142855,0.00755526265129447,0.09712827142545818,1.5285512847843166
ETS2_HNF4A,ETS2,HNF4A,0.3454393,0.2857142857142857,0.016487199813127518,0.09709610422632269,1.5280450551063363
HK2_TGFBR2,HK2,TGFBR2,0.22797407,0.42857142857142855,0.008986991830170155,0.09683293694339773,1.5239034732319294
BPGM_CEBPB,BPGM,CEBPB,0.34473932,0.2857142857142857,0.01775791123509407,0.0967783663309271,1.523044670963761
OSR2_PRDM1,OSR2,PRDM1,0.34475538,0.2857142857142857,0.018691573292016983,0.09669417133690227,1.5217196564813629
ATL1_HOXC13,ATL1,HOXC13,0.34079894,0.2857142857142857,0.007104434072971344,0.09668424011445381,1.5215633643677455
ATL1_LHX1,ATL1,LHX1,0.34358907,0.2857142857142857,0.01621945947408676,0.09660148117919344,1.520260949787901
ATL1_MAPK1,ATL1,MAPK1,0.3405725,0.2857142857142857,0.00730364304035902,0.09660089190793736,1.5202516761611562
CNNM4_PLK4,CNNM4,PLK4,0.22685888,0.42857142857142855,0.00794136431068182,0.09645921824797454,1.5180220940654585
LHX1_S1PR2,LHX1,S1PR2,0.34208623,0.2857142857142857,0.015924397855997086,0.096206884930189,1.5140510111723486
IER5L_LHX1,IER5L,LHX1,0.3410609,0.2857142857142857,0.015077833086252213,0.09599852361262388,1.5107719354203628
TBX3_TGFBR2,TBX3,TGFBR2,0.3407144,0.2857142857142857,0.014173171482980251,0.09598653637313596,1.5105832868420306
OSR2_TBX3,OSR2,TBX3,0.34316865,0.2857142857142857,0.021845318377017975,0.09595208084421594,1.510041044689198
EGR1_ELMSAN1,EGR1,ELMSAN1,0.16964772,0.5714285714285714,0.01089171227067709,0.09589707292346354,1.5091753603039477
PTPN12_SLC4A1,PTPN12,SLC4A1,0.22558472,0.42857142857142855,0.00818909052759409,0.0958938801649082,1.509125114426819
LYL1_TGFBR2,LYL1,TGFBR2,0.2263164,0.42857142857142855,0.011492984369397163,0.09589067595559299,1.5090746883439328
ELMSAN1_SET,ELMSAN1,SET,0.34058067,0.2857142857142857,0.015222229063510895,0.09584971708674163,1.5084301002061309
NCL_RREB1,NCL,RREB1,0.22506015,0.42857142857142855,0.010197125375270844,0.09548072112743161,1.5026230448616278
IER5L_MAML2,IER5L,MAML2,0.22496347,0.42857142857142855,0.009857259690761566,0.09547182568964718,1.502483053357048
IER5L_MEIS1,IER5L,MEIS1,0.33706334,0.2857142857142857,0.009545690380036831,0.09539321797198123,1.501245968355237
AHR_POU3F2,AHR,POU3F2,0.33716613,0.2857142857142857,0.009985444135963917,0.0953807608955051,1.5010499257409413
ATL1_IRF1,ATL1,IRF1,0.33568347,0.2857142857142857,0.007403296418488026,0.0952047325740166,1.498279688887955
BCORL1_PTPN12,BCORL1,PTPN12,0.2240961,0.42857142857142855,0.008905689232051373,0.09519342458769213,1.4981017300221076
CELF2_ZBTB25,CELF2,ZBTB25,0.22294004,0.42857142857142855,0.005330545827746391,0.09503912215319225,1.4956734032225194
PTPN1_STIL,PTPN1,STIL,0.3351602,0.2857142857142857,0.007802998181432486,0.0950186257864955,1.4953508426828541
CDKN1B_CKS1B,CDKN1B,CKS1B,0.33535662,0.2857142857142857,0.010850420221686363,0.0947876916945113,1.4917165290291425
FOXA1_IGDCC3,FOXA1,IGDCC3,0.33499938,0.2857142857142857,0.010421793907880783,0.09472688520934985,1.4907595900282453
GLB1L2_ZBTB25,GLB1L2,ZBTB25,0.22189155,0.42857142857142855,0.003951136022806168,0.0947221195398385,1.4906845905440835
CELF2_SLC6A9,CELF2,SLC6A9,0.166708,0.5714285714285714,0.007500687148422003,0.09455250129934481,1.4880152320182451
HOXB9_MEIS1,HOXB9,MEIS1,0.33397967,0.2857142857142857,0.009921405464410782,0.09448533446718566,1.4869581973764772
CBL_FOSB,CBL,FOSB,0.16606973,0.5714285714285714,0.004881777334958315,0.09443597381274756,1.4861813865607194
ATL1_STIL,ATL1,STIL,0.33343017,0.2857142857142857,0.00893384125083685,0.09442221011085317,1.4859647809946437
ARRDC3_TBX2,ARRDC3,TBX2,0.33411968,0.2857142857142857,0.011577176861464977,0.09437022423603195,1.4851466559051882
SET_SLC6A9,SET,SLC6A9,0.33507872,0.2857142857142857,0.01527008879929781,0.09429685473416514,1.4839920070609685
CKS1B_LHX1,CKS1B,LHX1,0.3349834,0.2857142857142857,0.015167400240898132,0.09427956930948084,1.4837199785596733
HK2_SGK1,HK2,SGK1,0.3331358,0.2857142857142857,0.010358341038227081,0.09420584472529969,1.4825597416253966
BCORL1_PTPN1,BCORL1,PTPN1,0.33279425,0.2857142857142857,0.010012191720306873,0.09414150832913265,1.4815472508276477
CDKN1B_MAP2K3,CDKN1B,MAP2K3,0.16613951,0.5714285714285714,0.008853244595229626,0.09410374127780745,1.480952893757575
AHR_SGK1,AHR,SGK1,0.33295682,0.2857142857142857,0.011968176811933517,0.09400544640369715,1.4794059831217328
BAK1_PTPN12,BAK1,PTPN12,0.2208556,0.42857142857142855,0.007383862975984812,0.09395861971858618,1.4786690505207705
LYL1_MAP4K5,LYL1,MAP4K5,0.22112699,0.42857142857142855,0.011045042425394058,0.09373341977200902,1.4751249776919024
FOXA1_IER5L,FOXA1,IER5L,0.33131954,0.2857142857142857,0.010989121161401272,0.09363377304861517,1.4735567923959754
CEBPB_TP73,CEBPB,TP73,0.6705085,0.14285714285714285,0.02348140999674797,0.0935893199377784,1.4728572138007323
CKS1B_HK2,CKS1B,HK2,0.3303674,0.2857142857142857,0.008754157461225986,0.09357154180092642,1.472577431266488
HK2_KMT2A,HK2,KMT2A,0.22007698,0.42857142857142855,0.008129671216011047,0.09355810828574544,1.4723660219972023
DLX2_PTPN12,DLX2,PTPN12,0.22002794,0.42857142857142855,0.008006065152585506,0.0935487306893645,1.4722184425459686
PTPN1_SLC4A1,PTPN1,SLC4A1,0.3295407,0.2857142857142857,0.009172090329229832,0.09329874115293688,1.468284244794057
FOXL2_SGK1,FOXL2,SGK1,0.33049017,0.2857142857142857,0.01261227298527956,0.09324967307011796,1.467512038309436
BAK1_CBL,BAK1,CBL,0.16430426,0.5714285714285714,0.007122857961803675,0.09322412434040063,1.467109966460932
IRF1_PTPN1,IRF1,PTPN1,0.32801816,0.2857142857142857,0.005532070528715849,0.09320386356016211,1.4667911134513003
DUSP9_NIT1,DUSP9,NIT1,0.33183843,0.2857142857142857,0.017953163012862206,0.09313884287788445,1.4657678537353138
CBL_TSC22D1,CBL,TSC22D1,0.16405602,0.5714285714285714,0.007905013859272003,0.09301104241769743,1.4637566004230915
PLK4_ZBTB25,PLK4,ZBTB25,0.21842813,0.42857142857142855,0.0067014084197580814,0.09298890121653469,1.4634081543837738
COL1A1_RUNX1T1,COL1A1,RUNX1T1,0.33113897,0.2857142857142857,0.017647285014390945,0.09297045768326291,1.4631179002068508
PRTG_SLC6A9,PRTG,SLC6A9,0.16423634,0.5714285714285714,0.009838566184043884,0.09293498836415869,1.462559703582001
KIF2C_LYL1,KIF2C,LYL1,0.21951793,0.42857142857142855,0.013462258502840996,0.09282941978650458,1.460898323402597
PTPN12_RUNX1T1,PTPN12,RUNX1T1,0.21844351,0.42857142857142855,0.00910194031894207,0.09277422295236488,1.4600296660024186
FOXA3_SAMD1,FOXA3,SAMD1,0.32746926,0.2857142857142857,0.009001859463751316,0.09272792185070665,1.4593010047446
CNN1_FOXL2,CNN1,FOXL2,0.32842797,0.2857142857142857,0.012715687975287437,0.09265834832846215,1.4582060949387003
FOXA3_LHX1,FOXA3,LHX1,0.32718083,0.2857142857142857,0.01044334564357996,0.09251408136411213,1.455935700845685
CKS1B_POU3F2,CKS1B,POU3F2,0.32652012,0.2857142857142857,0.009313550777733326,0.09243060434079832,1.4546219853912283
MAP2K3_SLC6A9,MAP2K3,SLC6A9,0.16337068,0.5714285714285714,0.010390028357505798,0.09239469297095063,1.4540568320150438
CDKN1C_FOXA3,CDKN1C,FOXA3,0.32643783,0.2857142857142857,0.00981318112462759,0.09236159067460503,1.4535358862917669
MAML2_SAMD1,MAML2,SAMD1,0.21715312,0.42857142857142855,0.008678736165165901,0.09226487905479874,1.4520138920408765
HOXB9_IGDCC3,HOXB9,IGDCC3,0.32709014,0.2857142857142857,0.013530315831303596,0.09220674058029063,1.4510989407234018
CBL_CDKN1A,CBL,CDKN1A,0.16287033,0.5714285714285714,0.009787085466086864,0.09216671793936228,1.450469086425434
IRF1_PTPN12,IRF1,PTPN12,0.21568212,0.42857142857142855,0.004483446013182402,0.09202261548480556,1.4482012812970138
AHR_FOXA3,AHR,FOXA3,0.32520548,0.2857142857142857,0.009833401069045067,0.09201106828898999,1.4480195578838353
KIF18B_ZBTB25,KIF18B,ZBTB25,0.21553183,0.42857142857142855,0.004664415493607521,0.0919419272298116,1.4469314539436806
CKS1B_RREB1,CKS1B,RREB1,0.3243211,0.2857142857142857,0.010059930384159088,0.09174026819569278,1.443757855040222
HOXA13_ZBTB10,HOXA13,ZBTB10,0.6525174,0.14285714285714285,0.016695935279130936,0.09168598506031964,1.4429035769284115
LYL1_S1PR2,LYL1,S1PR2,0.3256853,0.2857142857142857,0.01500781998038292,0.09167706777968346,1.442763241673051
ATL1_TSC22D1,ATL1,TSC22D1,0.32397014,0.2857142857142857,0.009680986404418945,0.09167538867338791,1.442736816822205
ATL1_SPI1,ATL1,SPI1,0.32426056,0.2857142857142857,0.010975096374750137,0.09164011594098581,1.442181713970689
CBFA2T3_SNAI1,CBFA2T3,SNAI1,0.32487175,0.2857142857142857,0.014812706038355827,0.09146564589921143,1.4394360004663023
ELMSAN1_NCL,ELMSAN1,NCL,0.16165023,0.5714285714285714,0.010151779279112816,0.09144324579222819,1.4390834799096608
ATL1_BCORL1,ATL1,BCORL1,0.32339337,0.2857142857142857,0.011044609360396862,0.09138875396437937,1.4382259175105145
IER5L_SNAI1,IER5L,SNAI1,0.32419467,0.2857142857142857,0.013878279365599155,0.09135914081361912,1.437759882040339
S1PR2_SLC6A9,S1PR2,SLC6A9,0.3230913,0.2857142857142857,0.012203501537442207,0.09119885416914843,1.435237379037416
ATL1_SNAI1,ATL1,SNAI1,0.32374385,0.2857142857142857,0.014521853066980839,0.09117422416820536,1.4348497656367734
CITED1_POU3F2,CITED1,POU3F2,0.32262725,0.2857142857142857,0.012020641937851906,0.0910843212396127,1.4334349228212946
FOSB_PTPN1,FOSB,PTPN1,0.32040477,0.2857142857142857,0.005718090105801821,0.09102373749299457,1.4324814891570163
FOXA3_IGDCC3,FOXA3,IGDCC3,0.32161373,0.2857142857142857,0.010580192320048809,0.09092760530583183,1.430968613698201
KMT2A_LYL1,KMT2A,LYL1,0.21418296,0.42857142857142855,0.011456281878054142,0.0907530042902247,1.428220838999711
COL1A1_TP73,COL1A1,TP73,0.6519147,0.14285714285714285,0.02748413011431694,0.09063952517750813,1.426434967172761
POU3F2_SLC6A9,POU3F2,SLC6A9,0.21339275,0.42857142857142855,0.0097431605681777,0.09057158200309387,1.4253657148838128
CNNM4_MAML2,CNNM4,MAML2,0.2134549,0.42857142857142855,0.0102413734421134,0.09055328237822204,1.4250777254580935
SNAI1_TP73,SNAI1,TP73,0.64519,0.14285714285714285,0.018495501950383186,0.09049622693452414,1.4241798182835044
CKS1B_UBASH3A,CKS1B,UBASH3A,0.31858653,0.2857142857142857,0.008012811653316021,0.09030115621495546,1.4211099026488034
MAP2K6_ZBTB25,MAP2K6,ZBTB25,0.21148562,0.42857142857142855,0.003864397993311286,0.09028778818680518,1.4208995239783682
IER5L_MAP4K5,IER5L,MAP4K5,0.31801772,0.2857142857142857,0.008418649435043335,0.09010365496635003,1.4180017366856728
TMSB4X_ZBTB10,TMSB4X,ZBTB10,0.32064036,0.2857142857142857,0.019160373136401176,0.08988921912031139,1.41462706334746
AHR_FOXA1,AHR,FOXA1,0.31787428,0.2857142857142857,0.010378265753388405,0.08988833853413236,1.4146132051667721
IER5L_UBASH3A,IER5L,UBASH3A,0.31695095,0.2857142857142857,0.008675687946379185,0.08977852299202858,1.412884988598017
HOXB9_PTPN9,HOXB9,PTPN9,0.31759158,0.2857142857142857,0.01107711624354124,0.08974632036780594,1.4123782014195103
FOXO4_ZBTB25,FOXO4,ZBTB25,0.2101243,0.42857142857142855,0.003776413854211569,0.08971447199510646,1.411876989256526
MAP4K3_ZBTB25,MAP4K3,ZBTB25,0.21012649,0.42857142857142855,0.0038819548208266497,0.08970597520034135,1.4117432713764055
CDKN1A_S1PR2,CDKN1A,S1PR2,0.31719545,0.2857142857142857,0.010541578754782677,0.08968188146908754,1.4113640974930164
CBL_HOXB9,CBL,HOXB9,0.31764883,0.2857142857142857,0.012241045944392681,0.0896592845865017,1.4110084801902294
CDKN1C_UBASH3A,CDKN1C,UBASH3A,0.3160337,0.2857142857142857,0.007261478342115879,0.08964438954052538,1.4107740701535854
FEV_RREB1,FEV,RREB1,0.21121879,0.42857142857142855,0.010224751196801662,0.08960613777264959,1.410172084881185
CDKN1C_FOXA1,CDKN1C,FOXA1,0.31663,0.2857142857142857,0.009934335947036743,0.08957583947123683,1.4096952668870875
PTPN13_ZBTB25,PTPN13,ZBTB25,0.20978636,0.42857142857142855,0.003877990646287799,0.08956112088043443,1.409463633804865
BPGM_CSRNP1,BPGM,CSRNP1,0.2107447,0.42857142857142855,0.01065126433968544,0.08936727999544107,1.4064130726299169
HOXB9_ZBTB25,HOXB9,ZBTB25,0.31629956,0.2857142857142857,0.012018874287605286,0.08929804027575391,1.4053234160249692
FOXA1_LHX1,FOXA1,LHX1,0.3157151,0.2857142857142857,0.010358907282352448,0.08927947769449075,1.4050312883362712
BCORL1_LHX1,BCORL1,LHX1,0.31466654,0.2857142857142857,0.009809293784201145,0.08903139048630909,1.4011270283794197
FOXL2_IGDCC3,FOXL2,IGDCC3,0.31541193,0.2857142857142857,0.01240547001361847,0.08901343939417422,1.400844523970113
NCL_TGFBR2,NCL,TGFBR2,0.15686217,0.5714285714285714,0.009993722662329674,0.08874859657015864,1.3966765733520934
PLK4_UBASH3B,PLK4,UBASH3B,0.20843887,0.42857142857142855,0.006848584394901991,0.08872331657479149,1.3962787306969044
FOXF1_ZBTB25,FOXF1,ZBTB25,0.20778833,0.42857142857142855,0.003794777439907193,0.08871548731165471,1.3961555180621998
TGFBR2_UBASH3A,TGFBR2,UBASH3A,0.20745112,0.42857142857142855,0.007604352664202452,0.08823664033426204,1.388619687847509
HOXB9_UBASH3B,HOXB9,UBASH3B,0.3124012,0.2857142857142857,0.011615796945989132,0.08823259531771036,1.3885560296030421
OSR2_SLC38A2,OSR2,SLC38A2,0.31257206,0.2857142857142857,0.012283515185117722,0.08822261954614363,1.3883990363999177
FOXA3_SGK1,FOXA3,SGK1,0.31203374,0.2857142857142857,0.010572596453130245,0.08821978571113583,1.3883544390640599
CDKN1C_MAP2K3,CDKN1C,MAP2K3,0.2080681,0.42857142857142855,0.010954221710562706,0.08820581788537507,1.3881346211089074
CKS1B_EGR1,CKS1B,EGR1,0.31206572,0.2857142857142857,0.01343927439302206,0.08797925706855193,1.3845691316530122
LHX1_PLK4,LHX1,PLK4,0.30985725,0.2857142857142857,0.006505782250314951,0.08795840441946148,1.3842409641371016
LHX1_MEIS1,LHX1,MEIS1,0.30962303,0.2857142857142857,0.008363666944205761,0.08772997933136578,1.380646135805851
CBFA2T3_CSRNP1,CBFA2T3,CSRNP1,0.15500331,0.5714285714285714,0.010053749196231365,0.0876916893203383,1.3800435486837752
BPGM_RUNX1T1,BPGM,RUNX1T1,0.20633852,0.42857142857142855,0.010148153640329838,0.087542402599132,1.3776941564197909
PTPN12_SPI1,PTPN12,SPI1,0.20575565,0.42857142857142855,0.00807841494679451,0.08747433927464071,1.3766230132750508
AHR_SET,AHR,SET,0.31129852,0.2857142857142857,0.017735639587044716,0.08739247270798484,1.375334642301222
MAP4K5_TGFBR2,MAP4K5,TGFBR2,0.20506749,0.42857142857142855,0.008339673280715942,0.08715918610911158,1.3716633061887045
ARRDC3_COL1A1,ARRDC3,COL1A1,0.30971283,0.2857142857142857,0.01600124128162861,0.08709573926306641,1.3706648146412432
LYL1_SGK1,LYL1,SGK1,0.30846515,0.2857142857142857,0.011998902074992657,0.08708794117306512,1.3705420925921898
BCL2L11_SLC6A9,BCL2L11,SLC6A9,0.15337063,0.5714285714285714,0.006638477556407452,0.08706240033585014,1.3701401449515445
ARRDC3_CKS1B,ARRDC3,CKS1B,0.30647904,0.2857142857142857,0.007388354744762182,0.08692321950673142,1.3679497936558351
CNN1_LHX1,CNN1,LHX1,0.3089241,0.2857142857142857,0.01623200625181198,0.0868542129421462,1.3668638063175733
CKS1B_KMT2A,CKS1B,KMT2A,0.3063392,0.2857142857142857,0.008612415753304958,0.08677811771802905,1.3656662615565769
FOXA3_POU3F2,FOXA3,POU3F2,0.30626503,0.2857142857142857,0.008850454352796078,0.08673663461206443,1.3650134232635807
CITED1_CNNM4,CITED1,CNNM4,0.30787596,0.2857142857142857,0.014740356244146824,0.08668676648473113,1.364228626118667
MAP2K3_SET,MAP2K3,SET,0.30788085,0.2857142857142857,0.014808077365159988,0.0866823576970741,1.3641592430447318
IRF1_S1PR2,IRF1,S1PR2,0.30544764,0.2857142857142857,0.007607053965330124,0.08661189238482372,1.3630502987384832
CKS1B_COL1A1,CKS1B,COL1A1,0.30854207,0.2857142857142857,0.02105294167995453,0.08633722536472442,1.3587277403288767
FOSB_S1PR2,FOSB,S1PR2,0.3044336,0.2857142857142857,0.007640820927917957,0.08632146571412276,1.3584797236204416
CNNM4_MAP2K3,CNNM4,MAP2K3,0.2036959,0.42857142857142855,0.01173947099596262,0.08628529624774668,1.357910508463127
ARID1A_CNNM4,ARID1A,CNNM4,0.3070731,0.2857142857142857,0.016829777508974075,0.08628304315242401,1.3578750504888457
CEBPE_COL1A1,CEBPE,COL1A1,0.30607006,0.2857142857142857,0.01755385287106037,0.08594001014556378,1.352476585802258
DUSP9_OSR2,DUSP9,OSR2,0.30542976,0.2857142857142857,0.016605617478489876,0.08584021498044565,1.3509060644121638
ETS2_RUNX1T1,ETS2,RUNX1T1,0.30346513,0.2857142857142857,0.01089093741029501,0.08577020434281879,1.3498042755249267
CEBPE_SAMD1,CEBPE,SAMD1,0.20250396,0.42857142857142855,0.012094630859792233,0.08575029510808828,1.3494909549450402
ATL1_CBFA2T3,ATL1,CBFA2T3,0.30385238,0.2857142857142857,0.013036947697401047,0.08569772871356152,1.3486636939559262
MAPK1_S1PR2,MAPK1,S1PR2,0.3021157,0.2857142857142857,0.007824898697435856,0.08564858240185616,1.3478902563481407
S1PR2_TSC22D1,S1PR2,TSC22D1,0.30259147,0.2857142857142857,0.00975403469055891,0.0856195702739715,1.347433679445231
CITED1_SLC6A9,CITED1,SLC6A9,0.30355722,0.2857142857142857,0.013547295704483986,0.08557137277239213,1.3466751736890663
HES7_PRDM1,HES7,PRDM1,0.6128905,0.14285714285714285,0.023717626929283142,0.08552727903902604,1.3459812507786868
IER5L_KIF18B,IER5L,KIF18B,0.30086985,0.2857142857142857,0.007618877571076155,0.08531282696027827,1.342606321979031
KMT2A_TGFBR2,KMT2A,TGFBR2,0.20080414,0.42857142857142855,0.009450516663491726,0.08525323183084814,1.3416684466280089
HOXB9_KMT2A,HOXB9,KMT2A,0.30152866,0.2857142857142857,0.011511089280247688,0.08517063957611526,1.3403686551745795
PTPN1_RUNX1T1,PTPN1,RUNX1T1,0.30118242,0.2857142857142857,0.010543710552155972,0.08515427767581141,1.340111160591757
TGFBR2_ZNF318,TGFBR2,ZNF318,0.20032613,0.42857142857142855,0.008285523392260075,0.0851485552794666,1.3400211046671893
ELMSAN1_HK2,ELMSAN1,HK2,0.2003441,0.42857142857142855,0.008426817134022713,0.08514426226949537,1.3399535436387593
CDKN1C_ZNF318,CDKN1C,ZNF318,0.29997763,0.2857142857142857,0.006938603240996599,0.08511729922510773,1.3395292140842894
CELF2_RREB1,CELF2,RREB1,0.19994102,0.42857142857142855,0.006934900768101215,0.0850988582273831,1.339238999810412
S1PR2_SPI1,S1PR2,SPI1,0.2999576,0.2857142857142857,0.010252952575683594,0.08483238987718482,1.3350454675558765
PTPN12_TSC22D1,PTPN12,TSC22D1,0.19943134,0.42857142857142855,0.007710336707532406,0.0848166117365843,1.3347971598620145
COL2A1_TP73,COL2A1,TP73,0.6098999,0.14285714285714285,0.02737356722354889,0.08480708171922467,1.3346471816932974
CDKN1B_FOXA3,CDKN1B,FOXA3,0.29846475,0.2857142857142857,0.00887808296829462,0.08452521959696958,1.3302113907255182
CELF2_IER5L,CELF2,IER5L,0.2982037,0.2857142857142857,0.007997448556125164,0.08452507413684024,1.3302091015540511
ELMSAN1_FOXA1,ELMSAN1,FOXA1,0.14931472,0.5714285714285714,0.009537004865705967,0.08451665932779794,1.3300766739201186
ARRDC3_LHX1,ARRDC3,LHX1,0.29773596,0.2857142857142857,0.006637096870690584,0.08450653885582372,1.3299174035016115
POU3F2_ZNF318,POU3F2,ZNF318,0.19866967,0.42857142857142855,0.007783371023833752,0.08448655494448262,1.329602907702323
CKS1B_ZNF318,CKS1B,ZNF318,0.2980631,0.2857142857142857,0.00820396188646555,0.0844679139913593,1.3293095466404194
FOXA1_POU3F2,FOXA1,POU3F2,0.29835242,0.2857142857142857,0.009590174071490765,0.08443381369487421,1.328772894940159
HK2_LHX1,HK2,LHX1,0.29788974,0.2857142857142857,0.008399946615099907,0.0844023786041034,1.3282781867807338
CDKN1C_NCL,CDKN1C,NCL,0.29820353,0.2857142857142857,0.009779466316103935,0.08437585712659484,1.3278608063628068
SAMD1_ZC3HAV1,SAMD1,ZC3HAV1,0.1987036,0.42857142857142855,0.010010921396315098,0.08431461952411282,1.3268970826747675
DLX2_ZBTB25,DLX2,ZBTB25,0.19831651,0.42857142857142855,0.008150804787874222,0.08430563316669792,1.3267556603270776
UBASH3A_ZNF318,UBASH3A,ZNF318,0.19809417,0.42857142857142855,0.007464902941137552,0.08426844747539362,1.3261704523810842
BAK1_SAMD1,BAK1,SAMD1,0.19796862,0.42857142857142855,0.007754467893391848,0.08419083788568718,1.3249490753678175
LHX1_UBASH3A,LHX1,UBASH3A,0.29670697,0.2857142857142857,0.007054775021970272,0.08417955347631133,1.324771487543013
KIF18B_RREB1,KIF18B,RREB1,0.19762425,0.42857142857142855,0.006469782907515764,0.08415166467529576,1.324332588940188
HOXC13_ZBTB25,HOXC13,ZBTB25,0.19703609,0.42857142857142855,0.0037666617427021265,0.08412715895440279,1.323946931390581
CNN1_COL2A1,CNN1,COL2A1,0.29981995,0.2857142857142857,0.018662424758076668,0.08409345403823958,1.3234165019682436
MAPK1_ZBTB25,MAPK1,ZBTB25,0.19682914,0.42857142857142855,0.004003565758466721,0.08401897032149201,1.3222443182233967
LHX1_RUNX1T1,LHX1,RUNX1T1,0.29703075,0.2857142857142857,0.010567129589617252,0.08397851583663854,1.3216076678033846
KMT2A_UBASH3A,KMT2A,UBASH3A,0.19746387,0.42857142857142855,0.007896036840975285,0.08396438698497515,1.3213853157111908
ATL1_ISL2,ATL1,ISL2,0.29672995,0.2857142857142857,0.010099858045578003,0.08393228217797224,1.3208800679262582
ARRDC3_LYL1,ARRDC3,LYL1,0.19727564,0.42857142857142855,0.010750153101980686,0.08364747904240892,1.3163979929095109
LHX1_PTPN9,LHX1,PTPN9,0.29483742,0.2857142857142857,0.009516582824289799,0.08344514882091862,1.3132138312285626
ETS2_IER5L,ETS2,IER5L,0.2950401,0.2857142857142857,0.0132168373093009,0.0831975630060507,1.3093174619237595
MAP7D1_ZBTB25,MAP7D1,ZBTB25,0.1946973,0.42857142857142855,0.0038531916216015816,0.08312141962522958,1.3081191592990569
CBL_DLX2,CBL,DLX2,0.19549076,0.42857142857142855,0.008225470781326294,0.08309823330625753,1.3077542657707977
KIF2C_LHX1,KIF2C,LHX1,0.2934983,0.2857142857142857,0.009623853489756584,0.08305732772288907,1.307110516210602
AHR_PTPN9,AHR,PTPN9,0.2933179,0.2857142857142857,0.009476123377680779,0.08301842544616399,1.306498293587915
NCL_PTPN9,NCL,PTPN9,0.19524619,0.42857142857142855,0.00948991160839796,0.08289031672085018,1.3044821889687692
MAP2K3_S1PR2,MAP2K3,S1PR2,0.2933763,0.2857142857142857,0.01302733737975359,0.0827438668049273,1.302177440785206
FOXA1_SGK1,FOXA1,SGK1,0.29249352,0.2857142857142857,0.010229545645415783,0.08272335542182924,1.3018546439256806
PLK4_RREB1,PLK4,RREB1,0.19377773,0.42857142857142855,0.008004087023437023,0.08238815451322602,1.2965794364913599
IER5L_MAPK1,IER5L,MAPK1,0.29029432,0.2857142857142857,0.007074024528264999,0.08235862716311974,1.2961147513046594
RUNX1T1_SAMD1,RUNX1T1,SAMD1,0.19395383,0.42857142857142855,0.009910243563354015,0.08230738251655853,1.2953082912576528
ATL1_CEBPE,ATL1,CEBPE,0.2914999,0.2857142857142857,0.012416004203259945,0.0822642955150498,1.294630211739227
IER5L_PRTG,IER5L,PRTG,0.29065663,0.2857142857142857,0.009966774843633175,0.0822252299960259,1.2940154200990754
IER5L_TMSB4X,IER5L,TMSB4X,0.29191923,0.2857142857142857,0.015426872298121452,0.08213835674958797,1.2926482567540758
MAP2K3_TBX2,MAP2K3,TBX2,0.29103842,0.2857142857142857,0.014299207367002964,0.08198156398111328,1.2901807384488537
LHX1_ZC3HAV1,LHX1,ZC3HAV1,0.289991,0.2857142857142857,0.01089568343013525,0.0819615419438169,1.2898656426442623
AHR_MEIS1,AHR,MEIS1,0.2891277,0.2857142857142857,0.008292701095342636,0.08192850779690546,1.2893457694192767
CKS1B_CNNM4,CKS1B,CNNM4,0.2892526,0.2857142857142857,0.013793732039630413,0.0815191492743851,1.2829035102669955
OSR2_S1PR2,OSR2,S1PR2,0.29017556,0.2857142857142857,0.01724187470972538,0.08150205383814756,1.2826344716993228
KMT2A_PLK4,KMT2A,PLK4,0.1437094,0.5714285714285714,0.007687422912567854,0.081493188116555,1.282494947851817
GLB1L2_IER5L,GLB1L2,IER5L,0.28714156,0.2857142857142857,0.007000134326517582,0.08147014419224742,1.282132295252426
JUN_SAMD1,JUN,SAMD1,0.19171862,0.42857142857142855,0.00943317636847496,0.0813972891761881,1.280985743102716
MAP4K5_ZNF318,MAP4K5,ZNF318,0.19127007,0.42857142857142855,0.007364415563642979,0.08137361727554437,1.2806132077573298
AHR_LYL1,AHR,LYL1,0.28796357,0.2857142857142857,0.012222805060446262,0.08128181371155166,1.2791684537878685
ARRDC3_CDKN1C,ARRDC3,CDKN1C,0.28642172,0.2857142857142857,0.008037576451897621,0.08118226738031414,1.2776018484084508
EGR1_LHX1,EGR1,LHX1,0.28767478,0.2857142857142857,0.012491431087255478,0.08117875677128226,1.2775466003754394
ELMSAN1_KIF2C,ELMSAN1,KIF2C,0.19105332,0.42857142857142855,0.010008363984525204,0.08106862823113255,1.2758134580156841
FOXO4_IER5L,FOXO4,IER5L,0.28560993,0.2857142857142857,0.006951299495995045,0.08103950747076502,1.2753551715145408
NCL_SGK1,NCL,SGK1,0.2869364,0.2857142857142857,0.011920107528567314,0.081016108509552,1.2749869315397129
HOXB9_MAP4K5,HOXB9,MAP4K5,0.28592792,0.2857142857142857,0.008702967315912247,0.08098884856472628,1.2745579295295362
IRF1_ZBTB25,IRF1,ZBTB25,0.18976054,0.42857142857142855,0.004281142260879278,0.08097926024759744,1.2744070338711342
RHOXF2_RREB1,RHOXF2,RREB1,0.18939507,0.42857142857142855,0.00612699706107378,0.08067502013557956,1.2696190704153576
LHX1_TSC22D1,LHX1,TSC22D1,0.2838826,0.2857142857142857,0.007661794777959585,0.08049259316945188,1.2667481352142942
IER5L_MAP2K6,IER5L,MAP2K6,0.28363225,0.2857142857142857,0.006981010548770428,0.0804759816489178,1.2664867122456573
CDKN1C_KIF18B,CDKN1C,KIF18B,0.2829938,0.2857142857142857,0.0052593606524169445,0.08043234684767886,1.2658000117565391
AHR_SLC6A9,AHR,SLC6A9,0.2843239,0.2857142857142857,0.010365381836891174,0.08040200280844935,1.2653224739658515
CDKN1C_CELF2,CDKN1C,CELF2,0.28284055,0.2857142857142857,0.005546022672206163,0.08036587473545442,1.2647539102347904
LHX1_MAP4K5,LHX1,MAP4K5,0.28323206,0.2857142857142857,0.007112399209290743,0.08035195143132869,1.2645347929366288
SGK1_UBASH3A,SGK1,UBASH3A,0.28354797,0.2857142857142857,0.009065723977982998,0.08028585564264983,1.263494613787745
HOXA13_MIDN,HOXA13,MIDN,0.56990814,0.14285714285714285,0.01438094861805439,0.0802612164403268,1.2631068555808482
JUN_S1PR2,JUN,S1PR2,0.28363198,0.2857142857142857,0.009998638182878494,0.08023546332397621,1.2627015672079867
MAML2_SET,MAML2,SET,0.28388608,0.2857142857142857,0.013168878853321075,0.08005605861119942,1.2598781945669755
IER5L_MAP7D1,IER5L,MAP7D1,0.28183106,0.2857142857142857,0.006860056426376104,0.07997452904084774,1.258595127055529
FOXA1_NIT1,FOXA1,NIT1,0.28366226,0.2857142857142857,0.013441580347716808,0.07997141764384932,1.2585461616018088
IER5L_PTPN13,IER5L,PTPN13,0.28177083,0.2857142857142857,0.006954085547477007,0.07994997117125602,1.258208648818399
ARRDC3_IER5L,ARRDC3,IER5L,0.2823397,0.2857142857142857,0.00943820457905531,0.07991423654833031,1.2576462769880066
CBFA2T3_SLC38A2,CBFA2T3,SLC38A2,0.18816149,0.42857142857142855,0.009514874778687954,0.07988058580639701,1.2571167001298869
FOXF1_RREB1,FOXF1,RREB1,0.18714464,0.42857142857142855,0.005527712870389223,0.07976393235929713,1.2552808723752884
CBL_FOXL2,CBL,FOXL2,0.2816824,0.2857142857142857,0.009502742439508438,0.07972309818731008,1.2546382466481145
HOXC13_IER5L,HOXC13,IER5L,0.28087965,0.2857142857142857,0.006867288611829281,0.07970397736668032,1.2543373336954717
FOXF1_IER5L,FOXF1,IER5L,0.2808573,0.2857142857142857,0.006952737923711538,0.07969087162550355,1.2541310827530858
GLB1L2_RREB1,GLB1L2,RREB1,0.18698871,0.42857142857142855,0.0056166076101362705,0.07969042928149254,1.2541241213864682
BAK1_ZBTB25,BAK1,ZBTB25,0.18681274,0.42857142857142855,0.0068278685212135315,0.07951965462958484,1.2514365638941838
BCL2L11_IER5L,BCL2L11,IER5L,0.28030938,0.2857142857142857,0.0074392021633684635,0.07949699977608432,1.2510800342770434
ARRDC3_TGFBR2,ARRDC3,TGFBR2,0.18687613,0.42857142857142855,0.00816966313868761,0.07944076701584324,1.2501950740419647
CKS1B_MAP4K5,CKS1B,MAP4K5,0.27991125,0.2857142857142857,0.006956898607313633,0.07942211124659929,1.2499014798121078
ARRDC3_ELMSAN1,ARRDC3,ELMSAN1,0.18672034,0.42857142857142855,0.008273865096271038,0.07936633710957684,1.2490237371368578
FOXO4_RREB1,FOXO4,RREB1,0.18612465,0.42857142857142855,0.005514122080057859,0.07933027146597686,1.2484561558852587
CNNM4_LHX1,CNNM4,LHX1,0.28206053,0.2857142857142857,0.016065403819084167,0.0793145043902538,1.248208022324349
ATL1_JUN,ATL1,JUN,0.28055254,0.2857142857142857,0.010845262557268143,0.07929786137294083,1.2479461036767394
IGDCC3_STIL,IGDCC3,STIL,0.27923873,0.2857142857142857,0.008102611638605595,0.07914124371444889,1.2454813411560608
CBFA2T3_PTPN12,CBFA2T3,PTPN12,0.28015524,0.2857142857142857,0.011451427824795246,0.07913811035236927,1.2454320300279804
AHR_EGR1,AHR,EGR1,0.2802964,0.2857142857142857,0.012227714993059635,0.07911725822630178,1.2451038707431175
CNNM4_HOXB9,CNNM4,HOXB9,0.2805264,0.2857142857142857,0.014422462321817875,0.07901086861367003,1.243429569567061
CEBPE_PTPN1,CEBPE,PTPN1,0.27984506,0.2857142857142857,0.012152614071965218,0.07899572654143579,1.2431912719671114
PRTG_RREB1,PRTG,RREB1,0.18597555,0.42857142857142855,0.009002662263810635,0.07899266355946585,1.2431430684424662
CDKN1C_RHOXF2,CDKN1C,RHOXF2,0.27777696,0.2857142857142857,0.004802050068974495,0.07898555215474945,1.2430311530685347
FOSB_ZBTB25,FOSB,ZBTB25,0.1849776,0.42857142857142855,0.00450901361182332,0.07892026428505206,1.2420036885039731
IER5L_MAP4K3,IER5L,MAP4K3,0.2781167,0.2857142857142857,0.006943501066416502,0.07891397587675807,1.2419047249948325
MAP2K6_RREB1,MAP2K6,RREB1,0.18504459,0.42857142857142855,0.005542689003050327,0.07886768380988424,1.241176205921479
KIF18B_UBASH3B,KIF18B,UBASH3B,0.18477653,0.42857142857142855,0.0045726909302175045,0.0788294784459173,1.2405749509282598
CDKN1B_UBASH3A,CDKN1B,UBASH3A,0.27756467,0.2857142857142857,0.006451215595006943,0.0787958636430326,1.240045939659109
MEIS1_SGK1,MEIS1,SGK1,0.27828988,0.2857142857142857,0.010618600994348526,0.0786759668229884,1.2381590694859816
AHR_TMSB4X,AHR,TMSB4X,0.27915642,0.2857142857142857,0.01517204474657774,0.07856695483270071,1.2364434987735036
CDKN1C_GLB1L2,CDKN1C,GLB1L2,0.27608532,0.2857142857142857,0.004064646549522877,0.07856219164021441,1.236368538271399
MAP7D1_RREB1,MAP7D1,RREB1,0.18419302,0.42857142857142855,0.005488879047334194,0.07850893755131971,1.2355304547267691
NIT1_PTPN1,NIT1,PTPN1,0.27949497,0.2857142857142857,0.01773797906935215,0.07846391473330716,1.2348219103935107
POU3F2_PTPN9,POU3F2,PTPN9,0.276699,0.2857142857142857,0.008141487836837769,0.07841841643284636,1.2341058831791458
CDKN1C_EGR1,CDKN1C,EGR1,0.27750313,0.2857142857142857,0.011146871373057365,0.07841255471573075,1.234013634700957
CEBPB_MIDN,CEBPB,MIDN,0.5569046,0.14285714285714285,0.015841802582144737,0.07831711767888706,1.2325116991353129
IGDCC3_NIT1,IGDCC3,NIT1,0.27861035,0.2857142857142857,0.016585510224103928,0.07830424098244554,1.2323090527729241
AHR_CELF2,AHR,CELF2,0.27559498,0.2857142857142857,0.0056291851215064526,0.07830065384568546,1.2322526003886407
CSRNP1_RREB1,CSRNP1,RREB1,0.13836782,0.5714285714285714,0.010317535139620304,0.07825987487995494,1.2316108434671513
MAP4K3_RREB1,MAP4K3,RREB1,0.18346281,0.42857142857142855,0.005533313844352961,0.07819424676181111,1.2305780242597828
ATL1_RUNX1T1,ATL1,RUNX1T1,0.27675277,0.2857142857142857,0.01135080587118864,0.07818475995256496,1.2304287260765774
MAML2_SLC6A9,MAML2,SLC6A9,0.13799076,0.5714285714285714,0.00913181621581316,0.07813831686412126,1.2296978303088661
CDKN1C_FOXO4,CDKN1C,FOXO4,0.27422503,0.2857142857142857,0.0039010688196867704,0.0780455464861147,1.2282378611525049
CDKN1C_PRTG,CDKN1C,PRTG,0.2750263,0.2857142857142857,0.007487772963941097,0.07799493211564021,1.2274413200437022
MAP4K5_SGK1,MAP4K5,SGK1,0.27531913,0.2857142857142857,0.00894732866436243,0.07796502960680742,1.2269707308154183
EGR1_TGFBR2,EGR1,TGFBR2,0.18366955,0.42857142857142855,0.010829752311110497,0.07787218588931953,1.2255096074826597
PTPN13_RREB1,PTPN13,RREB1,0.18260856,0.42857142857142855,0.005518385674804449,0.07783130813598911,1.2248662958962873
IER5L_KIF2C,IER5L,KIF2C,0.27495575,0.2857142857142857,0.010447023436427116,0.0777465653841073,1.2235326611021737
CELF2_UBASH3B,CELF2,UBASH3B,0.18222786,0.42857142857142855,0.005242815241217613,0.0776903402691508,1.2226478211843763
ATL1_NIT1,ATL1,NIT1,0.27654183,0.2857142857142857,0.017222721129655838,0.07767419025629875,1.222393661169666
CDKN1C_MAP2K6,CDKN1C,MAP2K6,0.27281892,0.2857142857142857,0.003938974812626839,0.0776424321287455,1.22189386923513
CSRNP1_LHX1,CSRNP1,LHX1,0.27412805,0.2857142857142857,0.009563567116856575,0.07758035495756951,1.2209169328770106
BCORL1_CBL,BCORL1,CBL,0.18247099,0.42857142857142855,0.008362524211406708,0.07755331235101576,1.2204913512169542
NIT1_S1PR2,NIT1,S1PR2,0.2759852,0.2857142857142857,0.01745551824569702,0.07750011283324061,1.2196541264825727
CDKN1C_MAPK1,CDKN1C,MAPK1,0.27200955,0.2857142857142857,0.00425924314185977,0.07738740295615436,1.2178803604626525
CDKN1C_FOXF1,CDKN1C,FOXF1,0.27191043,0.2857142857142857,0.003914290573447943,0.07738578355714751,1.2178548752522584
HOXB9_ZBTB10,HOXB9,ZBTB10,0.5484353,0.14285714285714285,0.012720473110675812,0.07736379179336478,1.21750878097619
SNAI1_TBX2,SNAI1,TBX2,0.27525902,0.2857142857142857,0.01671453006565571,0.07735252263317516,1.2173314331346863
RUNX1T1_ZBTB25,RUNX1T1,ZBTB25,0.18203446,0.42857142857142855,0.008724496699869633,0.07734001700134109,1.2171346263828882
MAPK1_RREB1,MAPK1,RREB1,0.1814675,0.42857142857142855,0.005738205276429653,0.07732806283436343,1.2169464982815223
SNAI1_ZBTB1,SNAI1,ZBTB1,0.27452853,0.2857142857142857,0.014590809121727943,0.07730872689959033,1.2166421999808714
MAML2_S1PR2,MAML2,S1PR2,0.27370507,0.2857142857142857,0.011602088809013367,0.07730455292601042,1.2165765122816607
BCORL1_NIT1,BCORL1,NIT1,0.27416825,0.2857142857142857,0.013354596681892872,0.07730145677751249,1.2165277868004498
IER5L_STIL,IER5L,STIL,0.27284327,0.2857142857142857,0.008789315819740295,0.07727601710718522,1.21612743126861
AHR_KMT2A,AHR,KMT2A,0.27258894,0.2857142857142857,0.00865979865193367,0.07721389704833177,1.2151498199678241
AHR_GLB1L2,AHR,GLB1L2,0.2712004,0.2857142857142857,0.0038925972767174244,0.0771853737585814,1.2147009361304577
CBL_CEBPE,CBL,CEBPE,0.13645211,0.5714285714285714,0.010385490953922272,0.07717117297917679,1.2144774520790558
ELMSAN1_PLK4,ELMSAN1,PLK4,0.18143344,0.42857142857142855,0.008056162856519222,0.07713576992744184,1.213920298333596
CSRNP1_OSR2,CSRNP1,OSR2,0.27289778,0.2857142857142857,0.0114633459597826,0.0770871179667217,1.2131546405495681
CLDN6_HES7,CLDN6,HES7,0.54962087,0.14285714285714285,0.019481880590319633,0.07701683392033563,1.212048548905739
CDKN1C_PTPN13,CDKN1C,PTPN13,0.2705959,0.2857142857142857,0.003973964136093855,0.07700709319199532,1.2118952546835646
CDKN1C_HOXC13,CDKN1C,HOXC13,0.2704309,0.2857142857142857,0.003918035887181759,0.07696441998501041,1.2112236872356388
CEBPE_S1PR2,CEBPE,S1PR2,0.2727628,0.2857142857142857,0.012659573927521706,0.07695797489139712,1.2111222578991687
CDKN1C_PLK4,CDKN1C,PLK4,0.27135453,0.2857142857142857,0.007445148658007383,0.07695690902387274,1.2111054838626305
S1PR2_SNAI1,S1PR2,SNAI1,0.27351162,0.2857142857142857,0.01595357432961464,0.07691904300879021,1.210509569355406
IER5L_SLC4A1,IER5L,SLC4A1,0.27153924,0.2857142857142857,0.009343473240733147,0.07686445928876225,1.2096505608077135
SPI1_ZBTB25,SPI1,ZBTB25,0.18069685,0.42857142857142855,0.008212502114474773,0.07681069701178775,1.2088044796787463
EGR1_SGK1,EGR1,SGK1,0.27230254,0.2857142857142857,0.013474349863827229,0.0767663485494503,1.2081065479839963
ISL2_NIT1,ISL2,NIT1,0.27200583,0.2857142857142857,0.013062714599072933,0.07671385910551615,1.2072804980009617
RREB1_STIL,RREB1,STIL,0.18033163,0.42857142857142855,0.007579372264444828,0.07670362006446932,1.2071193616076399
DLX2_IGDCC3,DLX2,IGDCC3,0.27054936,0.2857142857142857,0.008378294296562672,0.0766575566977617,1.2063944416916454
BCL2L11_RREB1,BCL2L11,RREB1,0.17990164,0.42857142857142855,0.005954143591225147,0.07664435333799048,1.206186654481541
AHR_FOXO4,AHR,FOXO4,0.26895496,0.2857142857142857,0.003682516049593687,0.07656233297772637,1.2048958631885405
AHR_MAP2K6,AHR,MAP2K6,0.26890898,0.2857142857142857,0.003686700714752078,0.07654892346017869,1.2046848315808014
HOXC13_RREB1,HOXC13,RREB1,0.17957996,0.42857142857142855,0.005431958474218845,0.07654703894299324,1.2046551740864102
CDKN1C_MAP4K3,CDKN1C,MAP4K3,0.26899356,0.2857142857142857,0.004035987891256809,0.07654636166818209,1.204644515508145
COL1A1_KLF1,COL1A1,KLF1,0.27370375,0.2857142857142857,0.021835511550307274,0.07653000083935906,1.2043870377876982
CDKN1C_MAP7D1,CDKN1C,MAP7D1,0.2688137,0.2857142857142857,0.004009800031781197,0.07649717576045355,1.203870454759937
PRTG_UBASH3B,PRTG,UBASH3B,0.17986298,0.42857142857142855,0.007969495840370655,0.07647466805428425,1.2035162408665185
CNNM4_FOXA3,CNNM4,FOXA3,0.27042258,0.2857142857142857,0.010583257302641869,0.07645445648875196,1.2031981623708499
CNNM4_SNAI1,CNNM4,SNAI1,0.27110153,0.2857142857142857,0.013871874660253525,0.07639780053427173,1.2023065421377244
AHR_PTPN13,AHR,PTPN13,0.26814052,0.2857142857142857,0.0036661752965301275,0.07633173295082242,1.2012668068672216
KMT2A_MAP4K5,KMT2A,MAP4K5,0.17938995,0.42857142857142855,0.007598360069096088,0.07630164134659181,1.2007932417596285
KIF18B_SGK1,KIF18B,SGK1,0.26904985,0.2857142857142857,0.008658929727971554,0.07621147677428128,1.1993742813393038
FEV_SGK1,FEV,SGK1,0.26939568,0.2857142857142857,0.010389147326350212,0.07617876168894841,1.1988594293298582
RREB1_SLC4A1,RREB1,SLC4A1,0.17930123,0.42857142857142855,0.008855089545249939,0.07616890273126539,1.1987042744793512
AHR_STIL,AHR,STIL,0.26827937,0.2857142857142857,0.007148468866944313,0.07610719966572,1.1977332255897708
AHR_MAP4K3,AHR,MAP4K3,0.26727766,0.2857142857142857,0.0036522068548947573,0.07608715909475246,1.197417838112462
DLX2_IER5L,DLX2,IER5L,0.26852426,0.2857142857142857,0.009638112969696522,0.07598882804199417,1.1958703581169672
AHR_FOXF1,AHR,FOXF1,0.26693067,0.2857142857142857,0.0036512454971671104,0.07598845308743561,1.195864457288467
RHOXF2_UBASH3B,RHOXF2,UBASH3B,0.17789781,0.42857142857142855,0.00410955585539341,0.07592988088596608,1.1949426802147587
CBFA2T3_IER5L,CBFA2T3,IER5L,0.2689892,0.2857142857142857,0.012205983512103558,0.07592729140736659,1.1949019284255826
ARRDC3_UBASH3A,ARRDC3,UBASH3A,0.17851628,0.42857142857142855,0.007902836427092552,0.07590709732532178,1.1945841250754186
KIF2C_TGFBR2,KIF2C,TGFBR2,0.17878053,0.42857142857142855,0.009643458761274815,0.07588839875165435,1.1942898572131009
AHR_BCL2L11,AHR,BCL2L11,0.26664022,0.2857142857142857,0.004296337254345417,0.07585701158430898,1.1937959032461725
BCL2L11_CDKN1C,BCL2L11,CDKN1C,0.26656744,0.2857142857142857,0.0046323686838150024,0.07581094115341497,1.1930708721579002
CEBPB_HOXB9,CEBPB,HOXB9,0.53812456,0.14285714285714285,0.015613807365298271,0.07569308015750807,1.1912160406647063
CELF2_KMT2A,CELF2,KMT2A,0.13334961,0.5714285714285714,0.006773652043193579,0.07568710040639297,1.191121934632389
ELMSAN1_KIF18B,ELMSAN1,KIF18B,0.13307354,0.5714285714285714,0.00592611450701952,0.07559404306860903,1.189657449460969
CBL_SLC38A2,CBL,SLC38A2,0.1333068,0.5714285714285714,0.008439779281616211,0.07553779274134108,1.1887722127656886
BCORL1_IER5L,BCORL1,IER5L,0.26720005,0.2857142857142857,0.010696842335164547,0.07553488742927597,1.1887264905632375
CDKN1C_SLC4A1,CDKN1C,SLC4A1,0.2662921,0.2857142857142857,0.008259506896138191,0.07546019179245662,1.1875509717369233
AHR_RHOXF2,AHR,RHOXF2,0.26512647,0.2857142857142857,0.004669346380978823,0.07539835802158264,1.1865778658788104
CKS1B_TMSB4X,CKS1B,TMSB4X,0.26791668,0.2857142857142857,0.01719273254275322,0.07525380415303617,1.1843029566454384
AHR_SLC4A1,AHR,SLC4A1,0.26547456,0.2857142857142857,0.008515625260770321,0.07520941845537837,1.1836044389617077
HOXB9_TGFBR2,HOXB9,TGFBR2,0.2658015,0.2857142857142857,0.010833391919732094,0.0751293766899695,1.182344785705693
IER5L_SPI1,IER5L,SPI1,0.2656942,0.2857142857142857,0.010617886669933796,0.07511506560126519,1.1821195656672367
CNNM4_TBX2,CNNM4,TBX2,0.26702744,0.2857142857142857,0.017102940008044243,0.07501065096147586,1.180476345526922
ATL1_HES7,ATL1,HES7,0.5337887,0.14285714285714285,0.016821136698126793,0.07499404084880497,1.1802149447144614
CDKN1C_KIF2C,CDKN1C,KIF2C,0.26485974,0.2857142857142857,0.010126372799277306,0.07491558711234615,1.1789802829841507
AHR_KIF18B,AHR,KIF18B,0.2633525,0.2857142857142857,0.005669626407325268,0.074819377314965,1.177466186138428
BAK1_S1PR2,BAK1,S1PR2,0.26459864,0.2857142857142857,0.010541941039264202,0.07481095809617078,1.1773336891062465
BCORL1_IGDCC3,BCORL1,IGDCC3,0.2642506,0.2857142857142857,0.010150221176445484,0.07474153016587798,1.1762410705463617
AHR_HK2,AHR,HK2,0.26364613,0.2857142857142857,0.008579635992646217,0.07468667998464874,1.1753778685789207
CKS1B_GLB1L2,CKS1B,GLB1L2,0.26233792,0.2857142857142857,0.0036955021787434816,0.0746777206207216,1.175236871039886
FOXL2_ZBTB10,FOXL2,ZBTB10,0.52937865,0.14285714285714285,0.012912061996757984,0.07466148803382729,1.17498141152034
AHR_PRTG,AHR,PRTG,0.26323095,0.2857142857142857,0.007967989891767502,0.07461431663364598,1.1742390539833016
FEV_SLC6A9,FEV,SLC6A9,0.17595041,0.42857142857142855,0.010716607794165611,0.0746077754387446,1.1741361122576455
CKS1B_MAP2K6,CKS1B,MAP2K6,0.26203623,0.2857142857142857,0.0035360672045499086,0.07460369180076955,1.1740718462104713
HES7_TBX3,HES7,TBX3,0.5347021,0.14285714285714285,0.024451980367302895,0.07456280911418839,1.173428456987314
AHR_MAP7D1,AHR,MAP7D1,0.26150367,0.2857142857142857,0.003849911969155073,0.07442878903974844,1.1713193228087107
AHR_MAPK1,AHR,MAPK1,0.2615262,0.2857142857142857,0.004312753211706877,0.07440089791571813,1.1708803876475582
AHR_HOXC13,AHR,HOXC13,0.26134634,0.2857142857142857,0.0036661867052316666,0.07439762731624477,1.1708289167528985
BPGM_FOXL2,BPGM,FOXL2,0.26326203,0.2857142857142857,0.011464813724160194,0.07436514135324969,1.1703176705447158
CKS1B_PTPN13,CKS1B,PTPN13,0.26120177,0.2857142857142857,0.003555134404450655,0.07436470038476849,1.1703107308254292
CKS1B_FOXO4,CKS1B,FOXO4,0.26110315,0.2857142857142857,0.003481990424916148,0.07434204264185514,1.1699541557362998
ELMSAN1_LYL1,ELMSAN1,LYL1,0.17543867,0.42857142857142855,0.011886032298207283,0.07430481300873172,1.169368256258139
ETS2_TBX2,ETS2,TBX2,0.26460284,0.2857142857142857,0.017993085086345673,0.07426456281571284,1.1687348208705952
TSC22D1_ZBTB25,TSC22D1,ZBTB25,0.17462921,0.42857142857142855,0.007809159345924854,0.07426117327572364,1.1686814781555517
CEBPB_COL2A1,CEBPB,COL2A1,0.5296089,0.14285714285714285,0.019114570692181587,0.07423936152111917,1.1683382167648695
ARID1A_HOXA13,ARID1A,HOXA13,0.5287501,0.14285714285714285,0.017920950427651405,0.07420589155226298,1.1678114848139558
CKS1B_PRTG,CKS1B,PRTG,0.2616707,0.2857142857142857,0.007611285429447889,0.07419831506176963,1.1676922501760096
CKS1B_FOXF1,CKS1B,FOXF1,0.26059252,0.2857142857142857,0.0035350050311535597,0.0741927340936949,1.1676044199717261
CKS1B_MAP4K3,CKS1B,MAP4K3,0.2605882,0.2857142857142857,0.00356980855576694,0.07418893083431383,1.1675445663685684
AHR_DLX2,AHR,DLX2,0.26172772,0.2857142857142857,0.008270425722002983,0.074165964612582,1.1671831366095538
CKS1B_NCL,CKS1B,NCL,0.26213413,0.2857142857142857,0.010716999880969524,0.07410132320501493,1.1661658457102428
AHR_MAP4K5,AHR,MAP4K5,0.26074538,0.2857142857142857,0.006807096768170595,0.07399498791362533,1.1644923994120018
ATL1_ETS2,ATL1,ETS2,0.26213726,0.2857142857142857,0.012198954820632935,0.07399371515842597,1.1644723694910872
ETS2_S1PR2,ETS2,S1PR2,0.26316527,0.2857142857142857,0.016619732603430748,0.07396086599033153,1.1639554073609275
CBL_FOXA3,CBL,FOXA3,0.26101625,0.2857142857142857,0.008453022688627243,0.07395096216941532,1.1637995464775455
BCL2L11_CKS1B,BCL2L11,CKS1B,0.259966,0.2857142857142857,0.00446736253798008,0.07394565395948707,1.1637160087908693
HOXA13_SNAI1,HOXA13,SNAI1,0.5253015,0.14285714285714285,0.015417026355862617,0.07390369845541159,1.163055736156371
CNNM4_FOXL2,CNNM4,FOXL2,0.26165143,0.2857142857142857,0.012440579943358898,0.0738389510701992,1.162036777439199
IER5L_IRF1,IER5L,IRF1,0.26007497,0.2857142857142857,0.007302090059965849,0.07376847115330522,1.1609276032931064
ELMSAN1_PRTG,ELMSAN1,PRTG,0.13019073,0.5714285714285714,0.008662722073495388,0.07375577711293295,1.1607278314714178
LYL1_NCL,LYL1,NCL,0.17416933,0.42857142857142855,0.012313307262957096,0.07373606451936189,1.1604176055218847
IER5L_ISL2,IER5L,ISL2,0.26064402,0.2857142857142857,0.010007827542722225,0.07373182423296756,1.1603508742280935
CSRNP1_SAMD1,CSRNP1,SAMD1,0.17351757,0.42857142857142855,0.009696747176349163,0.07365050251182845,1.1590710777331723
CKS1B_HOXC13,CKS1B,HOXC13,0.2585817,0.2857142857142857,0.003496067598462105,0.07362309381317163,1.158639734717063
CBFA2T3_TMSB4X,CBFA2T3,TMSB4X,0.26052514,0.2857142857142857,0.012121162377297878,0.07354431094681585,1.1573998933215581
CBL_JUN,CBL,JUN,0.12977299,0.5714285714285714,0.008386275731027126,0.07353927419355401,1.157320627670512
KMT2A_RHOXF2,KMT2A,RHOXF2,0.12947741,0.5714285714285714,0.006362387910485268,0.07351933377023911,1.1570068162618479
FOXA3_ZBTB25,FOXA3,ZBTB25,0.25948322,0.2857142857142857,0.009103765711188316,0.07346921581312521,1.1562180874333314
ARRDC3_CDKN1B,ARRDC3,CDKN1B,0.2587895,0.2857142857142857,0.0070137688890099525,0.0734248747647912,1.1555202724160876
CDKN1C_STIL,CDKN1C,STIL,0.2588237,0.2857142857142857,0.00745057687163353,0.07340273380310179,1.1551718301454694
CNNM4_FOXA1,CNNM4,FOXA1,0.25938305,0.2857142857142857,0.01058525126427412,0.07333319331913653,1.154077440277827
AHR_IRF1,AHR,IRF1,0.25765958,0.2857142857142857,0.004032319877296686,0.07332136886797698,1.1538913535726223
CBFA2T3_CEBPE,CBFA2T3,CEBPE,0.17296776,0.42857142857142855,0.011089926585555077,0.07331597200505374,1.1538064207138978
EGR1_RHOXF2,EGR1,RHOXF2,0.17249367,0.42857142857142855,0.008586407639086246,0.07329650337653773,1.153500034152144
CEBPB_FOXL2,CEBPB,FOXL2,0.519918,0.14285714285714285,0.013660209253430367,0.07327307792855975,1.1531313773431853
CBFA2T3_CDKN1A,CBFA2T3,CDKN1A,0.17266253,0.42857142857142855,0.010525734163820744,0.07322745288420213,1.1524133555031209
AHR_BCORL1,AHR,BCORL1,0.25877765,0.2857142857142857,0.010044622235000134,0.07320119259056924,1.1520000854532966
CKS1B_RHOXF2,CKS1B,RHOXF2,0.25728175,0.2857142857142857,0.004513623658567667,0.07317877012630944,1.1516472130501398
RHOXF2_SGK1,RHOXF2,SGK1,0.25807467,0.2857142857142857,0.00773623725399375,0.07316956319366118,1.1515023194108125
EGR1_PRTG,EGR1,PRTG,0.17251693,0.42857142857142855,0.010676108300685883,0.07315481715917878,1.1512702544350566
CEBPB_COL1A1,CEBPB,COL1A1,0.522465,0.14285714285714285,0.0212528258562088,0.07308460149394234,1.1501652389361294
CITED1_MAP2K3,CITED1,MAP2K3,0.17277475,0.42857142857142855,0.014267628081142902,0.07300471601263894,1.1489080451933618
DLX2_RREB1,DLX2,RREB1,0.17164376,0.42857142857142855,0.008769989013671875,0.0729220871457041,1.147607677557246
CELF2_SGK1,CELF2,SGK1,0.25724554,0.2857142857142857,0.008250926621258259,0.07289725598112197,1.1472168983539546
S1PR2_ZC3HAV1,S1PR2,ZC3HAV1,0.25822666,0.2857142857142857,0.012907027266919613,0.07283891270313975,1.1462987239521103
ISL2_S1PR2,ISL2,S1PR2,0.25720033,0.2857142857142857,0.010580208152532578,0.07271645349896254,1.14437152838761
HES7_IGDCC3,HES7,IGDCC3,0.516859,0.14285714285714285,0.0162005927413702,0.0726598663763072,1.1434809913918653
FOSB_IER5L,FOSB,IER5L,0.25590613,0.2857142857142857,0.007330581545829773,0.0725839559190242,1.1422863543896251
ARRDC3_EGR1,ARRDC3,EGR1,0.17078118,0.42857142857142855,0.00964448694139719,0.07249277874033563,1.140851458127373
AHR_UBASH3A,AHR,UBASH3A,0.255124,0.2857142857142857,0.006905487738549709,0.07239266553438667,1.1392759315857046
IER5L_NIT1,IER5L,NIT1,0.2575978,0.2857142857142857,0.017250820994377136,0.07235125405880402,1.138624220572241
POU3F2_TMSB4X,POU3F2,TMSB4X,0.25587195,0.2857142857142857,0.01116415299475193,0.07229911351534338,1.1378036613928542
CDKN1B_EGR1,CDKN1B,EGR1,0.25558028,0.2857142857142857,0.010320323519408703,0.07227701390515039,1.1374558698893305
CDKN1B_NIT1,CDKN1B,NIT1,0.25641882,0.2857142857142857,0.013757064938545227,0.07226832121091939,1.137319069051222
CDKN1B_MAML2,CDKN1B,MAML2,0.16963562,0.42857142857142855,0.00826356653124094,0.07210513599438034,1.1347509499162078
FOXL2_MAP4K5,FOXL2,MAP4K5,0.25433758,0.2857142857142857,0.007826732471585274,0.0721035445641341,1.1347259048627765
GLB1L2_UBASH3B,GLB1L2,UBASH3B,0.16860172,0.42857142857142855,0.0033838744275271893,0.07201419366529085,1.133319749587705
BAK1_SLC6A9,BAK1,SLC6A9,0.12705612,0.5714285714285714,0.008209336549043655,0.07201232477661366,1.1332903380461765
MAPK1_SGK1,MAPK1,SGK1,0.25339362,0.2857142857142857,0.007697580382227898,0.0718451434482655,1.130659330302621
CKS1B_IRF1,CKS1B,IRF1,0.25239798,0.2857142857142857,0.003977274056524038,0.07182803002999649,1.1303900087436327
CDKN1C_IRF1,CDKN1C,IRF1,0.25203732,0.2857142857142857,0.004727411083877087,0.07167183962545141,1.1279319701104467
MEIS1_TMSB4X,MEIS1,TMSB4X,0.25288963,0.2857142857142857,0.008288601413369179,0.07166021792463069,1.1277490741784981
CKS1B_SLC4A1,CKS1B,SLC4A1,0.252688,0.2857142857142857,0.0077391923405230045,0.07164211664118476,1.12746420614099
CKS1B_FOSB,CKS1B,FOSB,0.25176963,0.2857142857142857,0.00421147421002388,0.07163250216483587,1.1273128988031784
CEBPB_ETS2,CEBPB,ETS2,0.50941575,0.14285714285714285,0.01615258678793907,0.07161688009101537,1.1270670472024151
GLB1L2_SGK1,GLB1L2,SGK1,0.25235066,0.2857142857142857,0.007227102294564247,0.07158285146090669,1.126531523348148
AHR_FOSB,AHR,FOSB,0.2515836,0.2857142857142857,0.004277155734598637,0.0715748933216375,1.1264062825317935
SLC6A9_SNAI1,SLC6A9,SNAI1,0.2529701,0.2857142857142857,0.0118403360247612,0.07143139949840782,1.124148055708261
PLK4_PTPN9,PLK4,PTPN9,0.1677328,0.42857142857142855,0.006845521740615368,0.07139673992761215,1.1236026024566765
IRF1_RREB1,IRF1,RREB1,0.1674109,0.42857142857142855,0.005762851797044277,0.07133642527983251,1.1226534037218299
PTPN12_SLC38A2,PTPN12,SLC38A2,0.1676701,0.42857142857142855,0.008668546564877033,0.07124105825235955,1.1211525699251352
CKS1B_RUNX1T1,CKS1B,RUNX1T1,0.25158146,0.2857142857142857,0.009679554961621761,0.07119131694555046,1.1203697686118408
FOXF1_UBASH3B,FOXF1,UBASH3B,0.16658446,0.42857142857142855,0.003276210743933916,0.07116020499787995,1.1198801459006984
ARID1A_ISL2,ARID1A,ISL2,0.25228703,0.2857142857142857,0.013318479992449284,0.0711346038363298,1.1194772489088634
LYL1_POU3F2,LYL1,POU3F2,0.2516323,0.2857142857142857,0.010750552639365196,0.07113025417240992,1.119408796291767
CEBPB_CITED1,CEBPB,CITED1,0.50618625,0.14285714285714285,0.016937412321567535,0.07110793654117317,1.1190575736930364
CEBPE_SLC6A9,CEBPE,SLC6A9,0.12579747,0.5714285714285714,0.011310542933642864,0.07108030908018971,1.1186227879158177
NIT1_SLC38A2,NIT1,SLC38A2,0.25188297,0.2857142857142857,0.013144860975444317,0.07103284606608527,1.117875841119336
IGDCC3_ZC3HAV1,IGDCC3,ZC3HAV1,0.25146237,0.2857142857142857,0.011819865554571152,0.07100709713197731,1.117470618564307
UBASH3B_ZC3HAV1,UBASH3B,ZC3HAV1,0.16723941,0.42857142857142855,0.009669977240264416,0.07098758566175259,1.1171635577833179
ARRDC3_KMT2A,ARRDC3,KMT2A,0.16692701,0.42857142857142855,0.007806671783328056,0.07098598279720161,1.117138332783091
HK2_NIT1,HK2,NIT1,0.25144383,0.2857142857142857,0.012663804925978184,0.07094269077812376,1.1164570268109866
BCORL1_CDKN1C,BCORL1,CDKN1C,0.2505763,0.2857142857142857,0.009427410550415516,0.07092458977634739,1.1161721632062391
FOXA3_MEIS1,FOXA3,MEIS1,0.24986096,0.2857142857142857,0.007042345125228167,0.07088961579262217,1.1156217618969946
HOXA13_LHX1,HOXA13,LHX1,0.50435513,0.14285714285714285,0.016986606642603874,0.07084727837621047,1.11495547893632
MEIS1_POU3F2,MEIS1,POU3F2,0.25021657,0.2857142857142857,0.009790054522454739,0.07079733974861387,1.1141695722970597
NIT1_UBASH3B,NIT1,UBASH3B,0.25120214,0.2857142857142857,0.014092003926634789,0.07077468184218853,1.1138129946346689
NIT1_PTPN12,NIT1,PTPN12,0.25164777,0.2857142857142857,0.015933377668261528,0.07077173026623619,1.1137665443566203
DLX2_SGK1,DLX2,SGK1,0.25010633,0.2857142857142857,0.010284463874995708,0.07073151703573075,1.1131336906647722
IER5L_TSC22D1,IER5L,TSC22D1,0.25001645,0.2857142857142857,0.010027499869465828,0.07072408591824612,1.1130167438272367
HES7_SET,HES7,SET,0.5063211,0.14285714285714285,0.02343973144888878,0.0706749792628418,1.1122439303084937
HNF4A_HOXA13,HNF4A,HOXA13,0.50310415,0.14285714285714285,0.017135154455900192,0.07066123037424445,1.1120275578659347
FOXO4_UBASH3B,FOXO4,UBASH3B,0.16535409,0.42857142857142855,0.0032569037284702063,0.07063598309563415,1.1116302300890608
ARRDC3_ZNF318,ARRDC3,ZNF318,0.16587266,0.42857142857142855,0.006966802757233381,0.07059645269280297,1.1110081223633816
MAP2K6_UBASH3B,MAP2K6,UBASH3B,0.16481337,0.42857142857142855,0.0032655452378094196,0.07040439249104768,1.107985584601302
CDKN1C_FOSB,CDKN1C,FOSB,0.24722499,0.2857142857142857,0.004852391313761473,0.07029461347195365,1.106257942811575
CDKN1A_IER5L,CDKN1A,IER5L,0.24837002,0.2857142857142857,0.011009147390723228,0.07019012982443162,1.104613636665539
GLB1L2_KMT2A,GLB1L2,KMT2A,0.12339377,0.5714285714285714,0.005557202268391848,0.07012104692014318,1.1035264479350388
MAP2K6_SGK1,MAP2K6,SGK1,0.24711749,0.2857142857142857,0.007105151191353798,0.07010687706074113,1.1033034504856212
CDKN1A_ZBTB25,CDKN1A,ZBTB25,0.16503969,0.42857142857142855,0.009290969930589199,0.07008018214160788,1.1028833405388518
FOXA3_ZBTB10,FOXA3,ZBTB10,0.49559057,0.14285714285714285,0.01052259560674429,0.07006142447530055,1.102588142709087
MAPK1_SLC6A9,MAPK1,SLC6A9,0.16435574,0.42857142857142855,0.006340543739497662,0.0699943718882952,1.1015329059946788
BCL2L11_SGK1,BCL2L11,SGK1,0.24679793,0.2857142857142857,0.007518137339502573,0.06998751969333371,1.1014250699212238
AHR_ISL2,AHR,ISL2,0.24715802,0.2857142857142857,0.009066008031368256,0.06998211890078955,1.101340075220288
CBFA2T3_CEBPB,CBFA2T3,CEBPB,0.49589652,0.14285714285714285,0.012995974160730839,0.06993350571397729,1.1005750276386848
EGR1_UBASH3A,EGR1,UBASH3A,0.16462973,0.42857142857142855,0.009002245031297207,0.06992610560695822,1.1004585688267907
MAP4K3_SGK1,MAP4K3,SGK1,0.24617489,0.2857142857142857,0.007233424112200737,0.06983056783618805,1.0989550479660466
BCL2L11_UBASH3B,BCL2L11,UBASH3B,0.16352953,0.42857142857142855,0.004067260771989822,0.06980018878780003,1.0984769592204886
MAP7D1_SGK1,MAP7D1,SGK1,0.24612541,0.2857142857142857,0.007546096108853817,0.06979486834911476,1.098393229084364
PTPN13_SGK1,PTPN13,SGK1,0.24601293,0.2857142857142857,0.00710283825173974,0.06979367427823127,1.098374437453912
JUN_PTPN12,JUN,PTPN12,0.16416465,0.42857142857142855,0.008440433070063591,0.06976741032552596,1.0979611098196194
FOXO4_SGK1,FOXO4,SGK1,0.24592452,0.2857142857142857,0.007141288835555315,0.06976592920929876,1.0979378008275127
CNNM4_GLB1L2,CNNM4,GLB1L2,0.24526717,0.2857142857142857,0.0046212333254516125,0.06975398418866036,1.0977498166662005
FEV_TGFBR2,FEV,TGFBR2,0.16439588,0.42857142857142855,0.010155580937862396,0.06974705683883407,1.0976407978468423
RHOXF2_SLC6A9,RHOXF2,SLC6A9,0.16378099,0.42857142857142855,0.006654655560851097,0.06972783694614557,1.0973383257526592
CEBPB_FOXA3,CEBPB,FOXA3,0.49438018,0.14285714285714285,0.013295584358274937,0.06969904984133608,1.0968852901390733
CEBPB_HNF4A,CEBPB,HNF4A,0.49645466,0.14285714285714285,0.01782890409231186,0.06967977962392799,1.096582026062148
BAK1_CKS1B,BAK1,CKS1B,0.2454452,0.2857142857142857,0.007775433361530304,0.06958613954093054,1.0951083699672497
MAP7D1_SLC6A9,MAP7D1,SLC6A9,0.16333133,0.42857142857142855,0.006085394881665707,0.06957574546716332,1.0949447937542907
FOXL2_KMT2A,FOXL2,KMT2A,0.2453541,0.2857142857142857,0.008647726848721504,0.06950015338949228,1.093755167235175
EGR1_MAP2K3,EGR1,MAP2K3,0.12288635,0.5714285714285714,0.010696137323975563,0.06947763043310835,1.093400713342271
IGDCC3_TSC22D1,IGDCC3,TSC22D1,0.24524978,0.2857142857142857,0.008995016105473042,0.06944669104764117,1.0929138063201216
MAP4K3_UBASH3B,MAP4K3,UBASH3B,0.16255309,0.42857142857142855,0.0032458147034049034,0.06944021857904387,1.092811946171218
PTPN13_UBASH3B,PTPN13,UBASH3B,0.16244775,0.42857142857142855,0.003242094535380602,0.06939547782985764,1.0921078408819223
AHR_SPI1,AHR,SPI1,0.24514103,0.2857142857142857,0.009405809454619884,0.06938764711499201,1.0919846054007079
CNNM4_MAP2K6,CNNM4,MAP2K6,0.24392591,0.2857142857142857,0.004533056169748306,0.06937862114717669,1.091842559686334
CDKN1A_CKS1B,CDKN1A,CKS1B,0.24528268,0.2857142857142857,0.010436933487653732,0.06935689238334718,1.0915006043587971
RUNX1T1_S1PR2,RUNX1T1,S1PR2,0.24557701,0.2857142857142857,0.012144265696406364,0.06932298257562561,1.090966950465869
CSRNP1_S1PR2,CSRNP1,S1PR2,0.24538332,0.2857142857142857,0.012142912484705448,0.06926840051429146,1.090107968021787
CNNM4_FOXF1,CNNM4,FOXF1,0.24331641,0.2857142857142857,0.004506405908614397,0.0692070995667503,1.0891432474440668
IGDCC3_SPI1,IGDCC3,SPI1,0.24425389,0.2857142857142857,0.009534131735563278,0.06912775225378176,1.0878945230983923
MAPK1_UBASH3B,MAPK1,UBASH3B,0.16190267,0.42857142857142855,0.0037869520019739866,0.06912508352310226,1.0878525240835943
CELF2_CNNM4,CELF2,CNNM4,0.24336858,0.2857142857142857,0.00592359434813261,0.06912441527220006,1.0878420075186424
CNNM4_PTPN13,CNNM4,PTPN13,0.24285609,0.2857142857142857,0.004528619349002838,0.06907464019089056,1.0870586746808468
CNNM4_FOXO4,CNNM4,FOXO4,0.24283552,0.2857142857142857,0.004529525525867939,0.06906872905669788,1.0869656485038939
CDKN1B_ZC3HAV1,CDKN1B,ZC3HAV1,0.16276662,0.42857142857142855,0.010037840344011784,0.06906387096829951,1.0868891945821477
CEBPB_SNAI1,CEBPB,SNAI1,0.490947,0.14285714285714285,0.015775764361023903,0.06904603293055754,1.0866084693606612
FOXF1_SGK1,FOXF1,SGK1,0.24304172,0.2857142857142857,0.007048312108963728,0.06895447986647511,1.0851676576209346
EGR1_MAP4K5,EGR1,MAP4K5,0.16240352,0.42857142857142855,0.00947390217334032,0.0689483007955166,1.08507041480261
COL2A1_OSR2,COL2A1,OSR2,0.49216077,0.14285714285714285,0.01999884843826294,0.06893015727705037,1.084784882093595
ARRDC3_CNNM4,ARRDC3,CNNM4,0.24317141,0.2857142857142857,0.00802757777273655,0.06892425058159114,1.0846919257709864
MAP7D1_UBASH3B,MAP7D1,UBASH3B,0.16132595,0.42857142857142855,0.0033309313002973795,0.06891015633915586,1.084470118339779
CNNM4_MAP4K3,CNNM4,MAP4K3,0.24222341,0.2857142857142857,0.004522417206317186,0.06889511662442566,1.0842334315858992
HOXC13_SLC6A9,HOXC13,SLC6A9,0.16157937,0.42857142857142855,0.006086575333029032,0.06882936651784613,1.0831986925916612
BCL2L11_EGR1,BCL2L11,EGR1,0.16179231,0.42857142857142855,0.00835456047207117,0.06876505876905581,1.0821866526305624
FOXO4_SLC6A9,FOXO4,SLC6A9,0.16143437,0.42857142857142855,0.006139993667602539,0.06876394721344149,1.0821691595800071
CKS1B_MAML2,CKS1B,MAML2,0.24286008,0.2857142857142857,0.00922267884016037,0.06875449333533468,1.0820203796489503
CDKN1C_TMSB4X,CDKN1C,TMSB4X,0.24396293,0.2857142857142857,0.014841631054878235,0.06868430676058879,1.0809158219601542
ETS2_ZBTB1,ETS2,ZBTB1,0.24357782,0.2857142857142857,0.014406206086277962,0.06860532132885534,1.07967279270221
RUNX1T1_SNAI1,RUNX1T1,SNAI1,0.24303125,0.2857142857142857,0.012336152605712414,0.06859134624254336,1.079452860484498
GLB1L2_SLC6A9,GLB1L2,SLC6A9,0.16100964,0.42857142857142855,0.0062439898028969765,0.06857594372163735,1.07921046408668
CKS1B_TSC22D1,CKS1B,TSC22D1,0.2413694,0.2857142857142857,0.0075491429306566715,0.06844597624178965,1.077165107411576
PLK4_TGFBR2,PLK4,TGFBR2,0.16091248,0.42857142857142855,0.008084921166300774,0.06840940843884769,1.0765896234525973
SGK1_TMSB4X,SGK1,TMSB4X,0.24291958,0.2857142857142857,0.014887839555740356,0.06838745262013492,1.076244094860259
CDKN1B_KIF18B,CDKN1B,KIF18B,0.24055043,0.2857142857142857,0.005416865460574627,0.06835840560770126,1.0757869689635142
CNNM4_FEV,CNNM4,FEV,0.24130449,0.2857142857142857,0.009207169525325298,0.06831514997304303,1.0751062355893828
CBL_RUNX1T1,CBL,RUNX1T1,0.1606551,0.42857142857142855,0.008232773281633854,0.06828996824826766,1.0747099394626882
CNNM4_KIF18B,CNNM4,KIF18B,0.24021806,0.2857142857142857,0.005940662231296301,0.06822840899003793,1.0737411537335027
FOSB_RREB1,FOSB,RREB1,0.16010651,0.42857142857142855,0.00585974333807826,0.06821733958053793,1.073566949458427
FOXF1_SLC6A9,FOXF1,SLC6A9,0.1600107,0.42857142857142855,0.006069096736609936,0.0681623285730086,1.07270121649518
NIT1_ZBTB25,NIT1,ZBTB25,0.24203311,0.2857142857142857,0.014541846700012684,0.06816112819964106,1.072682325679702
CKS1B_ISL2,CKS1B,ISL2,0.24061054,0.2857142857142857,0.008865324780344963,0.06814176962776455,1.0723776711287751
COL2A1_ETS2,COL2A1,ETS2,0.48585773,0.14285714285714285,0.018589017912745476,0.06814156173732422,1.07237439946343
CELF2_EGR1,CELF2,EGR1,0.16015904,0.42857142857142855,0.00907825119793415,0.06802206567953448,1.070493836266119
HOXC13_UBASH3B,HOXC13,UBASH3B,0.15920107,0.42857142857142855,0.0032607070170342922,0.06800727847542853,1.070261123385484
HK2_POU3F2,HK2,POU3F2,0.2400694,0.2857142857142857,0.008927860297262669,0.06798430398714553,1.0698995635320359
BCL2L11_CNNM4,BCL2L11,CNNM4,0.23911296,0.2857142857142857,0.00503810727968812,0.06797552012636351,1.0697613279649179
FEV_TMSB4X,FEV,TMSB4X,0.23978792,0.2857142857142857,0.009385698474943638,0.06787379171644718,1.068160382232078
KIF2C_KMT2A,KIF2C,KMT2A,0.15985607,0.42857142857142855,0.009440343827009201,0.06786903558646339,1.0680855328757513
MAP2K6_SLC6A9,MAP2K6,SLC6A9,0.15925229,0.42857142857142855,0.006120795384049416,0.06783577082307402,1.067562030335547
CBFA2T3_S1PR2,CBFA2T3,S1PR2,0.24066004,0.2857142857142857,0.013860445469617844,0.0678199965139018,1.0673137829385955
EGR1_POU3F2,EGR1,POU3F2,0.23997562,0.2857142857142857,0.011327146552503109,0.0677965206847028,1.0669443332577055
SAMD1_SLC38A2,SAMD1,SLC38A2,0.15967467,0.42857142857142855,0.009543544612824917,0.06778509319863317,1.0667644937706313
CDKN1C_DLX2,CDKN1C,DLX2,0.23909524,0.2857142857142857,0.00792827270925045,0.06777558264954751,1.066614821982896
ARID1A_RUNX1T1,ARID1A,RUNX1T1,0.2403396,0.2857142857142857,0.013906109146773815,0.06772664502509365,1.0658446685802312
CNNM4_HOXC13,CNNM4,HOXC13,0.23748276,0.2857142857142857,0.004526140168309212,0.06754649122036388,1.0630095071422991
CNN1_SNAI1,CNN1,SNAI1,0.2393175,0.2857142857142857,0.013982681557536125,0.06743352888268747,1.0612317680365433
FOXA3_LYL1,FOXA3,LYL1,0.23825705,0.2857142857142857,0.011117422953248024,0.06732496291601413,1.0595232165982553
CEBPE_IER5L,CEBPE,IER5L,0.23805028,0.2857142857142857,0.011613302864134312,0.06723356256148035,1.0580848081173673
MAP4K3_SLC6A9,MAP4K3,SLC6A9,0.15776502,0.42857142857142855,0.006080305203795433,0.06720495165121416,1.057634545356542
S1PR2_SLC38A2,S1PR2,SLC38A2,0.23794527,0.2857142857142857,0.011729112826287746,0.06719621191143797,1.057497004141533
CKS1B_JUN,CKS1B,JUN,0.23725057,0.2857142857142857,0.009511194191873074,0.06714722583352152,1.0567260882049387
RUNX1T1_TMSB4X,RUNX1T1,TMSB4X,0.23700552,0.2857142857142857,0.008856545202434063,0.06712139826980464,1.0563196282203957
ELMSAN1_MAP4K5,ELMSAN1,MAP4K5,0.15781271,0.42857142857142855,0.007793243508785963,0.06711100810460124,1.0561561135182633
PTPN13_SLC6A9,PTPN13,SLC6A9,0.15731603,0.42857142857142855,0.00608799047768116,0.06701317971649591,1.0546165441824542
BCL2L11_KMT2A,BCL2L11,KMT2A,0.11791394,0.5714285714285714,0.0057920063845813274,0.06699137925153784,1.054273460462014
CELF2_TGFBR2,CELF2,TGFBR2,0.15734234,0.42857142857142855,0.0073300800286233425,0.06694174501853396,1.0534923442173418
MAP2K3_TMSB4X,MAP2K3,TMSB4X,0.2364656,0.2857142857142857,0.010092387907207012,0.06688655582234228,1.052623807018986
CNNM4_MEIS1,CNNM4,MEIS1,0.23609039,0.2857142857142857,0.008831115439534187,0.0668639147286672,1.0522674939464065
FOXA1_TMSB4X,FOXA1,TMSB4X,0.23622066,0.2857142857142857,0.010232888162136078,0.06680797795481279,1.051387191782196
CNNM4_PRTG,CNNM4,PRTG,0.23520814,0.2857142857142857,0.008360058069229126,0.06664516790443091,1.0488249768057047
ELMSAN1_SLC4A1,ELMSAN1,SLC4A1,0.11735432,0.5714285714285714,0.00809441227465868,0.06652116087010851,1.0468734223421696
FOXA3_UBASH3B,FOXA3,UBASH3B,0.23462147,0.2857142857142857,0.00807597953826189,0.06649767051816642,1.046503744110341
RREB1_TSC22D1,RREB1,TSC22D1,0.1565112,0.42857142857142855,0.008833326399326324,0.06648891136734222,1.0463658974149408
HOXA13_NIT1,HOXA13,NIT1,0.47395015,0.14285714285714285,0.018382754176855087,0.0664849867785673,1.0463041343965516
KIF18B_KMT2A,KIF18B,KMT2A,0.116952896,0.5714285714285714,0.005939838942140341,0.06643560953259009,1.0455270624722819
SGK1_SLC4A1,SGK1,SLC4A1,0.2344991,0.2857142857142857,0.009500082582235336,0.06636922880837894,1.0444823991647942
FOXA1_ZBTB10,FOXA1,ZBTB10,0.46925092,0.14285714285714285,0.010428697802126408,0.0663439641942364,1.044084798570854
MAP4K5_TMSB4X,MAP4K5,TMSB4X,0.23353526,0.2857142857142857,0.00760974595323205,0.06622043926941458,1.042140831281328
CEBPE_IGDCC3,CEBPE,IGDCC3,0.23407951,0.2857142857142857,0.01079663634300232,0.06616549520228229,1.0412761517892115
FOXL2_TGFBR2,FOXL2,TGFBR2,0.23357818,0.2857142857142857,0.010191844776272774,0.06606331446961111,1.039668087649775
CITED1_COL2A1,CITED1,COL2A1,0.46920022,0.14285714285714285,0.014699138700962067,0.06605761336240447,1.0395783667619478
CDKN1C_ZC3HAV1,CDKN1C,ZC3HAV1,0.23367962,0.2857142857142857,0.011494049802422523,0.06600691958236661,1.0387805759491369
COL2A1_LHX1,COL2A1,LHX1,0.46992615,0.14285714285714285,0.017079094424843788,0.06600500130070622,1.03875038708802
IER5L_JUN,IER5L,JUN,0.23277126,0.2857142857142857,0.010113250464200974,0.06584021640841936,1.0361570931364086
IGDCC3_JUN,IGDCC3,JUN,0.23268466,0.2857142857142857,0.010156931355595589,0.06581287372431154,1.0357267890209427
OSR2_ZBTB1,OSR2,ZBTB1,0.23337832,0.2857142857142857,0.014575161039829254,0.06572161711317415,1.0342906426945235
ATL1_TBX2,ATL1,TBX2,0.46632212,0.14285714285714285,0.01500224880874157,0.06563280659183104,1.0328929915831726
CBL_NIT1,CBL,NIT1,0.23301242,0.2857142857142857,0.01458747684955597,0.06561778012839306,1.0326565133708374
RREB1_SPI1,RREB1,SPI1,0.15445353,0.42857142857142855,0.009172466583549976,0.06559272332615151,1.0322621832062335
MAP2K3_NCL,MAP2K3,NCL,0.11583632,0.5714285714285714,0.0093820346519351,0.0655769390611245,1.032013779129518
AHR_ZBTB10,AHR,ZBTB10,0.46511862,0.14285714285714285,0.015042413026094437,0.06546082787850456,1.0301864852348899
KMT2A_NCL,KMT2A,NCL,0.15428622,0.42857142857142855,0.010621345601975918,0.06542773541155908,1.0296656942013027
FOXA3_ISL2,FOXA3,ISL2,0.23034482,0.2857142857142857,0.007594719063490629,0.06531674255936237,1.0279189497741936
COL1A1_OSR2,COL1A1,OSR2,0.46747375,0.14285714285714285,0.02373269572854042,0.06523378993316374,1.0266134869929533
CNNM4_SLC4A1,CNNM4,SLC4A1,0.23020197,0.2857142857142857,0.00844648852944374,0.06522110341559297,1.0264138335609745
KMT2A_MAP2K6,KMT2A,MAP2K6,0.11469701,0.5714285714285714,0.005338243208825588,0.06519313139479961,1.0259736252910836
CDKN1B_CELF2,CDKN1B,CELF2,0.2291404,0.2857142857142857,0.005681847222149372,0.06509880450603377,1.0244891606249602
BAK1_CDKN1B,BAK1,CDKN1B,0.15251446,0.42857142857142855,0.007465275935828686,0.06487899938258428,1.0210299885536365
COL2A1_NIT1,COL2A1,NIT1,0.46212777,0.14285714285714285,0.017947249114513397,0.06485429733442691,1.0206412413135837
CLDN6_ETS2,CLDN6,ETS2,0.23016313,0.2857142857142857,0.015482183545827866,0.06475829369206319,1.0191303888220755
GLB1L2_TGFBR2,GLB1L2,TGFBR2,0.1519461,0.42857142857142855,0.006515666376799345,0.06469820420580877,1.0181847335554035
CEBPB_LHX1,CEBPB,LHX1,0.46060604,0.14285714285714285,0.01797916740179062,0.06463871242164981,1.017248484595387
CDKN1B_CSRNP1,CDKN1B,CSRNP1,0.1522368,0.42857142857142855,0.0095122205093503,0.06462957396931214,1.017104668661502
CNNM4_DLX2,CNNM4,DLX2,0.22780351,0.2857142857142857,0.008523273281753063,0.06453665457287307,1.0156423543350566
CSRNP1_TMSB4X,CSRNP1,TMSB4X,0.22784539,0.2857142857142857,0.009079473093152046,0.0645129381342391,1.0152691180752897
CBFA2T3_COL2A1,CBFA2T3,COL2A1,0.45642972,0.14285714285714285,0.012398242950439453,0.06440572784237136,1.0135819015010477
CDKN1A_ELMSAN1,CDKN1A,ELMSAN1,0.11372334,0.5714285714285714,0.009353755973279476,0.06438254574971809,1.0132170744842675
RREB1_TMSB4X,RREB1,TMSB4X,0.22796357,0.2857142857142857,0.011905370280146599,0.06436614486335063,1.0129589663602305
LHX1_ZBTB10,LHX1,ZBTB10,0.45756912,0.14285714285714285,0.017023209482431412,0.06427288665984224,1.0114913200745779
CDKN1B_MAP7D1,CDKN1B,MAP7D1,0.22580852,0.2857142857142857,0.004003266803920269,0.06425947109104445,1.0112801932355946
SAMD1_ZBTB10,SAMD1,ZBTB10,0.45509687,0.14285714285714285,0.011857498437166214,0.06425197101987298,1.0111621612428816
FOXA3_TGFBR2,FOXA3,TGFBR2,0.22649875,0.2857142857142857,0.009577957913279533,0.0640999824465741,1.0087702487175276
NCL_PLK4,NCL,PLK4,0.11313608,0.5714285714285714,0.009852367453277111,0.06401845686073032,1.0074872439120734
CEBPB_FOXA1,CEBPB,FOXA1,0.45381197,0.14285714285714285,0.013598647899925709,0.0639605055108226,1.0065752374585826
CDKN1B_MAPK1,CDKN1B,MAPK1,0.22476532,0.2857142857142857,0.004588162526488304,0.06392536166593887,1.0060221629679025
AHR_CEBPB,AHR,CEBPB,0.45441985,0.14285714285714285,0.017039190977811813,0.06382951826302327,1.0045138322366471
FOXA3_PTPN9,FOXA3,PTPN9,0.22530884,0.2857142857142857,0.008579680696129799,0.06382634335584508,1.004463867294668
MAML2_RREB1,MAML2,RREB1,0.1501705,0.42857142857142855,0.008970914408564568,0.06378656407052595,1.0038378427933565
CBFA2T3_MAP4K5,CBFA2T3,MAP4K5,0.15008798,0.42857142857142855,0.008495401591062546,0.0637815709759446,1.0037592642185982
CEBPB_NIT1,CEBPB,NIT1,0.45442283,0.14285714285714285,0.01830405369400978,0.06375065200486614,1.003272678466864
SNAI1_ZC3HAV1,SNAI1,ZC3HAV1,0.22593959,0.2857142857142857,0.013820813968777657,0.06367413921263824,1.0020685622487333
ISL2_UBASH3B,ISL2,UBASH3B,0.1495533,0.42857142857142855,0.007109935861080885,0.06364178199061694,1.0015593420951483
CSRNP1_IGDCC3,CSRNP1,IGDCC3,0.22514032,0.2857142857142857,0.010750999674201012,0.06364159445998024,1.0015563908411884
IRF1_SGK1,IRF1,SGK1,0.22428867,0.2857142857142857,0.0075256419368088245,0.06360381821225951,1.0009618890433039
CDKN1B_KIF2C,CDKN1B,KIF2C,0.22449715,0.2857142857142857,0.00952347181737423,0.06353695173225857,0.9999095811785143
CDKN1B_HOXC13,CDKN1B,HOXC13,0.22324103,0.2857142857142857,0.003963493276387453,0.06353134570129916,0.9998213565483443
ARID1A_ZC3HAV1,ARID1A,ZC3HAV1,0.2254693,0.2857142857142857,0.014851009473204613,0.06347710269267541,0.9989677099292338
CKS1B_ZC3HAV1,CKS1B,ZC3HAV1,0.22475481,0.2857142857142857,0.011656462214887142,0.06347575732835552,0.9989465373259382
RREB1_ZC3HAV1,RREB1,ZC3HAV1,0.14970802,0.42857142857142855,0.011075525544583797,0.06345775107420622,0.9986631648072046
CDKN1B_FOXO4,CDKN1B,FOXO4,0.22291093,0.2857142857142857,0.0038712157402187586,0.06344323348334718,0.9984346949514781
CDKN1A_RREB1,CDKN1A,RREB1,0.14953728,0.42857142857142855,0.01030016876757145,0.06343402464140663,0.9982897712647592
FOXA3_HK2,FOXA3,HK2,0.22359093,0.2857142857142857,0.007922155782580376,0.06338100731096398,0.9974554136943565
CDKN1B_SLC4A1,CDKN1B,SLC4A1,0.22344092,0.2857142857142857,0.007800562772899866,0.06334612609445038,0.9969064723044379
SET_TBX2,SET,TBX2,0.4524497,0.14285714285714285,0.020834269002079964,0.06331651934330017,0.9964405375478034
BCORL1_HOXA13,BCORL1,HOXA13,0.44795102,0.14285714285714285,0.011091481894254684,0.06329101157819314,0.996039110377793
FOXA1_MEIS1,FOXA1,MEIS1,0.2232087,0.2857142857142857,0.007636999245733023,0.06329056306053063,0.9960320518536452
BAK1_UBASH3B,BAK1,UBASH3B,0.14864199,0.42857142857142855,0.006723342929035425,0.06327826791984656,0.99583855769573
SGK1_ZBTB10,SGK1,ZBTB10,0.44879067,0.14285714285714285,0.01455889455974102,0.06319293352126082,0.9944956118913805
NIT1_TGFBR2,NIT1,TGFBR2,0.22391905,0.2857142857142857,0.013069968670606613,0.06315148320877965,0.9938432896841803
CDKN1B_GLB1L2,CDKN1B,GLB1L2,0.2219235,0.2857142857142857,0.004063728265464306,0.06315008956733112,0.9938213573220017
CDKN1A_SNAI1,CDKN1A,SNAI1,0.22343509,0.2857142857142857,0.012145654298365116,0.06307253959327126,0.9926009185069739
COL2A1_HNF4A,COL2A1,HNF4A,0.4476161,0.14285714285714285,0.016927750781178474,0.06288072789655366,0.9895822915804217
FOXA3_MAP4K5,FOXA3,MAP4K5,0.22155468,0.2857142857142857,0.006866469979286194,0.06286964508619151,0.9894078764099523
RHOXF2_TGFBR2,RHOXF2,TGFBR2,0.14769807,0.42857142857142855,0.006867174059152603,0.06286745307674022,0.9893733797714982
CEBPB_ISL2,CEBPB,ISL2,0.4446512,0.14285714285714285,0.011281074024736881,0.06281299996428949,0.9885164266539812
IGDCC3_ISL2,IGDCC3,ISL2,0.22175135,0.2857142857142857,0.009073320776224136,0.06278783361170572,0.9881203724463782
CEBPE_ZBTB25,CEBPE,ZBTB25,0.14790426,0.42857142857142855,0.010268915444612503,0.06274323585061925,0.9874185174251084
IRF1_UBASH3B,IRF1,UBASH3B,0.14685014,0.42857142857142855,0.00378028629347682,0.06269875457289752,0.9867184955549305
FOXL2_TSC22D1,FOXL2,TSC22D1,0.22105098,0.2857142857142857,0.009089730679988861,0.06258850950689446,0.9849835193754208
CDKN1B_MAP4K3,CDKN1B,MAP4K3,0.21964683,0.2857142857142857,0.003855497110635042,0.06251520890311806,0.9838299548114322
CDKN1B_MAP2K6,CDKN1B,MAP2K6,0.21963862,0.2857142857142857,0.0038793315179646015,0.06251138784479737,0.9837698210983578
CDKN1B_RHOXF2,CDKN1B,RHOXF2,0.21975091,0.2857142857142857,0.004731769673526287,0.06249028493553508,0.9834377151255842
JUN_ZBTB25,JUN,ZBTB25,0.14695096,0.42857142857142855,0.008479807525873184,0.06244942383122458,0.9827946655523253
CEBPB_TSC22D1,CEBPB,TSC22D1,0.44192648,0.14285714285714285,0.01128869503736496,0.06242762773990938,0.9824516506618699
CEBPB_STIL,CEBPB,STIL,0.4416069,0.14285714285714285,0.010594703257083893,0.06242532351260455,0.9824153880005917
CDKN1B_PRTG,CDKN1B,PRTG,0.22012058,0.2857142857142857,0.008219553157687187,0.06237886758320854,0.9816842901490396
CDKN1B_FOXF1,CDKN1B,FOXF1,0.21914023,0.2857142857142857,0.003749848110601306,0.062377588264031246,0.9816641569278528
DLX2_SLC6A9,DLX2,SLC6A9,0.14663967,0.42857142857142855,0.009721408598124981,0.062240509533453635,0.9795068873021722
COL2A1_SET,COL2A1,SET,0.44394073,0.14285714285714285,0.020015330985188484,0.062175638152143366,0.9784859772026482
COL1A1_PRDM1,COL1A1,PRDM1,0.44556972,0.14285714285714285,0.025214919820427895,0.06208729161220614,0.9770956279753285
AHR_MAML2,AHR,MAML2,0.21892649,0.2857142857142857,0.009047075174748898,0.06198960094963594,0.975558226088199
FOXA1_TGFBR2,FOXA1,TGFBR2,0.21899942,0.2857142857142857,0.009585525840520859,0.061977177771254686,0.9753627169434662
CBFA2T3_CNNM4,CBFA2T3,CNNM4,0.21954602,0.2857142857142857,0.012304466217756271,0.061964988190688394,0.9751708840325934
AHR_SLC38A2,AHR,SLC38A2,0.21899053,0.2857142857142857,0.009802086278796196,0.06196137342714048,0.9751139968731264
CDKN1B_PTPN13,CDKN1B,PTPN13,0.2175899,0.2857142857142857,0.0038590773474425077,0.061929551897015635,0.9746132071438097
BCORL1_CEBPB,BCORL1,CEBPB,0.43761268,0.14285714285714285,0.012366209179162979,0.06175245375115066,0.9718261339835241
AHR_BAK1,AHR,BAK1,0.21774757,0.2857142857142857,0.00830760970711708,0.061701003312844345,0.9710164352992828
ATL1_SET,ATL1,SET,0.44019163,0.14285714285714285,0.01944223791360855,0.06168521936769542,0.9707680362566325
BCORL1_FOXA1,BCORL1,FOXA1,0.2176201,0.2857142857142857,0.00863595400005579,0.06164481097700766,0.9701321112412342
CEBPB_SPI1,CEBPB,SPI1,0.43665802,0.14285714285714285,0.01212030928581953,0.061632710315693735,0.969941677692622
ETS2_OSR2,ETS2,OSR2,0.43847215,0.14285714285714285,0.017725864425301552,0.061547889281263514,0.9686068109308412
SPI1_UBASH3B,SPI1,UBASH3B,0.1447614,0.42857142857142855,0.00811203196644783,0.06154137373810834,0.9685042728982505
MEIS1_ZBTB10,MEIS1,ZBTB10,0.43434367,0.14285714285714285,0.009162857197225094,0.061485710336267624,0.9676282729123514
MAP2K6_TGFBR2,MAP2K6,TGFBR2,0.14430751,0.42857142857142855,0.006288082804530859,0.0614596121828915,0.9672175545366601
CEBPB_MAP7D1,CEBPB,MAP7D1,0.4342162,0.14285714285714285,0.009469790384173393,0.061448976969546404,0.9670501834017268
HOXA13_ISL2,HOXA13,ISL2,0.43321267,0.14285714285714285,0.009268093854188919,0.0613192117481148,0.9650080097582698
CBFA2T3_SGK1,CBFA2T3,SGK1,0.21722734,0.2857142857142857,0.012197545729577541,0.06131703685173248,0.9649737824358778
POU3F2_UBASH3A,POU3F2,UBASH3A,0.21614555,0.2857142857142857,0.007586675696074963,0.06129087606990556,0.964562078448093
COL1A1_ETS2,COL1A1,ETS2,0.43877587,0.14285714285714285,0.023343093693256378,0.06125244517948279,0.9639572742436219
CEBPB_KIF18B,CEBPB,KIF18B,0.43272468,0.14285714285714285,0.010197141207754612,0.061193810145032355,0.9630345083390379
MAML2_TGFBR2,MAML2,TGFBR2,0.14410438,0.42857142857142855,0.009560423903167248,0.06117416749904853,0.9627253831861398
CEBPB_UBASH3A,CEBPB,UBASH3A,0.43296343,0.14285714285714285,0.011636804789304733,0.061140439340024985,0.9621945879804573
CEBPB_IRF1,CEBPB,IRF1,0.43204623,0.14285714285714285,0.009575891308486462,0.06113546409893706,0.9621162903741534
CDKN1B_STIL,CDKN1B,STIL,0.21538392,0.2857142857142857,0.006822443567216396,0.061121265641057604,0.9618928428576362
CBFA2T3_ISL2,CBFA2T3,ISL2,0.21584763,0.2857142857142857,0.01024237647652626,0.06104549939258596,0.9607004753343091
PTPN13_TGFBR2,PTPN13,TGFBR2,0.1432035,0.42857142857142855,0.0063142296858131886,0.060987836052119083,0.9597930014149031
TGFBR2_ZC3HAV1,TGFBR2,ZC3HAV1,0.14379887,0.42857142857142855,0.010629402473568916,0.060979908366238296,0.9596682398572166
SGK1_SPI1,SGK1,SPI1,0.21593842,0.2857142857142857,0.01196247898042202,0.06096737028691472,0.9594709224646849
CDKN1C_MAML2,CDKN1C,MAML2,0.21527922,0.2857142857142857,0.009000541642308235,0.060959678881646565,0.9593498793612517
CEBPB_PLK4,CEBPB,PLK4,0.43148842,0.14285714285714285,0.011216997168958187,0.06095744402855704,0.9593147084731966
CEBPB_FOXO4,CEBPB,FOXO4,0.43064183,0.14285714285714285,0.009532468393445015,0.060939358911190664,0.9590300948485522
CEBPB_PTPN13,CEBPB,PTPN13,0.4305869,0.14285714285714285,0.009428775869309902,0.060937845609976095,0.9590062793468259
CSRNP1_ISL2,CSRNP1,ISL2,0.10745054,0.5714285714285714,0.007619191892445087,0.060936023817688346,0.9589776089823565
CEBPB_HOXC13,CEBPB,HOXC13,0.4305483,0.14285714285714285,0.009435366839170456,0.060931985830004226,0.9589140613543393
CEBPB_MAP2K6,CEBPB,MAP2K6,0.4302881,0.14285714285714285,0.00945323146879673,0.06089408359032316,0.9583175767643178
CEBPB_PRTG,CEBPB,PRTG,0.43115184,0.14285714285714285,0.011656544171273708,0.06088342920538586,0.9581499039174166
CEBPB_FOXF1,CEBPB,FOXF1,0.43007886,0.14285714285714285,0.009555158205330372,0.060858326787660094,0.957754855881425
BPGM_NIT1,BPGM,NIT1,0.21633013,0.2857142857142857,0.01594654656946659,0.0608384443223779,0.9574419565843845
ARID1A_MAP2K3,ARID1A,MAP2K3,0.2161197,0.2857142857142857,0.015011691488325596,0.06083524763959192,0.9573916489498736
BAK1_IER5L,BAK1,IER5L,0.21454641,0.2857142857142857,0.009468880482017994,0.06072398674979963,0.9556406862945895
CEBPB_MAP4K3,CEBPB,MAP4K3,0.42870715,0.14285714285714285,0.00946284644305706,0.06066977022421226,0.9547874564509315
FEV_FOXA3,FEV,FOXA3,0.21427314,0.2857142857142857,0.00975604448467493,0.06062939403030544,0.9541520381307534
FOXO4_TGFBR2,FOXO4,TGFBR2,0.14224781,0.42857142857142855,0.006184376776218414,0.06058864454796188,0.9535107452025832
ARRDC3_CEBPB,ARRDC3,CEBPB,0.42894134,0.14285714285714285,0.011984685435891151,0.06055164179960205,0.9529284163119741
CEBPB_TBX3,CEBPB,TBX3,0.43364862,0.14285714285714285,0.02374936267733574,0.06051266506724803,0.9523150219475726
MAP4K3_TGFBR2,MAP4K3,TGFBR2,0.14208558,0.42857142857142855,0.0063781579956412315,0.06050789196984679,0.9522399055673674
CEBPB_GLB1L2,CEBPB,GLB1L2,0.42754197,0.14285714285714285,0.009568161331117153,0.06049856443329624,0.9520931139301957
CDKN1A_CEBPB,CDKN1A,CEBPB,0.4286592,0.14285714285714285,0.012599045410752296,0.060475100134095724,0.9517238457020769
CNNM4_KIF2C,CNNM4,KIF2C,0.21349971,0.2857142857142857,0.010006260126829147,0.060395583216339616,0.9504724522095914
STIL_ZBTB10,STIL,ZBTB10,0.42579445,0.14285714285714285,0.008422203361988068,0.06031975368611306,0.9492790887928302
CITED1_HNF4A,CITED1,HNF4A,0.42877552,0.14285714285714285,0.015629610046744347,0.06031100805297933,0.9491414548314034
EGR1_FOXA3,EGR1,FOXA3,0.21348807,0.2857142857142857,0.011767815798521042,0.06028714403876325,0.9487658961083381
ISL2_ZBTB10,ISL2,ZBTB10,0.42592382,0.14285714285714285,0.01029424648731947,0.06022627648065224,0.9478079959749698
MAP4K5_POU3F2,MAP4K5,POU3F2,0.21248692,0.2857142857142857,0.008133410476148129,0.06022074928146586,0.9477210119558618
BCL2L11_CDKN1B,BCL2L11,CDKN1B,0.21168077,0.2857142857142857,0.0044736238196492195,0.06021085924313098,0.9475653679751599
CEBPB_SLC6A9,CEBPB,SLC6A9,0.42748317,0.14285714285714285,0.015147176571190357,0.06015780358758023,0.9467304072652968
CITED1_ELMSAN1,CITED1,ELMSAN1,0.21330269,0.2857142857142857,0.013173969462513924,0.0601511947995748,0.9466264017965667
MAP2K3_SGK1,MAP2K3,SGK1,0.14194489,0.42857142857142855,0.011486479081213474,0.060142694449986524,0.9464926279725956
LYL1_NIT1,LYL1,NIT1,0.21376674,0.2857142857142857,0.015957476571202278,0.06011689710080686,0.9460866434878117
BAK1_CDKN1C,BAK1,CDKN1C,0.21215892,0.2857142857142857,0.008434002287685871,0.06010986706671463,0.9459760086799844
CDKN1B_DLX2,CDKN1B,DLX2,0.21201903,0.2857142857142857,0.008029614575207233,0.06009433034048202,0.9457315002325914
CEBPB_RUNX1T1,CEBPB,RUNX1T1,0.4253522,0.14285714285714285,0.011918502859771252,0.060048904949573004,0.9450166204286294
CDKN1A_KMT2A,CDKN1A,KMT2A,0.106102034,0.5714285714285714,0.009935256093740463,0.06003328788193082,0.9447708476123455
HOXA13_LYL1,HOXA13,LYL1,0.42606616,0.14285714285714285,0.015048442408442497,0.0599642261113714,0.9436839914728424
CEBPB_FEV,CEBPB,FEV,0.4247043,0.14285714285714285,0.012201928533613682,0.0599406531875754,0.9433130137706175
SLC6A9_SPI1,SLC6A9,SPI1,0.14108464,0.42857142857142855,0.009500532411038876,0.05989580420720935,0.9426072051985747
CEBPB_SAMD1,CEBPB,SAMD1,0.42578858,0.14285714285714285,0.015966949984431267,0.05987098320160234,0.9422165858716433
FOXF1_TGFBR2,FOXF1,TGFBR2,0.14054303,0.42857142857142855,0.006295846775174141,0.05985588312224361,0.9419789491324592
BCORL1_POU3F2,BCORL1,POU3F2,0.21143718,0.2857142857142857,0.009328807704150677,0.059852272696872565,0.9419221302448321
AHR_MAP2K3,AHR,MAP2K3,0.21166308,0.2857142857142857,0.010415615513920784,0.059851773296379134,0.9419142709546927
KIF18B_TGFBR2,KIF18B,TGFBR2,0.1406139,0.42857142857142855,0.006890490651130676,0.05985069873486545,0.9418973600969351
CEBPB_EGR1,CEBPB,EGR1,0.42512047,0.14285714285714285,0.014956721104681492,0.05983653772312264,0.9416745018871098
FOXA3_MIDN,FOXA3,MIDN,0.42323866,0.14285714285714285,0.010602760128676891,0.05982832107212702,0.9415451927554671
CKS1B_SET,CKS1B,SET,0.42687896,0.14285714285714285,0.019861631095409393,0.05979508058811094,0.9410220723106785
EGR1_PLK4,EGR1,PLK4,0.14082056,0.42857142857142855,0.009477488696575165,0.05978505758091339,0.9408643357391905
CEBPB_SLC4A1,CEBPB,SLC4A1,0.4229473,0.14285714285714285,0.011531790718436241,0.05973222160127671,0.9400328321679726
IER5L_ZC3HAV1,IER5L,ZC3HAV1,0.21138354,0.2857142857142857,0.011312555521726608,0.059719713555523087,0.939835987427237
CEBPB_RHOXF2,CEBPB,RHOXF2,0.4222014,0.14285714285714285,0.010004919022321701,0.059717021045158906,0.9397936141808477
CEBPE_SNAI1,CEBPE,SNAI1,0.21170503,0.2857142857142857,0.01328720711171627,0.05969398480648762,0.9394310825337711
CDKN1A_SLC6A9,CDKN1A,SLC6A9,0.14073236,0.42857142857142855,0.010445489548146725,0.059690374615713034,0.939374267338094
FOXA1_PTPN9,FOXA1,PTPN9,0.21070223,0.2857142857142857,0.008597157895565033,0.059687493073629944,0.9393289192145392
BCL2L11_CEBPB,BCL2L11,CEBPB,0.42197776,0.14285714285714285,0.009973584674298763,0.0596872411616692,0.9393249547627314
MAP2K3_ZNF318,MAP2K3,ZNF318,0.14028345,0.42857142857142855,0.007526509463787079,0.05967235424006107,0.9390906725829229
FEV_KMT2A,FEV,KMT2A,0.14055702,0.42857142857142855,0.009782946668565273,0.05965512038277433,0.9388194556209525
COL2A1_TBX3,COL2A1,TBX3,0.42699248,0.14285714285714285,0.023883847519755363,0.05957602055026937,0.9375746259866222
ARID1A_CEBPB,ARID1A,CEBPB,0.42517725,0.14285714285714285,0.020064400508999825,0.05954487441045182,0.9370844651782861
SLC6A9_ZC3HAV1,SLC6A9,ZC3HAV1,0.14035465,0.42857142857142855,0.010720711201429367,0.059513960120718114,0.9365979530989796
CSRNP1_RUNX1T1,CSRNP1,RUNX1T1,0.10502694,0.5714285714285714,0.008479680866003036,0.05951076089448348,0.9365476054370735
CKS1B_TBX2,CKS1B,TBX2,0.42340946,0.14285714285714285,0.016537480056285858,0.05950303572977293,0.9364260310461141
FOXL2_JUN,FOXL2,JUN,0.21035866,0.2857142857142857,0.010501960292458534,0.05947784161010807,0.9360295398554696
DLX2_RUNX1T1,DLX2,RUNX1T1,0.08383126,0.7142857142857143,0.008592578582465649,0.05936933441306181,0.9343219133012309
CEBPB_CELF2,CEBPB,CELF2,0.41942176,0.14285714285714285,0.010762056335806847,0.05927942608096409,0.9329069854483631
IGDCC3_SLC38A2,IGDCC3,SLC38A2,0.20940547,0.2857142857142857,0.009561626240611076,0.05926347817601291,0.9326560060965741
CDKN1B_IRF1,CDKN1B,IRF1,0.20822023,0.2857142857142857,0.004050094168633223,0.05925151963806501,0.9324678092072839
KIF2C_PTPN9,KIF2C,PTPN9,0.20895082,0.2857142857142857,0.008068584837019444,0.059222392695992936,0.9320094254218761
HNF4A_TBX3,HNF4A,TBX3,0.42315254,0.14285714285714285,0.021140189841389656,0.05919888660642601,0.9316394995199688
CEBPB_RREB1,CEBPB,RREB1,0.42035398,0.14285714285714285,0.015300312079489231,0.059145621936563544,0.930801249457891
CEBPB_DLX2,CEBPB,DLX2,0.41867158,0.14285714285714285,0.011365300975739956,0.059138103111696795,0.9306829223298421
CEBPE_SLC38A2,CEBPE,SLC38A2,0.104481824,0.5714285714285714,0.009697087109088898,0.059130505617587314,0.9305633571485437
HNF4A_TBX2,HNF4A,TBX2,0.42160136,0.14285714285714285,0.018902292475104332,0.059111423593450556,0.9302630547537573
ARID1A_CSRNP1,ARID1A,CSRNP1,0.20978121,0.2857142857142857,0.01422694232314825,0.05909672419759411,0.9300317237510309
ATL1_TBX3,ATL1,TBX3,0.42115623,0.14285714285714285,0.018389198929071426,0.059078764222044756,0.9297490795394356
CDKN1C_CEBPB,CDKN1C,CEBPB,0.4205683,0.14285714285714285,0.017144016921520233,0.05906851233536338,0.9295877409885863
FEV_LYL1,FEV,LYL1,0.2089697,0.2857142857142857,0.01118016429245472,0.05904548954225321,0.9292254209403511
FOXA1_MAP4K5,FOXA1,MAP4K5,0.20813525,0.2857142857142857,0.007210347335785627,0.05904150374520705,0.9291626946598729
IER5L_SLC38A2,IER5L,SLC38A2,0.2087221,0.2857142857142857,0.010082523338496685,0.059039617298358264,0.9291330067975022
ISL2_MEIS1,ISL2,MEIS1,0.138819,0.42857142857142855,0.007862375117838383,0.05902974067759837,0.9289775739752117
HNF4A_PTPN9,HNF4A,PTPN9,0.41729856,0.14285714285714285,0.010348032228648663,0.0590035091251334,0.9285647562380713
EGR1_LYL1,EGR1,LYL1,0.2085095,0.2857142857142857,0.012382720597088337,0.05884547712551651,0.9260777355950979
BPGM_CBFA2T3,BPGM,CBFA2T3,0.20831208,0.2857142857142857,0.011674405075609684,0.0588309209437648,0.9258486584171394
CKS1B_HNF4A,CKS1B,HNF4A,0.41738418,0.14285714285714285,0.015053064562380314,0.058742062996946044,0.9244502609497517
ARID1A_IGDCC3,ARID1A,IGDCC3,0.41771215,0.14285714285714285,0.016235459595918655,0.05871982128606509,0.9241002331438005
CDKN1C_HNF4A,CDKN1C,HNF4A,0.4160548,0.14285714285714285,0.013064466416835785,0.05866990686516932,0.9233147074562766
CEBPB_KIF2C,CEBPB,KIF2C,0.4155231,0.14285714285714285,0.012878255918622017,0.05860570527492404,0.9223043381599392
HOXB9_SNAI1,HOXB9,SNAI1,0.4153307,0.14285714285714285,0.012746674008667469,0.05858617935984191,0.9219970500537331
COL1A1_LHX1,COL1A1,LHX1,0.41873273,0.14285714285714285,0.0218618456274271,0.05853918711868601,0.9212575120228431
CEBPB_POU3F2,CEBPB,POU3F2,0.41526398,0.14285714285714285,0.014058033004403114,0.058501016581965305,0.9206568051216591
ELMSAN1_RHOXF2,ELMSAN1,RHOXF2,0.13723204,0.42857142857142855,0.0059744794853031635,0.058464434889624925,0.9200811025789717
FOXA1_LYL1,FOXA1,LYL1,0.20692687,0.2857142857142857,0.011280571110546589,0.058462472031475476,0.9200502121976012
MAML2_PTPN9,MAML2,PTPN9,0.13737339,0.42857142857142855,0.007570262998342514,0.058431963730011964,0.9195700893382704
CEBPB_NCL,CEBPB,NCL,0.41448116,0.14285714285714285,0.013604562729597092,0.058416858896519465,0.9193323777811454
DUSP9_TBX3,DUSP9,TBX3,0.41774625,0.14285714285714285,0.02184109389781952,0.058402461478002786,0.9191057991316105
IER5L_RUNX1T1,IER5L,RUNX1T1,0.20648573,0.2857142857142857,0.010731685906648636,0.05836952046551508,0.9185873916049324
ELMSAN1_MEIS1,ELMSAN1,MEIS1,0.13734102,0.42857142857142855,0.008443019352853298,0.05836763910408743,0.918557783774121
FOXA1_STIL,FOXA1,STIL,0.20547834,0.2857142857142857,0.006350308191031218,0.05833763529029759,0.9180856002641725
CBFA2T3_STIL,CBFA2T3,STIL,0.20595804,0.2857142857142857,0.008719169534742832,0.05833650797362641,0.9180678591747783
HK2_ZBTB10,HK2,ZBTB10,0.41140044,0.14285714285714285,0.00795609038323164,0.05830759058995804,0.9176127733042052
ISL2_SGK1,ISL2,SGK1,0.20574322,0.2857142857142857,0.010127319023013115,0.058194424619015736,0.9158318295301727
MAP4K5_ZBTB10,MAP4K5,ZBTB10,0.41030312,0.14285714285714285,0.007534665521234274,0.05817639118614089,0.9155480292876133
COL1A1_HNF4A,COL1A1,HNF4A,0.4158223,0.14285714285714285,0.02210160531103611,0.05811866944035121,0.9146396362173781
HNF4A_IGDCC3,HNF4A,IGDCC3,0.41210428,0.14285714285714285,0.014029733836650848,0.05805750843837219,0.9136771180259011
BCORL1_COL2A1,BCORL1,COL2A1,0.40985474,0.14285714285714285,0.009258479811251163,0.058013559757407754,0.9129854778703946
FOXA3_PRTG,FOXA3,PRTG,0.20478122,0.2857142857142857,0.008833012543618679,0.05799663481524996,0.9127191224447239
RREB1_ZBTB10,RREB1,ZBTB10,0.4099869,0.14285714285714285,0.01022565457969904,0.05797670922694802,0.9124055445013298
HK2_MAP4K5,HK2,MAP4K5,0.20440736,0.2857142857142857,0.00806831568479538,0.05793466883985458,0.9117439360246072
CDKN1B_CEBPB,CDKN1B,CEBPB,0.41121674,0.14285714285714285,0.014821418561041355,0.05788727642388345,0.9109981002626961
CEBPB_SET,CEBPB,SET,0.41410443,0.14285714285714285,0.02199442684650421,0.057884636576370184,0.9109565557952737
CDKN1B_FOSB,CDKN1B,FOSB,0.20345421,0.2857142857142857,0.0043539684265851974,0.05787777666046387,0.9108485982138382
CEBPB_KMT2A,CEBPB,KMT2A,0.41046736,0.14285714285714285,0.01316734217107296,0.05787611911372511,0.9108225126554323
AHR_ARID1A,AHR,ARID1A,0.41113576,0.14285714285714285,0.016691694036126137,0.05776941108409655,0.909143200407909
FEV_POU3F2,FEV,POU3F2,0.20403302,0.2857142857142857,0.010016217827796936,0.057717041301521804,0.9083190335894977
LYL1_ZBTB10,LYL1,ZBTB10,0.40960333,0.14285714285714285,0.014086892828345299,0.05770192030590965,0.9080810676818278
BCORL1_ZBTB10,BCORL1,ZBTB10,0.40824035,0.14285714285714285,0.01083234790712595,0.057695076586552214,0.9079733649927654
CEBPB_MEIS1,CEBPB,MEIS1,0.40876022,0.14285714285714285,0.012245027348399162,0.05768792687381386,0.9078608467482661
PLK4_ZBTB10,PLK4,ZBTB10,0.40709695,0.14285714285714285,0.008200688287615776,0.05768366172801399,0.907793724230831
GLB1L2_ZBTB10,GLB1L2,ZBTB10,0.40524706,0.14285714285714285,0.004782451782375574,0.057616887505751314,0.9067428682675555
UBASH3A_ZBTB10,UBASH3A,ZBTB10,0.4062417,0.14285714285714285,0.007267762906849384,0.05761578855935286,0.9067255736539005
SLC38A2_ZBTB25,SLC38A2,ZBTB25,0.13548516,0.42857142857142855,0.00800617691129446,0.057603880585781995,0.9065381725189501
KMT2A_ZBTB10,KMT2A,ZBTB10,0.4066954,0.14285714285714285,0.008768185041844845,0.05759434437516681,0.906388096884185
PTPN9_ZBTB10,PTPN9,ZBTB10,0.40649733,0.14285714285714285,0.008700989186763763,0.05757012998912624,0.9060070242021596
SET_TBX3,SET,TBX3,0.41208175,0.14285714285714285,0.023609237745404243,0.05751102960718479,0.9050769349148485
PTPN13_ZBTB10,PTPN13,ZBTB10,0.40444958,0.14285714285714285,0.004679958336055279,0.05750937027175463,0.9050508212070021
SLC4A1_TGFBR2,SLC4A1,TGFBR2,0.13533722,0.42857142857142855,0.008568416349589825,0.05750890489146728,0.9050434973081444
CEBPE_CSRNP1,CEBPE,CSRNP1,0.101566985,0.5714285714285714,0.009578125551342964,0.05748765332424789,0.9047090518382503
MAP2K6_ZBTB10,MAP2K6,ZBTB10,0.40414006,0.14285714285714285,0.004662646912038326,0.057466348305611856,0.9043737651793762
FOXO4_ZBTB10,FOXO4,ZBTB10,0.4039748,0.14285714285714285,0.004644800443202257,0.05744387058472825,0.9040200231778825
COL2A1_SLC38A2,COL2A1,SLC38A2,0.40602404,0.14285714285714285,0.00993277970701456,0.057432965122610244,0.9038483990164824
FOXA3_KMT2A,FOXA3,KMT2A,0.20246467,0.2857142857142857,0.007634815759956837,0.057408743376412115,0.9034672105043479
CEBPB_MAP4K5,CEBPB,MAP4K5,0.40642437,0.14285714285714285,0.011490244418382645,0.05740107241779799,0.9033464891791038
CELF2_ZBTB10,CELF2,ZBTB10,0.40424818,0.14285714285714285,0.006316911429166794,0.05738722966805286,0.9031286396014542
FOXA1_HK2,FOXA1,HK2,0.20238411,0.2857142857142857,0.007959969341754913,0.0573673899817975,0.9028164135371962
MAP4K3_ZBTB10,MAP4K3,ZBTB10,0.40290603,0.14285714285714285,0.004668596666306257,0.05729053793081795,0.9016069582515305
HOXC13_TGFBR2,HOXC13,TGFBR2,0.13450043,0.42857142857142855,0.0061689717695117,0.05728962294801903,0.9015925587557675
FOXF1_ZBTB10,FOXF1,ZBTB10,0.40281644,0.14285714285714285,0.004598226398229599,0.05728181163807186,0.9014696286584812
ISL2_SAMD1,ISL2,SAMD1,0.20184638,0.2857142857142857,0.008140664547681808,0.057204708815397326,0.9002562268658825
CEBPB_SGK1,CEBPB,SGK1,0.40738776,0.14285714285714285,0.017375800758600235,0.05720428169330052,0.9002495050533736
HOXB9_LHX1,HOXB9,LHX1,0.40593126,0.14285714285714285,0.014009970240294933,0.05718896489828231,0.9000084577624021
ELMSAN1_GLB1L2,ELMSAN1,GLB1L2,0.13405643,0.42857142857142855,0.00528286537155509,0.05715083726456019,0.8994084260449996
FOXL2_HNF4A,FOXL2,HNF4A,0.4051069,0.14285714285714285,0.013758394867181778,0.05708698924906108,0.8984036211134409
KIF18B_ZBTB10,KIF18B,ZBTB10,0.40174338,0.14285714285714285,0.005914260633289814,0.05705447669957417,0.8978919565016809
CSRNP1_SLC6A9,CSRNP1,SLC6A9,0.13436279,0.42857142857142855,0.009705896489322186,0.057030519258325904,0.897514927475397
BAK1_CEBPB,BAK1,CEBPB,0.40372336,0.14285714285714285,0.011337978765368462,0.05702818127848993,0.897478133635358
ARID1A_SGK1,ARID1A,SGK1,0.40550312,0.14285714285714285,0.01615455374121666,0.05700807765985217,0.8971617539485113
CEBPB_HK2,CEBPB,HK2,0.4040313,0.14285714285714285,0.012886220589280128,0.05698444395718217,0.8967898197418146
MAP7D1_ZBTB10,MAP7D1,ZBTB10,0.4006751,0.14285714285714285,0.004699905402958393,0.05697153747281532,0.8965867045934497
CDKN1A_UBASH3B,CDKN1A,UBASH3B,0.1341238,0.42857142857142855,0.009364623576402664,0.05694832983566641,0.8962214755714549
RHOXF2_ZBTB10,RHOXF2,ZBTB10,0.40033078,0.14285714285714285,0.005266203079372644,0.05689051470152679,0.8953116128067612
COL2A1_PRTG,COL2A1,PRTG,0.40099832,0.14285714285714285,0.00699763186275959,0.05688739781188315,0.895262560912813
HNF4A_HOXB9,HNF4A,HOXB9,0.4037811,0.14285714285714285,0.014403734356164932,0.05686395895596359,0.8948936930970484
COL2A1_UBASH3A,COL2A1,UBASH3A,0.40009546,0.14285714285714285,0.005579747259616852,0.05683934550327145,0.8945063401236721
MAP7D1_TGFBR2,MAP7D1,TGFBR2,0.13346837,0.42857142857142855,0.006437941454350948,0.05683483265051978,0.894435319330546
CITED1_TBX3,CITED1,TBX3,0.40552315,0.14285714285714285,0.020142007619142532,0.05678805333410903,0.8936991321921198
PRTG_ZBTB10,PRTG,ZBTB10,0.40096688,0.14285714285714285,0.008778026327490807,0.05678254457247071,0.8936124383329966
FOXA1_KMT2A,FOXA1,KMT2A,0.2002832,0.2857142857142857,0.008084236644208431,0.056764870652204355,0.8933342959020255
PRDM1_SNAI1,PRDM1,SNAI1,0.4034957,0.14285714285714285,0.015539110638201237,0.05676023910290795,0.8932614071279985
COL1A1_TBX3,COL1A1,TBX3,0.40745997,0.14285714285714285,0.026157379150390625,0.056724795765496355,0.8927036193887293
MAPK1_ZBTB10,MAPK1,ZBTB10,0.39880407,0.14285714285714285,0.00505486037582159,0.05668547264549224,0.8920847737661121
HOXC13_ZBTB10,HOXC13,ZBTB10,0.39835235,0.14285714285714285,0.004657791927456856,0.05664364493999082,0.8914265123552433
CKS1B_SLC38A2,CKS1B,SLC38A2,0.2000061,0.2857142857142857,0.009670916013419628,0.05659725203049715,0.8906964062762335
KMT2A_PRTG,KMT2A,PRTG,0.133193,0.42857142857142855,0.008962267078459263,0.056575668527550096,0.8903567369845259
FEV_ZBTB10,FEV,ZBTB10,0.39985695,0.14285714285714285,0.00984891690313816,0.05656531502882463,0.890193799319245
ARID1A_COL1A1,ARID1A,COL1A1,0.40436566,0.14285714285714285,0.02217336744070053,0.056513429639284095,0.8893772556118388
MAP4K5_UBASH3A,MAP4K5,UBASH3A,0.19917089,0.2857142857142857,0.007239338476210833,0.056496967180343645,0.8891181784925323
OSR2_PTPN1,OSR2,PTPN1,0.19971903,0.2857142857142857,0.0101620526984334,0.05648853953715476,0.8889855488818635
CNNM4_ZBTB10,CNNM4,ZBTB10,0.4011802,0.14285714285714285,0.014992166310548782,0.05646492667561475,0.8886139426614016
CDKN1A_HOXA13,CDKN1A,HOXA13,0.3994506,0.14285714285714285,0.011283179745078087,0.056427687706613903,0.8880278962603394
ZBTB10_ZNF318,ZBTB10,ZNF318,0.39800566,0.14285714285714285,0.008176486007869244,0.056396824205793394,0.8875421834689989
BCL2L11_ZBTB10,BCL2L11,ZBTB10,0.3968444,0.14285714285714285,0.005285471212118864,0.056393986501302645,0.887497525237348
FOXA1_PLK4,FOXA1,PLK4,0.19859104,0.2857142857142857,0.006887005642056465,0.056352198827222956,0.8868398938189644
IRF1_ZBTB10,IRF1,ZBTB10,0.39640898,0.14285714285714285,0.005038022994995117,0.05634598124003132,0.886742044853359
COL2A1_SLC6A9,COL2A1,SLC6A9,0.39893875,0.14285714285714285,0.011491655372083187,0.056343766179590145,0.8867071854511115
CEBPB_CLDN6,CEBPB,CLDN6,0.4023282,0.14285714285714285,0.02021065354347229,0.0563368515806469,0.8865983672981333
CBFA2T3_RUNX1T1,CBFA2T3,RUNX1T1,0.19918412,0.2857142857142857,0.01070612296462059,0.05630691968025432,0.8861273155216562
COL2A1_RHOXF2,COL2A1,RHOXF2,0.39543384,0.14285714285714285,0.0039243316277861595,0.05626972794633808,0.8855420124803616
FOXA1_UBASH3A,FOXA1,UBASH3A,0.19824344,0.2857142857142857,0.006739642936736345,0.05626179819704188,0.8854172184497787
ELMSAN1_FOXO4,ELMSAN1,FOXO4,0.13185193,0.42857142857142855,0.0051455432549119,0.05621869276150152,0.884738848826708
HOXA13_SLC38A2,HOXA13,SLC38A2,0.39797714,0.14285714285714285,0.011453737504780293,0.056210062347328824,0.8846030281178835
COL2A1_RUNX1T1,COL2A1,RUNX1T1,0.39744,0.14285714285714285,0.010331742465496063,0.05619653281936529,0.8843901078522629
BCL2L11_ELMSAN1,BCL2L11,ELMSAN1,0.13183258,0.42857142857142855,0.0057570007629692554,0.05617627233107127,0.884071259437093
CEBPB_SLC38A2,CEBPB,SLC38A2,0.39800426,0.14285714285714285,0.012160703539848328,0.056174628939498636,0.8840453966449021
UBASH3B_ZBTB10,UBASH3B,ZBTB10,0.39622247,0.14285714285714285,0.007751604542136192,0.056167819587542876,0.8839382348110943
ETS2_LHX1,ETS2,LHX1,0.39926332,0.14285714285714285,0.015547624789178371,0.05616439454613715,0.8838843333942944
FOXA3_SPI1,FOXA3,SPI1,0.1982163,0.2857142857142857,0.009231441654264927,0.05611520552089004,0.8831102235842948
FOXA3_ZNF318,FOXA3,ZNF318,0.19775748,0.2857142857142857,0.007344404235482216,0.056090188844818124,0.8827165249032664
OSR2_SNAI1,OSR2,SNAI1,0.39913508,0.14285714285714285,0.017156852409243584,0.05605752685112079,0.8822025084207638
BCORL1_CBFA2T3,BCORL1,CBFA2T3,0.19818725,0.2857142857142857,0.010400029830634594,0.05604208830095,0.8819595450142043
EGR1_FOXA1,EGR1,FOXA1,0.19835664,0.2857142857142857,0.0116135748103261,0.05602270281241985,0.8816544668637948
CEBPB_PTPN9,CEBPB,PTPN9,0.39761248,0.14285714285714285,0.013922538608312607,0.05602181727315544,0.881640530734175
ELMSAN1_MAP4K3,ELMSAN1,MAP4K3,0.13136424,0.42857142857142855,0.005211136303842068,0.05600709990089443,0.8814089168286864
POU3F2_PRTG,POU3F2,PRTG,0.19778258,0.2857142857142857,0.009460542351007462,0.05597970904439894,0.8809778546026932
CELF2_FOXA3,CELF2,FOXA3,0.19706246,0.2857142857142857,0.005906814709305763,0.05597293895465474,0.8808713106559645
NCL_POU3F2,NCL,POU3F2,0.19804682,0.2857142857142857,0.0110321668908,0.05596736395062639,0.8807835743105612
COL2A1_PRDM1,COL2A1,PRDM1,0.40013084,0.14285714285714285,0.02206832729279995,0.05592732577808202,0.880153475584568
HK2_MAP2K3,HK2,MAP2K3,0.13148372,0.42857142857142855,0.007778239902108908,0.05591524300551596,0.8799633235592249
CELF2_ELMSAN1,CELF2,ELMSAN1,0.13124152,0.42857142857142855,0.006512258667498827,0.055882442768640156,0.8794471314816567
ARID1A_CKS1B,ARID1A,CKS1B,0.39781153,0.14285714285714285,0.017067521810531616,0.0558765447144699,0.8793543111508985
CELF2_POU3F2,CELF2,POU3F2,0.19699039,0.2857142857142857,0.007306313142180443,0.05587472906176552,0.8793257374078134
FEV_FOXA1,FEV,FOXA1,0.19726017,0.2857142857142857,0.009690308943390846,0.05581914415532298,0.8784509727392938
CDKN1B_TSC22D1,CDKN1B,TSC22D1,0.19666886,0.2857142857142857,0.007713568862527609,0.05576098758145045,0.8775357365839822
MEIS1_PTPN9,MEIS1,PTPN9,0.1965664,0.2857142857142857,0.0075948345474898815,0.05573850468248061,0.877181913092617
ELMSAN1_PTPN13,ELMSAN1,PTPN13,0.13070975,0.42857142857142855,0.005131283309310675,0.05573248615562578,0.8770871968290468
ELMSAN1_FOXF1,ELMSAN1,FOXF1,0.130698,0.42857142857142855,0.005135850980877876,0.05572721991334813,0.8770043196061603
ELMSAN1_MAP7D1,ELMSAN1,MAP7D1,0.13050236,0.42857142857142855,0.0052267033606767654,0.055638774663321816,0.8756124169337799
ATL1_CEBPB,ATL1,CEBPB,0.3967325,0.14285714285714285,0.019042521715164185,0.0556169850874825,0.8752695045802984
FOXA3_MAP7D1,FOXA3,MAP7D1,0.19557747,0.2857142857142857,0.0048906756564974785,0.055607320473821054,0.8751174082090531
ARRDC3_POU3F2,ARRDC3,POU3F2,0.1961709,0.2857142857142857,0.008118118159472942,0.05559748059508376,0.8749625536124946
ARID1A_HOXB9,ARID1A,HOXB9,0.3957417,0.14285714285714285,0.01715884357690811,0.05558082603253224,0.8747004532722741
CBFA2T3_COL1A1,CBFA2T3,COL1A1,0.39670193,0.14285714285714285,0.01974971778690815,0.05557413115814966,0.8745950930235147
CEBPE_HOXA13,CEBPE,HOXA13,0.39372802,0.14285714285714285,0.01265129167586565,0.055544154388655065,0.874123335121802
TGFBR2_ZBTB10,TGFBR2,ZBTB10,0.3929349,0.14285714285714285,0.011136782355606556,0.05551529377034399,0.8736691425931835
FOXA3_SLC4A1,FOXA3,SLC4A1,0.19595891,0.2857142857142857,0.008549867197871208,0.055513626543265464,0.8736429046909178
FOSB_ZBTB10,FOSB,ZBTB10,0.39053503,0.14285714285714285,0.0052744136191904545,0.05549799871242644,0.873396962489365
ELMSAN1_MAPK1,ELMSAN1,MAPK1,0.13014069,0.42857142857142855,0.005304297432303429,0.055480298280126746,0.8731184028266031
BCORL1_ZBTB25,BCORL1,ZBTB25,0.19587113,0.2857142857142857,0.008969324640929699,0.05546569011379223,0.8728885075438882
ELMSAN1_HOXC13,ELMSAN1,HOXC13,0.130039,0.42857142857142855,0.00512088555842638,0.05544706470067457,0.8725953910420416
COL2A1_ZC3HAV1,COL2A1,ZC3HAV1,0.39264518,0.14285714285714285,0.011720024980604649,0.05544238249578972,0.8725217050782401
ARRDC3_ZBTB10,ARRDC3,ZBTB10,0.3909312,0.14285714285714285,0.0076917181722819805,0.05542102978099426,0.8721856678034566
FOXA3_GLB1L2,FOXA3,GLB1L2,0.1948613,0.2857142857142857,0.004819514695554972,0.05540761727118733,0.871974589105188
SLC4A1_ZBTB10,SLC4A1,ZBTB10,0.39144695,0.14285714285714285,0.00946845207363367,0.055396473722291124,0.8717992180650947
CEBPB_TBX2,CEBPB,TBX2,0.39608404,0.14285714285714285,0.021898619830608368,0.05537088831054236,0.8713965689349666
ARID1A_TBX2,ARID1A,TBX2,0.39446133,0.14285714285714285,0.0180195402354002,0.05535416254814938,0.8711333480908232
MIDN_TBX3,MIDN,TBX3,0.39481202,0.14285714285714285,0.01940084435045719,0.05532830105438499,0.8707263541338648
FOXA3_MAP2K6,FOXA3,MAP2K6,0.19439934,0.2857142857142857,0.004748604726046324,0.055280165470953664,0.8699688228114396
CDKN1C_TBX3,CDKN1C,TBX3,0.39360717,0.14285714285714285,0.018606511875987053,0.055202470209565424,0.868746097544391
FOXA3_FOXO4,FOXA3,FOXO4,0.19399768,0.2857142857142857,0.0047025661915540695,0.055168475489722354,0.8682111073512228
CEBPB_ZNF318,CEBPB,ZNF318,0.39085627,0.14285714285714285,0.012179084122180939,0.05516475326112885,0.8681525289660075
CKS1B_HOXA13,CKS1B,HOXA13,0.39301002,0.14285714285714285,0.017818335443735123,0.05516140420434557,0.8680998233533803
ARRDC3_NCL,ARRDC3,NCL,0.1298664,0.42857142857142855,0.009550145827233791,0.05513052671103126,0.8676138903558726
FOXA3_PTPN13,FOXA3,PTPN13,0.19381653,0.2857142857142857,0.004762119613587856,0.05511369278099211,0.8673489672288399
COL2A1_FOSB,COL2A1,FOSB,0.3871416,0.14285714285714285,0.00372058036737144,0.05510093331358059,0.8671481657524128
COL2A1_NCL,COL2A1,NCL,0.38919932,0.14285714285714285,0.009725255891680717,0.055064387102285624,0.8665730215908924
ARID1A_PTPN12,ARID1A,PTPN12,0.39103734,0.14285714285714285,0.0147748664021492,0.055049134243506236,0.8663329804932625
CDKN1B_SPI1,CDKN1B,SPI1,0.19404653,0.2857142857142857,0.008238513953983784,0.05498883858522883,0.8653840806047518
CBFA2T3_OSR2,CBFA2T3,OSR2,0.39038903,0.14285714285714285,0.014213667251169682,0.05498827569108762,0.8653752220865252
NCL_ZNF318,NCL,ZNF318,0.12953219,0.42857142857142855,0.010152745991945267,0.054955842226151075,0.8648648020638976
IER5L_TBX3,IER5L,TBX3,0.3915554,0.14285714285714285,0.018095578998327255,0.05494227328241627,0.8646512614945598
NIT1_OSR2,NIT1,OSR2,0.39090517,0.14285714285714285,0.017256690189242363,0.0548962680571306,0.8639272565762679
FOXA3_HOXC13,FOXA3,HOXC13,0.192989,0.2857142857142857,0.004840225912630558,0.05487411307838166,0.8635785937128807
CITED1_SET,CITED1,SET,0.39128453,0.14285714285714285,0.01890784688293934,0.054860495493352326,0.8633642876536173
NCL_ZBTB10,NCL,ZBTB10,0.38797623,0.14285714285714285,0.010716265067458153,0.054837522175415127,0.8630027462184277
BCORL1_CDKN1B,BCORL1,CDKN1B,0.19345722,0.2857142857142857,0.008946266025304794,0.05478338356950626,0.8621507426317897
ARID1A_CITED1,ARID1A,CITED1,0.38972518,0.14285714285714285,0.017351021990180016,0.05472548244778924,0.8612395266419228
CEBPB_UBASH3B,CEBPB,UBASH3B,0.38844794,0.14285714285714285,0.01432623527944088,0.05470879188271692,0.8609768597138426
CITED1_FOXL2,CITED1,FOXL2,0.38800344,0.14285714285714285,0.013226522132754326,0.05470549917737089,0.860925040929124
CEBPB_ZC3HAV1,CEBPB,ZC3HAV1,0.38825843,0.14285714285714285,0.013906722888350487,0.05470472615856058,0.8609128755844891
ARRDC3_COL2A1,ARRDC3,COL2A1,0.3851737,0.14285714285714285,0.006365073379129171,0.05467679365346798,0.8604732891909508
FOXL2_SNAI1,FOXL2,SNAI1,0.38818768,0.14285714285714285,0.014910860918462276,0.054640643347713666,0.8599043755729574
CDKN1C_CSRNP1,CDKN1C,CSRNP1,0.19255479,0.2857142857142857,0.010965176858007908,0.05441894006952326,0.8564153313868995
PTPN9_TBX2,PTPN9,TBX2,0.385427,0.14285714285714285,0.011840738356113434,0.05441666622705459,0.8563795469054517
HOXB9_SAMD1,HOXB9,SAMD1,0.38608068,0.14285714285714285,0.013620473444461823,0.05441324896990417,0.8563257679929781
CKS1B_SGK1,CKS1B,SGK1,0.3859256,0.14285714285714285,0.013535776175558567,0.05439593606907668,0.8560533070872621
BAK1_COL2A1,BAK1,COL2A1,0.38365424,0.14285714285714285,0.00768479285761714,0.05438977396685185,0.8559563313135301
BAK1_RREB1,BAK1,RREB1,0.12789741,0.42857142857142855,0.007934563793241978,0.05438168147268017,0.8558289760936575
FOXA3_MAP4K3,FOXA3,MAP4K3,0.19110514,0.2857142857142857,0.0047535221092402935,0.05434314785539962,0.8552225552304306
DLX2_FOXA3,DLX2,FOXA3,0.19172496,0.2857142857142857,0.008817517198622227,0.05429976971398401,0.8545398939123684
COL2A1_LYL1,COL2A1,LYL1,0.3848093,0.14285714285714285,0.013772565871477127,0.05422592493437074,0.8533777654085261
FOXA1_PRTG,FOXA1,PRTG,0.19146432,0.2857142857142857,0.008852474391460419,0.05422407415080008,0.8533486387952005
FOXA3_HNF4A,FOXA3,HNF4A,0.38310975,0.14285714285714285,0.010557997040450573,0.0541581623342862,0.8523113548990067
HOXB9_TBX3,HOXB9,TBX3,0.38633224,0.14285714285714285,0.019087674096226692,0.05415659705117703,0.8522867213348295
IGDCC3_TBX3,IGDCC3,TBX3,0.38528976,0.14285714285714285,0.018727485090494156,0.05402955635236961,0.8502874247290931
FOXL2_PTPN1,FOXL2,PTPN1,0.38230976,0.14285714285714285,0.01188153401017189,0.05397438220270087,0.8494191243246352
COL2A1_SPI1,COL2A1,SPI1,0.3807742,0.14285714285714285,0.008230105973780155,0.05395228128784753,0.8490713122890845
CBFA2T3_RREB1,CBFA2T3,RREB1,0.1905889,0.2857142857142857,0.010532824322581291,0.05388639730307454,0.8480344663935129
STIL_UBASH3B,STIL,UBASH3B,0.18955398,0.2857142857142857,0.006630288437008858,0.05380155901932965,0.8466993281715105
CEBPB_TMSB4X,CEBPB,TMSB4X,0.3835335,0.14285714285714285,0.01956520415842533,0.053739084915978425,0.845716145113254
KMT2A_MEIS1,KMT2A,MEIS1,0.18963711,0.2857142857142857,0.008899996057152748,0.053704065355018815,0.8451650265345765
SPI1_ZBTB10,SPI1,ZBTB10,0.37964633,0.14285714285714285,0.010140870697796345,0.05369071950891043,0.8449549969529098
COL2A1_KIF2C,COL2A1,KIF2C,0.37948215,0.14285714285714285,0.00970426481217146,0.053690706887810837,0.8449547983289898
FOXA3_RHOXF2,FOXA3,RHOXF2,0.18891531,0.2857142857142857,0.005562449339777231,0.053677226657501236,0.8447426538827175
BPGM_ETS2,BPGM,ETS2,0.19004042,0.2857142857142857,0.011574024334549904,0.053676016610746405,0.844723610832794
ARID1A_CDKN1C,ARID1A,CDKN1C,0.3815294,0.14285714285714285,0.015525261871516705,0.05367094323874435,0.8446437688961661
COL2A1_TBX2,COL2A1,TBX2,0.38256067,0.14285714285714285,0.0195478368550539,0.05360368818787761,0.843585345916926
ARID1A_CBL,ARID1A,CBL,0.38003558,0.14285714285714285,0.013833016157150269,0.05355003848168953,0.842741036365046
HK2_KIF2C,HK2,KIF2C,0.18913122,0.2857142857142857,0.010081951506435871,0.053498124563813594,0.8419240436943967
LYL1_MEIS1,LYL1,MEIS1,0.18922545,0.2857142857142857,0.01060206163674593,0.053497233365356306,0.8419100185035134
BAK1_HOXA13,BAK1,HOXA13,0.37784466,0.14285714285714285,0.009770121425390244,0.05345554164925928,0.8412538972190543
CEBPB_CKS1B,CEBPB,CKS1B,0.38137278,0.14285714285714285,0.019474364817142487,0.05344109429178767,0.8410265326577288
IER5L_TBX2,IER5L,TBX2,0.37952578,0.14285714285714285,0.014628646895289421,0.05343626836691496,0.8409505849078492
IGDCC3_TBX2,IGDCC3,TBX2,0.37987253,0.14285714285714285,0.015695402398705482,0.05342891604843266,0.8408348781656481
FOXA1_MIDN,FOXA1,MIDN,0.37776956,0.14285714285714285,0.010129169560968876,0.05342591974591588,0.840787724005542
ARID1A_ZBTB25,ARID1A,ZBTB25,0.37890056,0.14285714285714285,0.014333647675812244,0.05336375386155034,0.8398093915280651
FOXL2_TBX3,FOXL2,TBX3,0.3795406,0.14285714285714285,0.01801203191280365,0.05326075029905948,0.8381883781457402
ARID1A_HNF4A,ARID1A,HNF4A,0.37908015,0.14285714285714285,0.01719633862376213,0.0532387943151968,0.8378428469543635
RUNX1T1_SLC38A2,RUNX1T1,SLC38A2,0.12532803,0.42857142857142855,0.008916765451431274,0.053237310034240135,0.837819488157486
ARID1A_UBASH3B,ARID1A,UBASH3B,0.37734222,0.14285714285714285,0.013795319944620132,0.0531725003625424,0.8367995492098846
AHR_TBX3,AHR,TBX3,0.3792684,0.14285714285714285,0.019326165318489075,0.05315393929915491,0.836507445408679
NCL_UBASH3A,NCL,UBASH3A,0.1251999,0.42857142857142855,0.010013355873525143,0.05312513868512213,0.8360541971943712
ELMSAN1_FOSB,ELMSAN1,FOSB,0.124603294,0.42857142857142855,0.005399240180850029,0.05311463298345468,0.8358888642429486
RREB1_RUNX1T1,RREB1,RUNX1T1,0.12509726,0.42857142857142855,0.009404351934790611,0.053113612274405864,0.8358728008856474
CEBPB_CSRNP1,CEBPB,CSRNP1,0.37663388,0.14285714285714285,0.013060249388217926,0.0531111949095441,0.8358347577277593
CBFA2T3_PRTG,CBFA2T3,PRTG,0.187339,0.2857142857142857,0.008875380270183086,0.05305454727594939,0.8349432684441511
CLDN6_LHX1,CLDN6,LHX1,0.37796742,0.14285714285714285,0.018879760056734085,0.05299481591136307,0.8340032490992129
ELMSAN1_IRF1,ELMSAN1,IRF1,0.12428387,0.42857142857142855,0.005217259284108877,0.05298806433430438,0.8338969964949409
PTPN9_TBX3,PTPN9,TBX3,0.37626716,0.14285714285714285,0.015008083544671535,0.052957659162051744,0.8334184966263777
FOXA3_IRF1,FOXA3,IRF1,0.18630025,0.2857142857142857,0.005174948833882809,0.05295460488850878,0.8333704301501638
CITED1_IGDCC3,CITED1,IGDCC3,0.37611002,0.14285714285714285,0.015305479057133198,0.0529200359691503,0.8328264035210111
CBL_CEBPB,CBL,CEBPB,0.37586868,0.14285714285714285,0.014963838271796703,0.05290388033260337,0.8325721550036855
COL2A1_RREB1,COL2A1,RREB1,0.37378332,0.14285714285714285,0.009489812888205051,0.05289564737361284,0.8324425892257935
MIDN_SAMD1,MIDN,SAMD1,0.3746035,0.14285714285714285,0.012136670760810375,0.05287308391737951,0.8320874979685471
LHX1_SNAI1,LHX1,SNAI1,0.37592632,0.14285714285714285,0.016217056661844254,0.052846740807706814,0.8316729246054629
HNF4A_SNAI1,HNF4A,SNAI1,0.37542015,0.14285714285714285,0.015171419829130173,0.05282994517097854,0.8314086041174835
COL2A1_CSRNP1,COL2A1,CSRNP1,0.3739319,0.14285714285714285,0.011202692054212093,0.052827039878385065,0.8313628822214664
CEBPE_COL2A1,CEBPE,COL2A1,0.37349153,0.14285714285714285,0.01038457453250885,0.05280754831436815,0.8310561347134212
ELMSAN1_FEV,ELMSAN1,FEV,0.12433058,0.42857142857142855,0.009127571247518063,0.052802575119768,0.8309778693136155
GLB1L2_POU3F2,GLB1L2,POU3F2,0.18591855,0.2857142857142857,0.006245808210223913,0.052789871633096806,0.8307779488312728
FOXL2_ZC3HAV1,FOXL2,ZC3HAV1,0.18680513,0.2857142857142857,0.011053929105401039,0.052789364126062305,0.8307699619648511
CEBPB_ZBTB25,CEBPB,ZBTB25,0.37522775,0.14285714285714285,0.015595616772770882,0.05278081483146064,0.8306354178711947
POU3F2_RHOXF2,POU3F2,RHOXF2,0.18582444,0.2857142857142857,0.006790423300117254,0.05273460653607146,0.8299082171473658
BCL2L11_POU3F2,BCL2L11,POU3F2,0.18575932,0.2857142857142857,0.00646327855065465,0.052733261912273684,0.829887056198
ETS2_FOXL2,ETS2,FOXL2,0.37349042,0.14285714285714285,0.012857425957918167,0.05267846524272152,0.8290246963678845
POU3F2_SLC4A1,POU3F2,SLC4A1,0.18572526,0.2857142857142857,0.008952089585363865,0.05259353703078966,0.8276881429055643
ARID1A_CDKN1B,ARID1A,CDKN1B,0.3728527,0.14285714285714285,0.013933920301496983,0.05253268699330384,0.8267305185021533
CDKN1C_HOXB9,CDKN1C,HOXB9,0.37248617,0.14285714285714285,0.01354479044675827,0.052501192930212284,0.8262348822687976
HK2_HNF4A,HK2,HNF4A,0.37085402,0.14285714285714285,0.009779930114746094,0.052466031608713486,0.8256815327407669
MIDN_SET,MIDN,SET,0.37423486,0.14285714285714285,0.019260253757238388,0.05245188554227001,0.8254589097318378
EGR1_ZBTB10,EGR1,ZBTB10,0.37199858,0.14285714285714285,0.013446982018649578,0.052437527554164254,0.825232951616411
HNF4A_OSR2,HNF4A,OSR2,0.37304223,0.14285714285714285,0.01648087427020073,0.052427692342470904,0.8250781704672216
FOXA1_ISL2,FOXA1,ISL2,0.18482588,0.2857142857142857,0.00739904772490263,0.05241954026717023,0.8249498775923293
CDKN1A_COL2A1,CDKN1A,COL2A1,0.3702999,0.14285714285714285,0.009241996333003044,0.052415562073037124,0.8248872709623128
KIF2C_MAP2K3,KIF2C,MAP2K3,0.12326313,0.42857142857142855,0.009672057814896107,0.052321003133541474,0.8233991544095042
COL2A1_JUN,COL2A1,JUN,0.36963403,0.14285714285714285,0.009413703344762325,0.05231240825733686,0.8232638929776644
LHX1_NIT1,LHX1,NIT1,0.3717328,0.14285714285714285,0.016854222863912582,0.05222448281327806,0.8218801707255449
BCL2L11_FOXA3,BCL2L11,FOXA3,0.18350793,0.2857142857142857,0.005222660023719072,0.05215843258571606,0.8208407085924451
POU3F2_TBX3,POU3F2,TBX3,0.3706802,0.14285714285714285,0.015678701922297478,0.052136877576539314,0.8205014877200142
COL2A1_MAML2,COL2A1,MAML2,0.3678653,0.14285714285714285,0.008374630473554134,0.05211573486692653,0.8201687553912274
COL2A1_MAP2K3,COL2A1,MAP2K3,0.36891198,0.14285714285714285,0.011678418144583702,0.05209334380317999,0.8198163771520683
EGR1_MEIS1,EGR1,MEIS1,0.18415153,0.2857142857142857,0.010050548240542412,0.052091178035337186,0.8197822934896075
CEBPB_TGFBR2,CEBPB,TGFBR2,0.36937186,0.14285714285714285,0.013449632562696934,0.052067125045175834,0.8194037607671112
BCL2L11_MAP2K3,BCL2L11,MAP2K3,0.12200153,0.42857142857142855,0.004555190913379192,0.052049275075099585,0.8191228477611143
COL1A1_SET,COL1A1,SET,0.3730816,0.14285714285714285,0.024107838049530983,0.052042732895916204,0.8190198905453696
ARID1A_PTPN9,ARID1A,PTPN9,0.36909598,0.14285714285714285,0.014310391619801521,0.051984084693054496,0.818096917403576
CBFA2T3_EGR1,CBFA2T3,EGR1,0.1837672,0.2857142857142857,0.011683009564876556,0.051898582511626386,0.8167513311251864
CBFA2T3_UBASH3A,CBFA2T3,UBASH3A,0.18344525,0.2857142857142857,0.010285279713571072,0.05187933369234684,0.8164484038002322
ARID1A_MIDN,ARID1A,MIDN,0.36915806,0.14285714285714285,0.016991540789604187,0.05185575642223254,0.8160773576980418
MAP2K3_MAP4K3,MAP2K3,MAP4K3,0.1212803,0.42857142857142855,0.004093763418495655,0.05176535529798672,0.8146546745535367
HNF4A_SGK1,HNF4A,SGK1,0.36741987,0.14285714285714285,0.014041638001799583,0.05176173315323888,0.814597671232807
CDKN1C_CITED1,CDKN1C,CITED1,0.36673757,0.14285714285714285,0.013049249537289143,0.05171622413455791,0.8138814753409914
MAP4K3_POU3F2,MAP4K3,POU3F2,0.181879,0.2857142857142857,0.006029787473380566,0.05165396581415991,0.8129016881561045
RUNX1T1_SPI1,RUNX1T1,SPI1,0.09113021,0.5714285714285714,0.008335264399647713,0.0516439409259416,0.812743921982147
CEBPB_MAML2,CEBPB,MAML2,0.36566776,0.14285714285714285,0.012402456253767014,0.05159830575188121,0.8120257407263947
CELF2_MAP2K3,CELF2,MAP2K3,0.12105055,0.42857142857142855,0.005446407478302717,0.05159778523677927,0.8120175491461665
FOXO4_POU3F2,FOXO4,POU3F2,0.18158355,0.2857142857142857,0.006059376988559961,0.051568542063636744,0.8115573361801355
MAP2K6_POU3F2,MAP2K6,POU3F2,0.18154556,0.2857142857142857,0.00609186664223671,0.0515560859403083,0.8113613085659537
CDKN1C_MIDN,CDKN1C,MIDN,0.36540046,0.14285714285714285,0.013234621845185757,0.05151824174419622,0.8107657374336789
BCORL1_CEBPE,BCORL1,CEBPE,0.09094255,0.5714285714285714,0.010643552988767624,0.051419879346795275,0.8092177641534475
KIF18B_LYL1,KIF18B,LYL1,0.1814722,0.2857142857142857,0.009035591036081314,0.051384906195058595,0.8086673759375811
CITED1_OSR2,CITED1,OSR2,0.36501262,0.14285714285714285,0.01526258047670126,0.05136076165885324,0.808287402513823
FEV_ZNF318,FEV,ZNF318,0.1209406,0.42857142857142855,0.009450145997107029,0.0513464556331882,0.8080622621546927
LHX1_SET,LHX1,SET,0.36654744,0.14285714285714285,0.020135141909122467,0.05133037497590868,0.8078091936198154
MAP2K3_MAP7D1,MAP2K3,MAP7D1,0.12017183,0.42857142857142855,0.004166042432188988,0.051288542637130514,0.807150859292987
CBFA2T3_FOXO4,CBFA2T3,FOXO4,0.18053848,0.2857142857142857,0.006176919676363468,0.05126575711144841,0.8067922732289633
FOXF1_POU3F2,FOXF1,POU3F2,0.18033808,0.2857142857142857,0.0060935188084840775,0.05121309907404395,0.8059635700146722
SNAI1_TBX3,SNAI1,TBX3,0.3654835,0.14285714285714285,0.020233944058418274,0.0511764265639158,0.8053864382316192
CBFA2T3_KIF18B,CBFA2T3,KIF18B,0.18034078,0.2857142857142857,0.007312060333788395,0.051151911794172236,0.8050006382761811
FOXA3_TBX3,FOXA3,TBX3,0.36330438,0.14285714285714285,0.015099521726369858,0.051128607705986255,0.804633891360843
ARID1A_FOXL2,ARID1A,FOXL2,0.3635632,0.14285714285714285,0.01612686552107334,0.051113304015814924,0.8043930503067398
IER5L_SET,IER5L,SET,0.36410946,0.14285714285714285,0.01767735742032528,0.051112109618222414,0.8043742535347209
FOXA1_HNF4A,FOXA1,HNF4A,0.36148664,0.14285714285714285,0.010808847844600677,0.05108873867604663,0.804006454508082
CBFA2T3_TSC22D1,CBFA2T3,TSC22D1,0.18031672,0.2857142857142857,0.008666384033858776,0.051076414018917236,0.8038124958365934
FOSB_FOXA3,FOSB,FOXA3,0.17970262,0.2857142857142857,0.005392607767134905,0.05106821619174261,0.8036834829438865
COL2A1_EGR1,COL2A1,EGR1,0.3618631,0.14285714285714285,0.012428251095116138,0.05106014124214502,0.8035564038308659
CBFA2T3_PTPN13,CBFA2T3,PTPN13,0.17971475,0.2857142857142857,0.00608212361112237,0.05103666135233426,0.8031868902463031
EGR1_KIF2C,EGR1,KIF2C,0.18087691,0.2857142857142857,0.01276134792715311,0.05102793214291902,0.8030495147523197
TBX3_UBASH3A,TBX3,UBASH3A,0.36205536,0.14285714285714285,0.013915637508034706,0.05101232543803449,0.8028039050194129
POU3F2_PTPN13,POU3F2,PTPN13,0.17957687,0.2857142857142857,0.006024825852364302,0.05100040963619891,0.8026163806875402
CBFA2T3_GLB1L2,CBFA2T3,GLB1L2,0.17961629,0.2857142857142857,0.006289259530603886,0.05099819833810263,0.802581580495006
CBFA2T3_MAP2K6,CBFA2T3,MAP2K6,0.17937368,0.2857142857142857,0.0061243800446391106,0.05093766169981012,0.8016288881956322
CBFA2T3_KIF2C,CBFA2T3,KIF2C,0.18020152,0.2857142857142857,0.011455627158284187,0.05090302126865374,0.801083736153158
MAP2K3_RHOXF2,MAP2K3,RHOXF2,0.11935612,0.42857142857142855,0.00493715750053525,0.05090131425565196,0.8010568721219268
CELF2_FOXA1,CELF2,FOXA1,0.17916381,0.2857142857142857,0.006310817785561085,0.05086863831857285,0.8005426362061548
CBFA2T3_FOXF1,CBFA2T3,FOXF1,0.17900491,0.2857142857142857,0.006110787391662598,0.05083362583674496,0.7999916290349567
HNF4A_POU3F2,HNF4A,POU3F2,0.3595689,0.14285714285714285,0.010858711786568165,0.050815197262753915,0.7997016102789618
HK2_TBX3,HK2,TBX3,0.36081472,0.14285714285714285,0.014873968437314034,0.05078951836295547,0.7992974898853553
CBFA2T3_SLC4A1,CBFA2T3,SLC4A1,0.1791905,0.2857142857142857,0.009200365282595158,0.050730546603321325,0.7983694247851344
NIT1_TBX3,NIT1,TBX3,0.36170372,0.14285714285714285,0.019738903269171715,0.050671755641072076,0.7974442049746618
ARID1A_POU3F2,ARID1A,POU3F2,0.35977277,0.14285714285714285,0.014454714953899384,0.05066377973359355,0.7973186845320069
CBFA2T3_MAPK1,CBFA2T3,MAPK1,0.17841761,0.2857142857142857,0.0065740253776311874,0.05064352763324034,0.7969999681216337
CELF2_TBX3,CELF2,TBX3,0.35856473,0.14285714285714285,0.01228624302893877,0.050601827148082215,0.7963437088345166
FOXA1_ZNF318,FOXA1,ZNF318,0.17830542,0.2857142857142857,0.007177823223173618,0.050581341018427414,0.7960213093997843
CBFA2T3_MAP4K3,CBFA2T3,MAP4K3,0.17742601,0.2857142857142857,0.00607024971395731,0.05038728243329492,0.7929673221798496
GLB1L2_TBX3,GLB1L2,TBX3,0.3566741,0.14285714285714285,0.011410297825932503,0.050378608632725974,0.792830818679797
FEV_PTPN9,FEV,PTPN9,0.17797372,0.2857142857142857,0.009466664865612984,0.05037277141214497,0.7927389557145891
ARRDC3_FOXA1,ARRDC3,FOXA1,0.17756663,0.2857142857142857,0.0073874532245099545,0.050361281993075754,0.7925581415600497
HOXA13_TMSB4X,HOXA13,TMSB4X,0.3600842,0.14285714285714285,0.021470025181770325,0.05035938360386655,0.7925282657553826
CELF2_LYL1,CELF2,LYL1,0.1777481,0.2857142857142857,0.008784370496869087,0.05034294009642263,0.7922694868842991
BCL2L11_TBX3,BCL2L11,TBX3,0.3564369,0.14285714285714285,0.011454494670033455,0.0503429057748546,0.7922689467503491
MAP2K3_MAPK1,MAP2K3,MAPK1,0.117974654,0.42857142857142855,0.0045740422792732716,0.05033035276995591,0.79207139446733
MIDN_NIT1,MIDN,NIT1,0.35841587,0.14285714285714285,0.017463650554418564,0.05032343649866089,0.7919625499958001
CBFA2T3_HOXC13,CBFA2T3,HOXC13,0.17718819,0.2857142857142857,0.006073252763599157,0.050319592918274675,0.7919020618428525
CEBPB_MAP2K3,CEBPB,MAP2K3,0.3569611,0.14285714285714285,0.014120034873485565,0.05028442520445757,0.7913486117160342
HOXB9_SGK1,HOXB9,SGK1,0.3566949,0.14285714285714285,0.013677852228283882,0.05026884543897031,0.7911034259405366
CBFA2T3_SET,CBFA2T3,SET,0.35758346,0.14285714285714285,0.016776546835899353,0.050240489951833965,0.7906571828883661
AHR_LHX1,AHR,LHX1,0.35654578,0.14285714285714285,0.014479988254606724,0.050208098203268936,0.7901474193750363
RHOXF2_TBX3,RHOXF2,TBX3,0.35563883,0.14285714285714285,0.011975741945207119,0.05020431350462753,0.7900878578705851
CBFA2T3_HNF4A,CBFA2T3,HNF4A,0.35581973,0.14285714285714285,0.013026345521211624,0.050177757472365386,0.7896699336489622
MAP2K6_TBX3,MAP2K6,TBX3,0.35510635,0.14285714285714285,0.011233647353947163,0.05016593271127761,0.7894838420662774
PTPN13_TBX3,PTPN13,TBX3,0.3549277,0.14285714285714285,0.011212188750505447,0.050141756707661966,0.7891033734257333
FOXA1_GLB1L2,FOXA1,GLB1L2,0.1762829,0.2857142857142857,0.004901898559182882,0.05012085482298416,0.7887744310672441
MAP4K3_TBX3,MAP4K3,TBX3,0.35478115,0.14285714285714285,0.01129581406712532,0.05011691024565641,0.7887123534800105
CDKN1C_CKS1B,CDKN1C,CKS1B,0.35560665,0.14285714285714285,0.014110720716416836,0.050094085682488416,0.7883531530655169
HNF4A_UBASH3A,HNF4A,UBASH3A,0.3534961,0.14285714285714285,0.008237645961344242,0.050086845794005116,0.7882392156847684
ARRDC3_SET,ARRDC3,SET,0.35526383,0.14285714285714285,0.013287271372973919,0.05008646317613229,0.7882331942552453
HK2_MAML2,HK2,MAML2,0.11783591,0.42857142857142855,0.00857278611510992,0.05007184866310409,0.7880031990917579
CSRNP1_ZBTB25,CSRNP1,ZBTB25,0.17677864,0.2857142857142857,0.009128843434154987,0.050051273849731216,0.7876794040014741
DLX2_POU3F2,DLX2,POU3F2,0.1766701,0.2857142857142857,0.009240559302270412,0.05001500601809014,0.7871086408257509
FOXO4_TBX3,FOXO4,TBX3,0.3539374,0.14285714285714285,0.011237052269279957,0.050000624295075416,0.7868823091833882
CITED1_CKS1B,CITED1,CKS1B,0.35534772,0.14285714285714285,0.015589943155646324,0.049984701736811674,0.7866317287238176
FOXF1_TBX3,FOXF1,TBX3,0.3538084,0.14285714285714285,0.011214706115424633,0.04998350722939509,0.7866129302234478
CBFA2T3_IRF1,CBFA2T3,IRF1,0.17588055,0.2857142857142857,0.00623756879940629,0.049940081403028025,0.7859295184658615
CBFA2T3_TBX3,CBFA2T3,TBX3,0.35526416,0.14285714285714285,0.016472939401865005,0.0499295362122985,0.7857635640573113
FOXA1_SLC6A9,FOXA1,SLC6A9,0.17650135,0.2857142857142857,0.010143060237169266,0.049922588920439596,0.7856542314012179
ARRDC3_TBX3,ARRDC3,TBX3,0.35398728,0.14285714285714285,0.013192825019359589,0.04991114197372532,0.7854740856532274
CBFA2T3_MAP7D1,CBFA2T3,MAP7D1,0.1757254,0.2857142857142857,0.006083642598241568,0.0499036612315366,0.7853563578494078
POU3F2_TBX2,POU3F2,TBX2,0.35299125,0.14285714285714285,0.011193671263754368,0.04986910352571339,0.7848125076927024
CDKN1A_FEV,CDKN1A,FEV,0.11770847,0.42857142857142855,0.012093799188733101,0.04984368630150568,0.7844125054055396
CBFA2T3_RHOXF2,CBFA2T3,RHOXF2,0.1755824,0.2857142857142857,0.006645597983151674,0.04983521349254348,0.784279165000786
ELMSAN1_SNAI1,ELMSAN1,SNAI1,0.17627853,0.2857142857142857,0.011051919311285019,0.04981474617373603,0.7839570616008174
CITED1_ETS2,CITED1,ETS2,0.35340843,0.14285714285714285,0.014912980608642101,0.04974507073143113,0.7828605478330952
KIF18B_POU3F2,KIF18B,POU3F2,0.17516972,0.2857142857142857,0.006567017175257206,0.0497219667747074,0.7824969504765751
FOXA1_TBX3,FOXA1,TBX3,0.3532174,0.14285714285714285,0.01501682959496975,0.0497130945251439,0.7823573238954552
CBFA2T3_SPI1,CBFA2T3,SPI1,0.17554633,0.2857142857142857,0.009469724260270596,0.04968558639534876,0.7819244160868092
ATL1_COL2A1,ATL1,COL2A1,0.35343075,0.14285714285714285,0.016256332397460938,0.04968245239467117,0.7818750949088253
CSRNP1_IER5L,CSRNP1,IER5L,0.17572576,0.2857142857142857,0.010866842232644558,0.04966762916005224,0.781641814999805
CBFA2T3_FOSB,CBFA2T3,FOSB,0.17491634,0.2857142857142857,0.0062926593236625195,0.04966358168560971,0.7815781180744047
CKS1B_COL2A1,CKS1B,COL2A1,0.35333154,0.14285714285714285,0.017613323405385017,0.049602272848759954,0.7806132733390873
KMT2A_TBX3,KMT2A,TBX3,0.35221562,0.14285714285714285,0.014622663147747517,0.049591359102959344,0.7804415188136488
HK2_TBX2,HK2,TBX2,0.35102102,0.14285714285714285,0.011821229942142963,0.049560000072430874,0.7799480076484607
CBFA2T3_JUN,CBFA2T3,JUN,0.17505968,0.2857142857142857,0.009812850505113602,0.049531009938491743,0.779491776874162
HNF4A_LYL1,HNF4A,LYL1,0.35131687,0.14285714285714285,0.014584315940737724,0.049466686396886506,0.7784794883744329
BCL2L11_CBFA2T3,BCL2L11,CBFA2T3,0.17408971,0.2857142857142857,0.006357865408062935,0.04942567673809902,0.7778341009325666
LYL1_SPI1,LYL1,SPI1,0.17453341,0.2857142857142857,0.010307952761650085,0.04935791009729361,0.7767676268324059
MAP4K5_TBX3,MAP4K5,TBX3,0.35003152,0.14285714285714285,0.013105020858347416,0.049357670258404415,0.7767638523799542
AHR_FOXL2,AHR,FOXL2,0.34927413,0.14285714285714285,0.012451047077775002,0.04928268308923132,0.7755837455778903
CDKN1C_FOXL2,CDKN1C,FOXL2,0.34922138,0.14285714285714285,0.01288622710853815,0.04925406924410573,0.7751334366298629
CSRNP1_HOXB9,CSRNP1,HOXB9,0.17442478,0.2857142857142857,0.011884920299053192,0.04925031603221476,0.7750743706465624
MEIS1_SLC6A9,MEIS1,SLC6A9,0.17393023,0.2857142857142857,0.009072496555745602,0.04924755253680245,0.7750308802765498
MAP7D1_TBX3,MAP7D1,TBX3,0.34853023,0.14285714285714285,0.011115827597677708,0.049242660349439145,0.7749538897240583
HOXC13_TBX3,HOXC13,TBX3,0.3484613,0.14285714285714285,0.011015186086297035,0.04923782196212591,0.774877745847148
HOXB9_SET,HOXB9,SET,0.35058942,0.14285714285714285,0.017878906801342964,0.04920448114900274,0.7743530464780845
CDKN1B_MIDN,CDKN1B,MIDN,0.34814563,0.14285714285714285,0.010999138467013836,0.049193998956012154,0.7741880834932812
FOXA3_SNAI1,FOXA3,SNAI1,0.3484653,0.14285714285714285,0.01237181294709444,0.04917240444516818,0.7738482409653498
IRF1_TBX3,IRF1,TBX3,0.3479269,0.14285714285714285,0.01086567435413599,0.049169584265234996,0.7738038585255418
KIF18B_MAP2K3,KIF18B,MAP2K3,0.115311734,0.42857142857142855,0.0054644509218633175,0.04915073296550973,0.7735071871445729
TBX3_ZNF318,TBX3,ZNF318,0.3487809,0.14285714285714285,0.013741880655288696,0.04915042363566248,0.7735023190816649
CITED1_SGK1,CITED1,SGK1,0.34873483,0.14285714285714285,0.01392827183008194,0.049134896638917756,0.7732579637515982
MAPK1_TBX3,MAPK1,TBX3,0.34756508,0.14285714285714285,0.011130636557936668,0.049105578608091296,0.7727965727165325
MEIS1_TBX3,MEIS1,TBX3,0.3483253,0.14285714285714285,0.013851422816514969,0.049080918324860064,0.7724084827499034
HK2_MEIS1,HK2,MEIS1,0.17314656,0.2857142857142857,0.008232786320149899,0.0490664919953953,0.7721814491157776
BAK1_TGFBR2,BAK1,TGFBR2,0.11541257,0.42857142857142855,0.008526390418410301,0.04904435887815704,0.7718331302968147
SET_UBASH3A,SET,UBASH3A,0.3478302,0.14285714285714285,0.01331067644059658,0.04903730968805031,0.7717221940221729
KMT2A_MAP4K3,KMT2A,MAP4K3,0.11501256,0.42857142857142855,0.005398007575422525,0.04902645041262019,0.7715512967214495
MIDN_SGK1,MIDN,SGK1,0.3478055,0.14285714285714285,0.013495165854692459,0.04902490083656042,0.771526910346172
KIF18B_TBX3,KIF18B,TBX3,0.34688255,0.14285714285714285,0.011692546308040619,0.04898192682498368,0.7708506090011165
FOXA1_SLC4A1,FOXA1,SLC4A1,0.17286615,0.2857142857142857,0.008406241424381733,0.04897860282199477,0.7707982976713176
DLX2_ELMSAN1,DLX2,ELMSAN1,0.11510178,0.42857142857142855,0.008275019004940987,0.04892448198906922,0.7699465737861105
FOSB_TBX3,FOSB,TBX3,0.3460999,0.14285714285714285,0.010868889279663563,0.04891123394518517,0.7697380833620285
SLC38A2_SPI1,SLC38A2,SPI1,0.08621212,0.5714285714285714,0.007709615398198366,0.04888716785236369,0.7693593444370777
KIF2C_POU3F2,KIF2C,POU3F2,0.17267129,0.2857142857142857,0.009261873550713062,0.04888191566444977,0.7692766883940335
HNF4A_SLC6A9,HNF4A,SLC6A9,0.34582853,0.14285714285714285,0.010996835306286812,0.04886669714702729,0.76903718774178
COL2A1_IGDCC3,COL2A1,IGDCC3,0.3471698,0.14285714285714285,0.01638834923505783,0.04879599795729773,0.7679245628004696
NCL_TBX3,NCL,TBX3,0.34653896,0.14285714285714285,0.015163845382630825,0.048766084482657984,0.7674538009983507
FOXA1_KIF2C,FOXA1,KIF2C,0.17194042,0.2857142857142857,0.008622957393527031,0.048705844746688126,0.7665057811843415
POU3F2_STIL,POU3F2,STIL,0.17172818,0.2857142857142857,0.007547474466264248,0.0486976496920272,0.7663768119239296
FOXA1_NCL,FOXA1,NCL,0.17202488,0.2857142857142857,0.009974442422389984,0.04866456265868946,0.7658561064014708
FOXA1_MAP2K6,FOXA1,MAP2K6,0.17098366,0.2857142857142857,0.004793600179255009,0.04861941147781542,0.7651455419641381
CBFA2T3_CELF2,CBFA2T3,CELF2,0.17140603,0.2857142857142857,0.007361630443483591,0.048615264008147405,0.7650802713689075
CEBPB_DUSP9,CEBPB,DUSP9,0.34675506,0.14285714285714285,0.019080867990851402,0.048608936103226946,0.7649806862835951
LYL1_TBX3,LYL1,TBX3,0.3459746,0.14285714285714285,0.0174048263579607,0.04857942558380574,0.7645162659689542
EGR1_KIF18B,EGR1,KIF18B,0.17144844,0.2857142857142857,0.008591610938310623,0.048567991104847504,0.764336316431647
FOXA1_PTPN13,FOXA1,PTPN13,0.17056702,0.2857142857142857,0.004785871598869562,0.04850131344828502,0.7632869801662198
ARRDC3_CBFA2T3,ARRDC3,CBFA2T3,0.17127314,0.2857142857142857,0.009516371414065361,0.048473887935487965,0.7628553725384244
AHR_CITED1,AHR,CITED1,0.3437343,0.14285714285714285,0.013234398327767849,0.048463513723040565,0.7626921088919868
AHR_HNF4A,AHR,HNF4A,0.3445169,0.14285714285714285,0.015575510449707508,0.0484618819037109,0.7626664282173873
FOXA1_RHOXF2,FOXA1,RHOXF2,0.17048661,0.2857142857142857,0.005535086616873741,0.048442328688524695,0.7623587104771671
PRTG_TBX3,PRTG,TBX3,0.34345287,0.14285714285714285,0.012915849685668945,0.04843906416346375,0.7623073351782672
TBX2_UBASH3A,TBX2,UBASH3A,0.34273866,0.14285714285714285,0.011767431162297726,0.0483932017849543,0.7615855783039291
CLDN6_COL2A1,CLDN6,COL2A1,0.34508404,0.14285714285714285,0.019058216363191605,0.048375764409021006,0.7613111584774983
CLDN6_SNAI1,CLDN6,SNAI1,0.34389317,0.14285714285714285,0.01572260819375515,0.04836713820184919,0.7611754039761386
ISL2_OSR2,ISL2,OSR2,0.34250036,0.14285714285714285,0.011697323061525822,0.04836290615112201,0.761108802290745
STIL_TBX3,STIL,TBX3,0.342827,0.14285714285714285,0.012834712862968445,0.048354666352259906,0.7609791288707182
CSRNP1_MEIS1,CSRNP1,MEIS1,0.08512134,0.5714285714285714,0.007198014296591282,0.04829315151903634,0.7600110422778322
ATL1_COL1A1,ATL1,COL1A1,0.3452248,0.14285714285714285,0.021580643951892853,0.048276001056307964,0.7597411377335285
JUN_RUNX1T1,JUN,RUNX1T1,0.08522685,0.5714285714285714,0.00899847038090229,0.04826672967492529,0.7595952298354857
LHX1_PTPN1,LHX1,PTPN1,0.34301242,0.14285714285714285,0.015599628910422325,0.04824910646154429,0.7593178854015715
FOXA1_MAP4K3,FOXA1,MAP4K3,0.16963245,0.2857142857142857,0.0048060426488518715,0.04823459668436531,0.7590895385132417
CITED1_LHX1,CITED1,LHX1,0.34274963,0.14285714285714285,0.015374208800494671,0.048222844131709984,0.7589045833071297
CBFA2T3_DLX2,CBFA2T3,DLX2,0.1701828,0.2857142857142857,0.008994043804705143,0.048190230479679574,0.758391327599178
KMT2A_PTPN13,KMT2A,PTPN13,0.113036275,0.42857142857142855,0.00531169306486845,0.04818815711858434,0.758358698183258
FOXA1_FOXO4,FOXA1,FOXO4,0.16939947,0.2857142857142857,0.0047125136479735374,0.048172833462237954,0.7581175429124793
ARID1A_FOXA3,ARID1A,FOXA3,0.3419519,0.14285714285714285,0.014399147592484951,0.04815685472424443,0.7578660783272377
PLK4_POU3F2,PLK4,POU3F2,0.1697751,0.2857142857142857,0.007373220287263393,0.04815213472118177,0.7577917975165147
KMT2A_SET,KMT2A,SET,0.34129107,0.14285714285714285,0.013758562505245209,0.048094160625530055,0.7568794331030222
FOXL2_NIT1,FOXL2,NIT1,0.34157187,0.14285714285714285,0.015167230740189552,0.048066938716086124,0.7564510296727528
NCL_SET,NCL,SET,0.34141135,0.14285714285714285,0.014905634336173534,0.04805673420083915,0.7562904366274689
FOXF1_KMT2A,FOXF1,KMT2A,0.112651944,0.42857142857142855,0.005305642262101173,0.04802460327543894,0.7557847778055728
PLK4_TBX3,PLK4,TBX3,0.34046072,0.14285714285714285,0.01314543653279543,0.04800618314881691,0.7554948919896227
FEV_TBX3,FEV,TBX3,0.34049267,0.14285714285714285,0.013311862014234066,0.04800280270941712,0.7554416924946472
SLC4A1_TBX3,SLC4A1,TBX3,0.3402554,0.14285714285714285,0.01318066194653511,0.04797556592374276,0.7550130549504498
MAML2_ZBTB10,MAML2,ZBTB10,0.33870304,0.14285714285714285,0.01024195272475481,0.04789560353689277,0.753754650910512
BCL2L11_FOXA1,BCL2L11,FOXA1,0.16846403,0.2857142857142857,0.005248040426522493,0.04788129838064146,0.7535295242337363
FOXL2_SET,FOXL2,SET,0.34060678,0.14285714285714285,0.01646307110786438,0.04787002366224083,0.7533520889201666
CITED1_FOXA3,CITED1,FOXA3,0.33929393,0.14285714285714285,0.012658151797950268,0.0478646825756636,0.7532680338388813
TBX3_TSC22D1,TBX3,TSC22D1,0.33890438,0.14285714285714285,0.01224589440971613,0.047829200207181656,0.7527096318501062
SLC4A1_UBASH3B,SLC4A1,UBASH3B,0.1686821,0.2857142857142857,0.008064801804721355,0.04780931262318034,0.7523966519974811
CEBPB_ELMSAN1,CEBPB,ELMSAN1,0.33944902,0.14285714285714285,0.014575229957699776,0.04779607806258662,0.7521883737660023
MEIS1_TGFBR2,MEIS1,TGFBR2,0.16877782,0.2857142857142857,0.009054812602698803,0.04778951021156838,0.7520850125410483
HOXC13_POU3F2,HOXC13,POU3F2,0.16818799,0.2857142857142857,0.0057942913845181465,0.04777687849729966,0.7518862215732784
CITED1_PTPN9,CITED1,PTPN9,0.3385342,0.14285714285714285,0.01238410547375679,0.04777043534049634,0.751784822717258
SET_SNAI1,SET,SNAI1,0.34011593,0.14285714285714285,0.017971038818359375,0.04773022886291913,0.7511520752992783
POU3F2_SLC38A2,POU3F2,SLC38A2,0.112287425,0.42857142857142855,0.008362147957086563,0.04772410589598819,0.7510557154152648
SLC38A2_UBASH3B,SLC38A2,UBASH3B,0.11224546,0.42857142857142855,0.008061021566390991,0.047720522199179424,0.7509993171670419
EGR1_TBX3,EGR1,TBX3,0.3390536,0.14285714285714285,0.015472047962248325,0.04769823927233999,0.7506486407270178
ISL2_TBX3,ISL2,TBX3,0.338304,0.14285714285714285,0.013453477062284946,0.04768758093993159,0.7504809057569888
DLX2_FOXA1,DLX2,FOXA1,0.16806823,0.2857142857142857,0.008639696054160595,0.0476081741746178,0.7492312457830222
COL1A1_IER5L,COL1A1,IER5L,0.33993822,0.14285714285714285,0.020242130383849144,0.047599096225474695,0.7490883820151176
CBFA2T3_ZC3HAV1,CBFA2T3,ZC3HAV1,0.16823944,0.2857142857142857,0.010639618150889874,0.047562367286362844,0.7485103621837725
BCORL1_TBX3,BCORL1,TBX3,0.3373759,0.14285714285714285,0.014186033047735691,0.04752240404711437,0.7478814427167534
HNF4A_KMT2A,HNF4A,KMT2A,0.3356721,0.14285714285714285,0.00915747694671154,0.04751801350380503,0.7478123467623221
RUNX1T1_TSC22D1,RUNX1T1,TSC22D1,0.083812214,0.5714285714285714,0.008125954307615757,0.047506657037971516,0.7476336249526403
CDKN1B_HOXB9,CDKN1B,HOXB9,0.33662978,0.14285714285714285,0.01255126390606165,0.04749386033173642,0.7474322374321007
HNF4A_MAP4K5,HNF4A,MAP4K5,0.33484375,0.14285714285714285,0.007806756068021059,0.04746428005344588,0.7469667192907634
CDKN1A_MAP2K3,CDKN1A,MAP2K3,0.1117169,0.42857142857142855,0.008826024830341339,0.04745978856859971,0.7468960347739751
HNF4A_ZNF318,HNF4A,ZNF318,0.335129,0.14285714285714285,0.008780639618635178,0.04745885132918464,0.7468812850158354
LYL1_PLK4,LYL1,PLK4,0.16798212,0.2857142857142857,0.011647439561784267,0.04744230895706279,0.7466209502668572
FOXO4_KMT2A,FOXO4,KMT2A,0.1112671,0.42857142857142855,0.00522986426949501,0.04743780555612616,0.7465500782211946
COL2A1_ELMSAN1,COL2A1,ELMSAN1,0.33558115,0.14285714285714285,0.01105028297752142,0.04741620235076326,0.746210098863709
CKS1B_KIF2C,CKS1B,KIF2C,0.33612183,0.14285714285714285,0.013284532353281975,0.04738787810924265,0.745764347537844
ARID1A_RREB1,ARID1A,RREB1,0.3361458,0.14285714285714285,0.013978962786495686,0.04735880001570559,0.7453067325037983
CDKN1B_JUN,CDKN1B,JUN,0.1670279,0.2857142857142857,0.008212482556700706,0.047333532924618595,0.7449090929290693
MAP7D1_POU3F2,MAP7D1,POU3F2,0.16625552,0.2857142857142857,0.005735273472964764,0.04723069584133431,0.7432906995048818
FOXA3_SET,FOXA3,SET,0.33546874,0.14285714285714285,0.014818544499576092,0.04722431006993319,0.7431902037487412
ARRDC3_HNF4A,ARRDC3,HNF4A,0.33293214,0.14285714285714285,0.00821097195148468,0.04717438734347393,0.7424045473528298
IGDCC3_MIDN,IGDCC3,MIDN,0.3346667,0.14285714285714285,0.013798626139760017,0.047158801778074765,0.7421592703015104
DLX2_TBX3,DLX2,TBX3,0.3341653,0.14285714285714285,0.012426353059709072,0.04715197362812281,0.7420518126351834
FOXA1_KIF18B,FOXA1,KIF18B,0.16577719,0.2857142857142857,0.005848885979503393,0.047089490800258475,0.7410684922753407
POU3F2_SET,POU3F2,SET,0.33404204,0.14285714285714285,0.014425981789827347,0.04704166951701591,0.7403159072363228
CDKN1A_TGFBR2,CDKN1A,TGFBR2,0.11079184,0.42857142857142855,0.010203403420746326,0.047002630199048955,0.7397015279339867
KIF2C_SET,KIF2C,SET,0.33387673,0.14285714285714285,0.015107888728380203,0.04698680416406365,0.739452466504654
MEIS1_SLC38A2,MEIS1,SLC38A2,0.110483244,0.42857142857142855,0.007775868754833937,0.04698461553672014,0.739418023091951
COL1A1_SLC38A2,COL1A1,SLC38A2,0.33434436,0.14285714285714285,0.017470629885792732,0.046943349718907484,0.7387686043603141
MAPK1_POU3F2,MAPK1,POU3F2,0.16499394,0.2857142857142857,0.0059427241794764996,0.04686263451274003,0.737498352864244
FOXL2_SAMD1,FOXL2,SAMD1,0.33170792,0.14285714285714285,0.011223678477108479,0.04686089475616658,0.737470973532701
FOXA1_SPI1,FOXA1,SPI1,0.16543765,0.2857142857142857,0.00890231691300869,0.04685082019690823,0.7373124256632496
EGR1_GLB1L2,EGR1,GLB1L2,0.16512533,0.2857142857142857,0.00796539057046175,0.04680583760029354,0.7366045143122165
FOXL2_TBX2,FOXL2,TBX2,0.33240142,0.14285714285714285,0.014637530781328678,0.04680086865115122,0.7365263157250899
SPI1_TBX3,SPI1,TBX3,0.33150977,0.14285714285714285,0.012652385979890823,0.04676682648354138,0.7359905788250792
AHR_SNAI1,AHR,SNAI1,0.33146065,0.14285714285714285,0.014052505604922771,0.04669533563928592,0.7348654952604976
ETS2_SET,ETS2,SET,0.332824,0.14285714285714285,0.01870950125157833,0.0466730549591851,0.7345148541784096
TBX3_TMSB4X,TBX3,TMSB4X,0.3338064,0.14285714285714285,0.022538429126143456,0.04663553620543142,0.7339244046788763
EGR1_MAPK1,EGR1,MAPK1,0.16445372,0.2857142857142857,0.007924765348434448,0.046617344224704385,0.73363810929747
CDKN1A_TBX3,CDKN1A,TBX3,0.33065903,0.14285714285714285,0.01348496600985527,0.04660849064051076,0.7334987764616695
IRF1_POU3F2,IRF1,POU3F2,0.16392712,0.2857142857142857,0.005940898787230253,0.046559714292839276,0.7327311611442534
PLK4_SET,PLK4,SET,0.32999665,0.14285714285714285,0.012521043419837952,0.046559405582611416,0.7327263028325743
SET_ZNF318,SET,ZNF318,0.32996324,0.14285714285714285,0.012915427796542645,0.04653656563904632,0.7323668603698551
LHX1_POU3F2,LHX1,POU3F2,0.32894903,0.14285714285714285,0.01054623443633318,0.046502295067818646,0.7318275289794004
POU3F2_SPI1,POU3F2,SPI1,0.16418882,0.2857142857142857,0.008929534815251827,0.046495903820479925,0.7317269470459674
KIF2C_TBX3,KIF2C,TBX3,0.33024797,0.14285714285714285,0.014829910360276699,0.04648885564310202,0.7316160267090946
CDKN1C_COL1A1,CDKN1C,COL1A1,0.33169678,0.14285714285714285,0.020497849211096764,0.04643346785412678,0.7307443641667993
RUNX1T1_TBX3,RUNX1T1,TBX3,0.32924438,0.14285714285714285,0.014120906591415405,0.046379983334603775,0.7299026542317502
MAML2_TBX3,MAML2,TBX3,0.32919127,0.14285714285714285,0.014086744748055935,0.046374064320189694,0.7298095040402095
MIDN_RREB1,MIDN,RREB1,0.32829693,0.14285714285714285,0.011501165106892586,0.046366294957421894,0.7296872340845479
MAP4K5_SET,MAP4K5,SET,0.32853392,0.14285714285714285,0.012507124803960323,0.046353665726986036,0.7294884822059727
EGR1_MAP2K6,EGR1,MAP2K6,0.1634101,0.2857142857142857,0.007863183505833149,0.046324342440492196,0.729027008460106
EGR1_PTPN13,EGR1,PTPN13,0.1633584,0.2857142857142857,0.007867684587836266,0.046309481671193295,0.7287931378509483
SLC38A2_TBX3,SLC38A2,TBX3,0.32881948,0.14285714285714285,0.014552135020494461,0.04630044165278873,0.7286508710161331
ELMSAN1_TSC22D1,ELMSAN1,TSC22D1,0.108816706,0.42857142857142855,0.007680132053792477,0.04628029223449271,0.7283337705594687
KMT2A_TBX2,KMT2A,TBX2,0.3277336,0.14285714285714285,0.011940441094338894,0.046266642466719354,0.7281189580258904
ELMSAN1_HOXA13,ELMSAN1,HOXA13,0.32803008,0.14285714285714285,0.012948677875101566,0.04626240298927731,0.7280522394629453
CDKN1B_CITED1,CDKN1B,CITED1,0.32744902,0.14285714285714285,0.012144608423113823,0.04621714285806826,0.7273399604251969
CKS1B_MIDN,CKS1B,MIDN,0.3279668,0.14285714285714285,0.014248796738684177,0.046194189705065176,0.7269787363346432
BAK1_TBX3,BAK1,TBX3,0.32720006,0.14285714285714285,0.012917150743305683,0.04614678010257902,0.7262326301008166
MAML2_MAP4K5,MAML2,MAP4K5,0.10842692,0.42857142857142855,0.007173264864832163,0.046137722355691975,0.7260900842649004
OSR2_SET,OSR2,SET,0.32904756,0.14285714285714285,0.019089696928858757,0.04612625809701334,0.7259096660707418
ARID1A_HK2,ARID1A,HK2,0.32715747,0.14285714285714285,0.013365758582949638,0.04612034765373891,0.72581665076708
ARID1A_ETS2,ARID1A,ETS2,0.32760343,0.14285714285714285,0.016456440091133118,0.04604278952904279,0.7245960836818242
HNF4A_TGFBR2,HNF4A,TGFBR2,0.32563227,0.14285714285714285,0.010891888290643692,0.046017676910955,0.7242008751181481
OSR2_STIL,OSR2,STIL,0.32516235,0.14285714285714285,0.010000762529671192,0.04599181126458192,0.7237938158097191
HNF4A_NCL,HNF4A,NCL,0.32523882,0.14285714285714285,0.011215759441256523,0.045947354650518545,0.7230941820826238
ELMSAN1_SPI1,ELMSAN1,SPI1,0.108062096,0.42857142857142855,0.00831436924636364,0.045930444159088875,0.7228280540745597
CSRNP1_TBX3,CSRNP1,TBX3,0.32599714,0.14285714285714285,0.01472381316125393,0.04589526722944792,0.7222744589141773
EGR1_FOXO4,EGR1,FOXO4,0.16188374,0.2857142857142857,0.007795652374625206,0.045894718334944504,0.7222658207145461
EGR1_FEV,EGR1,FEV,0.16231875,0.2857142857142857,0.010740564204752445,0.04588396637487756,0.7220966122839514
SET_STIL,SET,STIL,0.32493898,0.14285714285714285,0.012079431675374508,0.045865821616568235,0.721811060062968
CKS1B_HOXB9,CKS1B,HOXB9,0.32576135,0.14285714285714285,0.014667022973299026,0.045864637734557984,0.7217924287793958
BAK1_CBFA2T3,BAK1,CBFA2T3,0.16183756,0.2857142857142857,0.00835864245891571,0.045856009701360334,0.7216566455410464
JUN_TBX3,JUN,TBX3,0.3248755,0.14285714285714285,0.01276292186230421,0.04582591369826571,0.7211830112065523
ISL2_LHX1,ISL2,LHX1,0.3238187,0.14285714285714285,0.009576159529387951,0.04582102674191761,0.7211061029768995
CDKN1A_POU3F2,CDKN1A,POU3F2,0.1619707,0.2857142857142857,0.010150468908250332,0.04581232761971863,0.7209692009789682
TBX3_ZC3HAV1,TBX3,ZC3HAV1,0.32595533,0.14285714285714285,0.01676776073873043,0.04579713198064716,0.7207300603736128
MAP4K5_MEIS1,MAP4K5,MEIS1,0.16145164,0.2857142857142857,0.007389505859464407,0.045790668939251336,0.7206283485848183
CELF2_SET,CELF2,SET,0.32423875,0.14285714285714285,0.01161160133779049,0.045788147338300514,0.7205886650167229
ELMSAN1_TBX3,ELMSAN1,TBX3,0.32491568,0.14285714285714285,0.016061225906014442,0.04568280350278404,0.7189308217054025
COL1A1_SLC6A9,COL1A1,SLC6A9,0.32493287,0.14285714285714285,0.017391936853528023,0.04562546665769855,0.7180284859906342
CEBPE_ISL2,CEBPE,ISL2,0.10747923,0.42857142857142855,0.010020590387284756,0.045605532596783,0.7177147747099097
OSR2_TMSB4X,OSR2,TMSB4X,0.32445055,0.14285714285714285,0.017074868083000183,0.04557194399142223,0.7171861757229739
TBX2_ZNF318,TBX2,ZNF318,0.32234678,0.14285714285714285,0.010648401454091072,0.04556435201967917,0.7170666974496392
COL1A1_PTPN1,COL1A1,PTPN1,0.32527977,0.14285714285714285,0.020687293261289597,0.04552671440525364,0.7164743773862629
FOSB_POU3F2,FOSB,POU3F2,0.16020344,0.2857142857142857,0.005944808479398489,0.0455019118422232,0.7160840482984522
AHR_CKS1B,AHR,CKS1B,0.32282034,0.14285714285714285,0.013622882775962353,0.045497385257820225,0.7160128114041545
EGR1_SET,EGR1,SET,0.32343176,0.14285714285714285,0.015590310096740723,0.045495252065611745,0.7159792403991
CEBPE_TBX3,CEBPE,TBX3,0.32280084,0.14285714285714285,0.014235290698707104,0.04546716806080188,0.7155372697863834
ARID1A_SNAI1,ARID1A,SNAI1,0.32344678,0.14285714285714285,0.01652420498430729,0.045455565832954514,0.7153546803093735
COL2A1_PTPN12,COL2A1,PTPN12,0.32190797,0.14285714285714285,0.012631529942154884,0.04541321410187767,0.7146881720723766
LHX1_SAMD1,LHX1,SAMD1,0.32172894,0.14285714285714285,0.012682892382144928,0.04538565642930588,0.7142544845867755
EGR1_MAP4K3,EGR1,MAP4K3,0.16007395,0.2857142857142857,0.007960162125527859,0.045374228325274775,0.7140746353745634
SLC6A9_STIL,SLC6A9,STIL,0.16007032,0.2857142857142857,0.008494428358972073,0.04534916052007841,0.7136801320515116
LHX1_TMSB4X,LHX1,TMSB4X,0.3228369,0.14285714285714285,0.017139820381999016,0.04534239741235582,0.7135736979839967
OSR2_RUNX1T1,OSR2,RUNX1T1,0.32093453,0.14285714285714285,0.011960058473050594,0.04530592902156562,0.7129997785187546
GLB1L2_SET,GLB1L2,SET,0.320266,0.14285714285714285,0.01041492447257042,0.045280691924550816,0.7126026109742276
KIF18B_SET,KIF18B,SET,0.32055002,0.14285714285714285,0.011419286020100117,0.04527584284495661,0.7125262988280836
MAP2K3_TBX3,MAP2K3,TBX3,0.32203683,0.14285714285714285,0.016765326261520386,0.04524668633716611,0.7120674497536696
NCL_RHOXF2,NCL,RHOXF2,0.10662877,0.42857142857142855,0.010035332292318344,0.045244004868072785,0.7120252502687251
FOXA1_HOXC13,FOXA1,HOXC13,0.15896188,0.2857142857142857,0.0047173346392810345,0.04520443476171501,0.7114025177107938
EGR1_MAP7D1,EGR1,MAP7D1,0.15943724,0.2857142857142857,0.0077651552855968475,0.045202492531929095,0.7113719519672564
FOXA1_MAPK1,FOXA1,MAPK1,0.15892552,0.2857142857142857,0.005134314764291048,0.04517534652095167,0.7109447429852851
MAP4K3_SET,MAP4K3,SET,0.3194591,0.14285714285714285,0.010384814813733101,0.04516795493794417,0.7108284183195942
EGR1_FOXF1,EGR1,FOXF1,0.15926236,0.2857142857142857,0.007769835647195578,0.04515270210910077,0.7105883776930804
FOXO4_SET,FOXO4,SET,0.31906527,0.14285714285714285,0.010290613397955894,0.04511647703524892,0.7100182874159136
PRTG_SET,PRTG,SET,0.31985325,0.14285714285714285,0.01297165360301733,0.04510819303275049,0.7098879183433842
GLB1L2_HNF4A,GLB1L2,HNF4A,0.31692004,0.14285714285714285,0.003967019729316235,0.04509539738856731,0.7096865475368334
MAP2K6_SET,MAP2K6,SET,0.31881842,0.14285714285714285,0.010305806994438171,0.0450808936073088,0.709458295009
COL1A1_TSC22D1,COL1A1,TSC22D1,0.32046893,0.14285714285714285,0.01597416214644909,0.04506145703452004,0.709152412922641
EGR1_TBX2,EGR1,TBX2,0.31985423,0.14285714285714285,0.014061056077480316,0.045059871997096795,0.7091274684759401
DLX2_UBASH3B,DLX2,UBASH3B,0.1589512,0.2857142857142857,0.007963496260344982,0.0450558247067988,0.709063774448505
PLK4_ZNF318,PLK4,ZNF318,0.15875389,0.2857142857142857,0.007048191037029028,0.04504079723346298,0.7088272803429535
BCL2L11_SET,BCL2L11,SET,0.3186228,0.14285714285714285,0.010816698893904686,0.04503046158845625,0.708664623649673
MAP7D1_SET,MAP7D1,SET,0.3184467,0.14285714285714285,0.010331401601433754,0.04502719112049196,0.7086131548246307
MAPK1_SET,MAPK1,SET,0.31850627,0.14285714285714285,0.01068783551454544,0.04501973231285263,0.7084957722146786
POU3F2_TSC22D1,POU3F2,TSC22D1,0.15891017,0.2857142857142857,0.008870064280927181,0.04500371988247216,0.7082437773971926
FOXA1_SET,FOXA1,SET,0.3195412,0.14285714285714285,0.014382987283170223,0.0450014850829403,0.7082086073519985
HNF4A_RHOXF2,HNF4A,RHOXF2,0.3164819,0.14285714285714285,0.004987743683159351,0.04498731314080535,0.7079855771256766
FOXF1_SET,FOXF1,SET,0.31814313,0.14285714285714285,0.010283523239195347,0.04498639979069818,0.7079712033243181
PTPN13_SET,PTPN13,SET,0.31794682,0.14285714285714285,0.010296688415110111,0.044958055404774516,0.7075251349769236
FOXA1_MAP7D1,FOXA1,MAP7D1,0.15805458,0.2857142857142857,0.004923064261674881,0.04493722126456161,0.7071972587435423
COL1A1_POU3F2,COL1A1,POU3F2,0.32013196,0.14285714285714285,0.01790006458759308,0.044928906462608706,0.7070664049661476
CBFA2T3_CITED1,CBFA2T3,CITED1,0.31855118,0.14285714285714285,0.013614574447274208,0.04489607092103929,0.7065496572827397
COL1A1_PLK4,COL1A1,PLK4,0.31926194,0.14285714285714285,0.015904240310192108,0.04489483016571793,0.7065301309582954
MAP4K5_TBX2,MAP4K5,TBX2,0.31755418,0.14285714285714285,0.010714962147176266,0.04488395241369011,0.7063589428830453
COL1A1_UBASH3A,COL1A1,UBASH3A,0.31891975,0.14285714285714285,0.01579291932284832,0.04485162590035087,0.7058502060057993
FOXA3_TBX2,FOXA3,TBX2,0.3177255,0.14285714285714285,0.01254087220877409,0.04482718646945568,0.7054655916916971
COL1A1_ZC3HAV1,COL1A1,ZC3HAV1,0.31961748,0.14285714285714285,0.018756942823529243,0.04481897308999826,0.7053363340457222
KMT2A_MAP7D1,KMT2A,MAP7D1,0.105059,0.42857142857142855,0.005317332688719034,0.04478713669522701,0.7048353103847809
BCORL1_OSR2,BCORL1,OSR2,0.31689483,0.14285714285714285,0.01131104864180088,0.044764358064686184,0.7044768328326961
CDKN1A_EGR1,CDKN1A,EGR1,0.15864255,0.2857142857142857,0.012559792958199978,0.04476421228813705,0.7044745386815885
FOXA1_IRF1,FOXA1,IRF1,0.15747753,0.2857142857142857,0.0051458305679261684,0.04476323536281555,0.704459164368493
RUNX1T1_SET,RUNX1T1,SET,0.3177546,0.14285714285714285,0.014379634521901608,0.04475002478049423,0.7042512634938698
TBX2_TGFBR2,TBX2,TGFBR2,0.31694794,0.14285714285714285,0.01199478842318058,0.04474161056353784,0.7041188451778596
MAP2K3_PTPN9,MAP2K3,PTPN9,0.15782535,0.2857142857142857,0.008302956819534302,0.04472163555152065,0.7038044894312334
COL1A1_RHOXF2,COL1A1,RHOXF2,0.31769767,0.14285714285714285,0.014916658401489258,0.04471833389416359,0.7037525297646915
CBL_CSRNP1,CBL,CSRNP1,0.15788266,0.2857142857142857,0.009183677844703197,0.04469883193529037,0.7034456186681181
CSRNP1_SPI1,CSRNP1,SPI1,0.07870824,0.5714285714285714,0.008088825270533562,0.044615251540010684,0.7021302764025492
HOXC13_SET,HOXC13,SET,0.3150413,0.14285714285714285,0.010157947428524494,0.04455333013396824,0.701155791390382
NCL_TBX2,NCL,TBX2,0.3156765,0.14285714285714285,0.012227310799062252,0.04455189447302203,0.7011331977484728
CITED1_FOXA1,CITED1,FOXA1,0.3155301,0.14285714285714285,0.012636796571314335,0.044513222819090724,0.7005246045403996
CNNM4_MIDN,CNNM4,MIDN,0.31605622,0.14285714285714285,0.014589374884963036,0.04450163774164328,0.7003422849669455
COL1A1_KIF18B,COL1A1,KIF18B,0.31599694,0.14285714285714285,0.014696487225592136,0.044488594637838656,0.7001370197770524
LHX1_STIL,LHX1,STIL,0.31379256,0.14285714285714285,0.007619683165103197,0.044488519650674074,0.7001358396703226
FOSB_SET,FOSB,SET,0.31460482,0.14285714285714285,0.01055126916617155,0.0444742853897303,0.6999118287048823
ARID1A_FOXA1,ARID1A,FOXA1,0.31583318,0.14285714285714285,0.014761228114366531,0.04446270179378475,0.6997295324464898
KMT2A_MAPK1,KMT2A,MAPK1,0.10423427,0.42857142857142855,0.005318023730069399,0.04443552116604225,0.6993017786849196
COL1A1_MEIS1,COL1A1,MEIS1,0.31616634,0.14285714285714285,0.01670241169631481,0.04442462186259484,0.6991302514452881
CELF2_HNF4A,CELF2,HNF4A,0.31261688,0.14285714285714285,0.006048398092389107,0.04439106015478418,0.6986020757571939
CELF2_TBX2,CELF2,TBX2,0.31331927,0.14285714285714285,0.00993543304502964,0.04431956108856768,0.6974768627999143
FOXA1_TSC22D1,FOXA1,TSC22D1,0.15637447,0.2857142857142857,0.008345306850969791,0.04430865054347721,0.6973051586454907
MIDN_UBASH3B,MIDN,UBASH3B,0.31301257,0.14285714285714285,0.009710189886391163,0.04428605544130934,0.6969495693619416
COL1A1_PRTG,COL1A1,PRTG,0.31486917,0.14285714285714285,0.015793394297361374,0.04428194709506309,0.6968849144695928
HNF4A_PRTG,HNF4A,PRTG,0.31250858,0.14285714285714285,0.008966558612883091,0.04424733695527619,0.6963402391360218
CDKN1B_FOXL2,CDKN1B,FOXL2,0.31305102,0.14285714285714285,0.010751056484878063,0.04424588359745275,0.6963173669903975
ISL2_POU3F2,ISL2,POU3F2,0.15608512,0.2857142857142857,0.008160599507391453,0.04423476597667264,0.6961424039927269
BAK1_CEBPE,BAK1,CEBPE,0.07811788,0.5714285714285714,0.009282516315579414,0.04422823765943091,0.6960396649285915
CDKN1A_NCL,CDKN1A,NCL,0.10447352,0.42857142857142855,0.01244055200368166,0.04422419080236985,0.6959759777192008
HNF4A_KIF2C,HNF4A,KIF2C,0.31276026,0.14285714285714285,0.010744835250079632,0.04420506156503715,0.6956749323091188
FEV_HNF4A,FEV,HNF4A,0.31238884,0.14285714285714285,0.01011252123862505,0.04418020351611563,0.695283730014889
ARID1A_KIF18B,ARID1A,KIF18B,0.31220388,0.14285714285714285,0.010975319892168045,0.04411636367119454,0.6942790536673906
FEV_SET,FEV,SET,0.31283408,0.14285714285714285,0.013146163895726204,0.04411069698135215,0.6941898744211017
CBL_MIDN,CBL,MIDN,0.31173787,0.14285714285714285,0.010742632672190666,0.04406065333020253,0.6934023149789598
ISL2_SET,ISL2,SET,0.31250337,0.14285714285714285,0.01350399386137724,0.04404850746310537,0.693211170006608
ARID1A_LYL1,ARID1A,LYL1,0.3133744,0.14285714285714285,0.016678543761372566,0.044033359141014215,0.6929727740498497
BAK1_ELMSAN1,BAK1,ELMSAN1,0.15524727,0.2857142857142857,0.008086217567324638,0.04400056501844524,0.6924566781958773
FOXA3_NIT1,FOXA3,NIT1,0.31210503,0.14285714285714285,0.013593113981187344,0.043988492242712215,0.6922666834951914
SET_ZC3HAV1,SET,ZC3HAV1,0.31240165,0.14285714285714285,0.014968824572861195,0.043970618994499874,0.6919854041506989
RHOXF2_TBX2,RHOXF2,TBX2,0.31044868,0.14285714285714285,0.009633878245949745,0.043926627129300025,0.6912930843854603
KMT2A_ZC3HAV1,KMT2A,ZC3HAV1,0.10349053,0.42857142857142855,0.009759817272424698,0.043924390876054105,0.6912578914625144
BCORL1_SET,BCORL1,SET,0.31150213,0.14285714285714285,0.013810724951326847,0.04389409484898081,0.6907811092607197
CBFA2T3_TBX2,CBFA2T3,TBX2,0.31197417,0.14285714285714285,0.016048522666096687,0.04386378924462833,0.6903041763369756
KIF2C_TBX2,KIF2C,TBX2,0.31091815,0.14285714285714285,0.01288896519690752,0.043851676176549524,0.6901135475375251
SET_SLC4A1,SET,SLC4A1,0.31075764,0.14285714285714285,0.012813922949135303,0.04383228462836271,0.6898083740235739
COL1A1_RREB1,COL1A1,RREB1,0.31186333,0.14285714285714285,0.017481232061982155,0.04378646338480132,0.6890872645084115
SET_TSC22D1,SET,TSC22D1,0.31018457,0.14285714285714285,0.01259438693523407,0.0437609389686557,0.6886855752935189
COL1A1_SPI1,COL1A1,SPI1,0.3112277,0.14285714285714285,0.01621892675757408,0.04375149893677422,0.6885370132667366
ARID1A_SLC6A9,ARID1A,SLC6A9,0.31079504,0.14285714285714285,0.015224147588014603,0.04373348622805741,0.6882535391695715
HOXB9_UBASH3A,HOXB9,UBASH3A,0.3090009,0.14285714285714285,0.009647577069699764,0.0437211835589594,0.6880599265336207
HNF4A_MEIS1,HNF4A,MEIS1,0.30874476,0.14285714285714285,0.009246817789971828,0.043702286967908184,0.6877625423826884
HOXB9_STIL,HOXB9,STIL,0.3083646,0.14285714285714285,0.00890436302870512,0.043663291904024105,0.6871488595267549
COL1A1_DLX2,COL1A1,DLX2,0.31055757,0.14285714285714285,0.016193430870771408,0.04365838862104121,0.6870716943575085
CLDN6_COL1A1,CLDN6,COL1A1,0.3122604,0.14285714285714285,0.021964170038700104,0.043649893366778506,0.6869380007209672
GLB1L2_TBX2,GLB1L2,TBX2,0.3083134,0.14285714285714285,0.009290567599236965,0.0436393371529516,0.6867718728369767
KIF18B_ZNF318,KIF18B,ZNF318,0.102357745,0.42857142857142855,0.005693843588232994,0.04361924392078944,0.686455656606767
RUNX1T1_UBASH3B,RUNX1T1,UBASH3B,0.1538399,0.2857142857142857,0.008011055178940296,0.043604935906569255,0.6862304849528499
MIDN_ZBTB25,MIDN,ZBTB25,0.3085285,0.14285714285714285,0.010834907181560993,0.04360306663677248,0.686201067413471
HOXC13_KMT2A,HOXC13,KMT2A,0.10223382,0.42857142857142855,0.005036936141550541,0.04359490936693263,0.6860726927897797
CSRNP1_FOXL2,CSRNP1,FOXL2,0.15414348,0.2857142857142857,0.01023565512150526,0.04359477391388053,0.6860705611041872
CKS1B_LYL1,CKS1B,LYL1,0.30904165,0.14285714285714285,0.013089210726320744,0.04357840015203193,0.6858128798509011
LHX1_PTPN12,LHX1,PTPN12,0.30862814,0.14285714285714285,0.011823412962257862,0.043574534834306476,0.6857520496076709
FOXA1_TBX2,FOXA1,TBX2,0.3086525,0.14285714285714285,0.012073565274477005,0.043567201460402424,0.6856366410048168
MAP2K3_PLK4,MAP2K3,PLK4,0.15335849,0.2857142857142857,0.00685108220204711,0.04351856197600994,0.6848711795663679
LHX1_SGK1,LHX1,SGK1,0.3087837,0.14285714285714285,0.014098056592047215,0.04349871127855653,0.6845587802139347
MEIS1_UBASH3A,MEIS1,UBASH3A,0.1530134,0.2857142857142857,0.007084341254085302,0.04341057702485923,0.683171771830635
OSR2_PLK4,OSR2,PLK4,0.30658337,0.14285714285714285,0.009092004038393497,0.04340300466894202,0.6830526022603728
BCL2L11_TBX2,BCL2L11,TBX2,0.30653247,0.14285714285714285,0.009273556061089039,0.043387992217798016,0.6828163445658091
MAP4K3_TBX2,MAP4K3,TBX2,0.30639312,0.14285714285714285,0.00916773360222578,0.04337281483268813,0.6825774912312556
CDKN1A_COL1A1,CDKN1A,COL1A1,0.3087423,0.14285714285714285,0.017174338921904564,0.04336134254658229,0.6823969467058654
CELF2_ZNF318,CELF2,ZNF318,0.101737,0.42857142857142855,0.006006797309964895,0.043341229468628936,0.6820804181535153
ARID1A_NIT1,ARID1A,NIT1,0.30864707,0.14285714285714285,0.01839359663426876,0.04329606764653836,0.6813696862505725
ARRDC3_MAP4K5,ARRDC3,MAP4K5,0.15239736,0.2857142857142857,0.007022009696811438,0.04323848306066558,0.6804634517276286
ELMSAN1_ZC3HAV1,ELMSAN1,ZC3HAV1,0.15267771,0.2857142857142857,0.009972140192985535,0.04319149261610971,0.6797239419706411
CDKN1B_COL1A1,CDKN1B,COL1A1,0.30759805,0.14285714285714285,0.017761779949069023,0.043175701885257045,0.6794754361383196
BAK1_COL1A1,BAK1,COL1A1,0.306991,0.14285714285714285,0.016048962250351906,0.043163135173607946,0.6792776681460057
DLX2_SET,DLX2,SET,0.3058331,0.14285714285714285,0.012426868081092834,0.04315417183835636,0.6791366081084523
LHX1_SLC38A2,LHX1,SLC38A2,0.3048336,0.14285714285714285,0.009696772322058678,0.04312943949969976,0.6787473841731918
CSRNP1_UBASH3B,CSRNP1,UBASH3B,0.15227969,0.2857142857142857,0.008846593089401722,0.043126956198195156,0.6787083033407044
BAK1_LHX1,BAK1,LHX1,0.30388135,0.14285714285714285,0.006755566690117121,0.04312031883603446,0.6786038481876433
DLX2_EGR1,DLX2,EGR1,0.15244296,0.2857142857142857,0.010164140723645687,0.043116885884654045,0.6785498222880146
FOSB_FOXA1,FOSB,FOXA1,0.15168872,0.2857142857142857,0.005399884190410376,0.04310686357353135,0.6783920966709696
ISL2_MAP4K5,ISL2,MAP4K5,0.10121182,0.42857142857142855,0.006945708300918341,0.04307729348068067,0.6779267388224797
MEIS1_SET,MEIS1,SET,0.3054363,0.14285714285714285,0.013106240890920162,0.0430692826286291,0.6778006684413647
MAP2K6_TBX2,MAP2K6,TBX2,0.30399618,0.14285714285714285,0.009250890463590622,0.0430299596321577,0.6771818247628374
PLK4_TBX2,PLK4,TBX2,0.30459115,0.14285714285714285,0.011506027542054653,0.043018054380311754,0.6769944664608957
COL1A1_NCL,COL1A1,NCL,0.30639377,0.14285714285714285,0.01778486743569374,0.043005688441187406,0.6767998581160886
ELMSAN1_MAML2,ELMSAN1,MAML2,0.15178712,0.2857142857142857,0.008540266193449497,0.04300051193125358,0.6767183930514485
MAP7D1_OSR2,MAP7D1,OSR2,0.3033506,0.14285714285714285,0.007832204923033714,0.04299902250425799,0.6766949532690424
PTPN1_SNAI1,PTPN1,SNAI1,0.30433652,0.14285714285714285,0.011911077424883842,0.042964887335995273,0.6761577527759361
ELMSAN1_STIL,ELMSAN1,STIL,0.15138733,0.2857142857142857,0.006972501985728741,0.04295402692481002,0.6759868376013235
FOXO4_TBX2,FOXO4,TBX2,0.30344647,0.14285714285714285,0.009285307489335537,0.04295068563289671,0.675934254187947
FOXF1_TBX2,FOXF1,TBX2,0.30341467,0.14285714285714285,0.009280070662498474,0.042946407533834684,0.6758669278192004
PTPN13_TBX2,PTPN13,TBX2,0.30335677,0.14285714285714285,0.009257646277546883,0.04293916535295845,0.6757529543620334
ARID1A_STIL,ARID1A,STIL,0.30399442,0.14285714285714285,0.012319805100560188,0.04289926332128865,0.6751249981462042
FOXA1_SNAI1,FOXA1,SNAI1,0.30373958,0.14285714285714285,0.011686809360980988,0.042890119567970106,0.6749810987883994
CDKN1B_CEBPE,CDKN1B,CEBPE,0.15164152,0.2857142857142857,0.010392569936811924,0.042880509273471826,0.6748298572622513
CSRNP1_SET,CSRNP1,SET,0.30445373,0.14285714285714285,0.014477360062301159,0.042872706474831504,0.6747070611112282
BCORL1_TBX2,BCORL1,TBX2,0.3035606,0.14285714285714285,0.012190965935587883,0.04284349845348874,0.6742474013448774
IRF1_SLC6A9,IRF1,SLC6A9,0.1508414,0.2857142857142857,0.006203458644449711,0.04283183733337236,0.6740638850537469
MAP4K3_OSR2,MAP4K3,OSR2,0.30209172,0.14285714285714285,0.0076118106953799725,0.042829946231482896,0.6740341239329076
CDKN1A_OSR2,CDKN1A,OSR2,0.30293196,0.14285714285714285,0.011722931638360023,0.04277455176768457,0.6731623563459198
COL1A1_CSRNP1,COL1A1,CSRNP1,0.30462196,0.14285714285714285,0.01767115481197834,0.04276177360615226,0.6729612606717075
FOXO4_OSR2,FOXO4,OSR2,0.30158055,0.14285714285714285,0.007606247905641794,0.04275770972941176,0.6728973056159678
OSR2_TSC22D1,OSR2,TSC22D1,0.30224696,0.14285714285714285,0.009868144989013672,0.04275621235690235,0.6728737407914377
FOXF1_OSR2,FOXF1,OSR2,0.30139616,0.14285714285714285,0.007595724426209927,0.04273201387242313,0.6724929183594343
FOXA1_JUN,FOXA1,JUN,0.1509787,0.2857142857142857,0.009576204232871532,0.042727602983595236,0.6724235022184284
HOXB9_LYL1,HOXB9,LYL1,0.3028974,0.14285714285714285,0.012839975766837597,0.04272250037385255,0.6723432001543282
MAP2K3_SLC4A1,MAP2K3,SLC4A1,0.10044328,0.42857142857142855,0.007787378504872322,0.042714486653350765,0.6722170846311224
OSR2_PTPN13,OSR2,PTPN13,0.3012556,0.14285714285714285,0.007585556246340275,0.04271251801580329,0.6721861032967662
KIF18B_TBX2,KIF18B,TBX2,0.30153066,0.14285714285714285,0.00973378587514162,0.04266055970349831,0.6713684119710233
MAP2K6_OSR2,MAP2K6,OSR2,0.30078086,0.14285714285714285,0.007532164454460144,0.04264746691843405,0.6711623649248063
BAK1_SET,BAK1,SET,0.30223504,0.14285714285714285,0.012492191046476364,0.042643720368001015,0.671103403775865
CDKN1A_FOXA1,CDKN1A,FOXA1,0.15063798,0.2857142857142857,0.010471636429429054,0.04259340146437743,0.6703115125617627
OSR2_PRTG,OSR2,PRTG,0.30100617,0.14285714285714285,0.009751882404088974,0.04258559148077942,0.6701886033378295
IRF1_OSR2,IRF1,OSR2,0.30038658,0.14285714285714285,0.008044961839914322,0.04256989508205283,0.669941582052596
MAPK1_OSR2,MAPK1,OSR2,0.30031487,0.14285714285714285,0.007891605608165264,0.04256620904554285,0.6698835732384741
LHX1_SLC6A9,LHX1,SLC6A9,0.30127588,0.14285714285714285,0.011631276458501816,0.04254456372390217,0.6695429310781859
SLC4A1_TBX2,SLC4A1,TBX2,0.30114692,0.14285714285714285,0.01124302763491869,0.042542680679132,0.6695132967558562
ARID1A_CELF2,ARID1A,CELF2,0.30128312,0.14285714285714285,0.0117584727704525,0.04254023764669826,0.6694748496558455
COL1A1_PTPN9,COL1A1,PTPN9,0.30261686,0.14285714285714285,0.016606133431196213,0.04252480799892321,0.6692320263502911
HOXC13_OSR2,HOXC13,OSR2,0.29995474,0.14285714285714285,0.007717323023825884,0.042522517453201944,0.6691959790022459
BCORL1_RREB1,BCORL1,RREB1,0.150176,0.2857142857142857,0.009368488565087318,0.04250918279997721,0.6689861255680224
CDKN1C_LHX1,CDKN1C,LHX1,0.30129284,0.14285714285714285,0.014213287271559238,0.04243864121050435,0.6678759808528225
NIT1_STIL,NIT1,STIL,0.30024585,0.14285714285714285,0.011368094012141228,0.0424101419871511,0.6674274757591703
HOXB9_RREB1,HOXB9,RREB1,0.30005375,0.14285714285714285,0.012165184132754803,0.04234962974310598,0.6664751673630371
ARID1A_MAPK1,ARID1A,MAPK1,0.2993823,0.14285714285714285,0.010334434919059277,0.04233142849077402,0.6661887260702151
HK2_HOXB9,HK2,HOXB9,0.2992441,0.14285714285714285,0.009881977923214436,0.04233084549306474,0.6661795511730972
GLB1L2_OSR2,GLB1L2,OSR2,0.29851803,0.14285714285714285,0.00746017275378108,0.04232964664280332,0.6661606843274254
MIDN_PTPN12,MIDN,PTPN12,0.29966462,0.14285714285714285,0.01175936684012413,0.04231167246257594,0.6658778165704243
COL1A1_KIF2C,COL1A1,KIF2C,0.30114013,0.14285714285714285,0.016999313607811928,0.0423009317054918,0.6657087844462078
MEIS1_ZNF318,MEIS1,ZNF318,0.14917837,0.2857142857142857,0.007651360239833593,0.04229874870266653,0.6656744295490777
KIF2C_ZNF318,KIF2C,ZNF318,0.149354,0.2857142857142857,0.009428231976926327,0.042274001172984695,0.6652849665458219
COL1A1_ZBTB1,COL1A1,ZBTB1,0.3018108,0.14285714285714285,0.020129654556512833,0.042265047904329285,0.6651440649308195
CELF2_LHX1,CELF2,LHX1,0.2971161,0.14285714285714285,0.005381866358220577,0.04221794591262487,0.6644027997061939
SET_SPI1,SET,SPI1,0.29928887,0.14285714285714285,0.012924889102578163,0.042209993219208826,0.6642776445936793
MAP7D1_TBX2,MAP7D1,TBX2,0.2979528,0.14285714285714285,0.009255836717784405,0.042174327169628496,0.6637163519328598
CDKN1A_SET,CDKN1A,SET,0.29910725,0.14285714285714285,0.013404249213635921,0.042164425187054884,0.663560519980302
SAMD1_SNAI1,SAMD1,SNAI1,0.2986202,0.14285714285714285,0.011934326030313969,0.04215691339351593,0.6634423035074204
CELF2_NCL,CELF2,NCL,0.099346265,0.42857142857142855,0.010186256840825081,0.04214764407088693,0.6632964280089101
LHX1_PRTG,LHX1,PRTG,0.2971951,0.14285714285714285,0.007813319563865662,0.04212728984277966,0.6629761043681456
COL1A1_KMT2A,COL1A1,KMT2A,0.29965073,0.14285714285714285,0.01648573949933052,0.042112983285521675,0.6627509556430978
COL1A1_JUN,COL1A1,JUN,0.2996317,0.14285714285714285,0.01647976227104664,0.042110558692343765,0.6627127987299479
PRTG_TBX2,PRTG,TBX2,0.2980364,0.14285714285714285,0.011146369390189648,0.04210728472238759,0.6626612747924845
OSR2_RHOXF2,OSR2,RHOXF2,0.2969719,0.14285714285714285,0.007776743732392788,0.04209717638313706,0.662502195312106
ARID1A_TGFBR2,ARID1A,TGFBR2,0.298984,0.14285714285714285,0.014911935664713383,0.042084438298758686,0.6623017303500872
LYL1_SET,LYL1,SET,0.29960155,0.14285714285714285,0.017036989331245422,0.042083250239025795,0.6622830333198151
IGDCC3_LHX1,IGDCC3,LHX1,0.29916844,0.14285714285714285,0.015924621373414993,0.042068424513467664,0.6620497142097646
COL1A1_EGR1,COL1A1,EGR1,0.30007333,0.14285714285714285,0.019109997898340225,0.042063779215313776,0.6619766090637847
KIF18B_OSR2,KIF18B,OSR2,0.29652357,0.14285714285714285,0.00817763339728117,0.04201691124824068,0.6612390267900202
HOXC13_TBX2,HOXC13,TBX2,0.2967647,0.14285714285714285,0.009271020069718361,0.04200552332235983,0.6610598098794261
CELF2_HOXB9,CELF2,HOXB9,0.29670757,0.14285714285714285,0.009278547018766403,0.04199712350813765,0.6609276182257209
MAPK1_TBX2,MAPK1,TBX2,0.29668656,0.14285714285714285,0.009399705566465855,0.04198910901193848,0.6608014904950165
IRF1_TBX2,IRF1,TBX2,0.2965378,0.14285714285714285,0.00895296223461628,0.04198663619212522,0.6607625746176192
GLB1L2_LHX1,GLB1L2,LHX1,0.29518119,0.14285714285714285,0.004461267497390509,0.04198145023586873,0.6606809608919516
LHX1_PTPN13,LHX1,PTPN13,0.2949391,0.14285714285714285,0.004224271047860384,0.04195691984713806,0.6602949151334898
JUN_OSR2,JUN,OSR2,0.29697067,0.14285714285714285,0.011583440005779266,0.04193858766512032,0.6600064133413249
LYL1_MAML2,LYL1,MAML2,0.14838853,0.2857142857142857,0.010989714413881302,0.041935861087043766,0.6599635039560263
LHX1_MAP2K6,LHX1,MAP2K6,0.29477537,0.14285714285714285,0.004223586525768042,0.04193365625775955,0.6599288055660966
BPGM_LHX1,BPGM,LHX1,0.29721928,0.14285714285714285,0.013519609346985817,0.04189351270663653,0.6592970484500237
LHX1_MAP4K3,LHX1,MAP4K3,0.2944748,0.14285714285714285,0.004203201737254858,0.04189175057290989,0.6592693169591582
BCL2L11_LHX1,BCL2L11,LHX1,0.29449663,0.14285714285714285,0.004461201839148998,0.04188409312981959,0.6591488083337903
BCL2L11_OSR2,BCL2L11,OSR2,0.29548147,0.14285714285714285,0.007836813107132912,0.041883406599826215,0.6591380041025606
LHX1_MAP2K3,LHX1,MAP2K3,0.2952478,0.14285714285714285,0.007553678471595049,0.04186204375242063,0.6588018073663352
FOXF1_LHX1,FOXF1,LHX1,0.29410768,0.14285714285714285,0.004205483477562666,0.04183942720195836,0.6584458805413321
LHX1_UBASH3B,LHX1,UBASH3B,0.29550722,0.14285714285714285,0.009049464948475361,0.041836717578431395,0.6584032379774047
OSR2_SLC4A1,OSR2,SLC4A1,0.2958225,0.14285714285714285,0.010258741676807404,0.041831221615217934,0.658316745532849
ARID1A_MEIS1,ARID1A,MEIS1,0.29667303,0.14285714285714285,0.013474413193762302,0.04181838320575888,0.6581147017099206
KMT2A_LHX1,KMT2A,LHX1,0.2948927,0.14285714285714285,0.007695110980421305,0.041805827875779265,0.6579171128360575
BCORL1_ETS2,BCORL1,ETS2,0.29528013,0.14285714285714285,0.010043804533779621,0.041763411984425076,0.6572495948799237
CDKN1A_ISL2,CDKN1A,ISL2,0.098241806,0.42857142857142855,0.009186864830553532,0.04172035192204056,0.6565719393146102
CELF2_OSR2,CELF2,OSR2,0.29441142,0.14285714285714285,0.008117380551993847,0.04172011634214075,0.6565682318877896
FOXO4_LHX1,FOXO4,LHX1,0.29325712,0.14285714285714285,0.004228108562529087,0.04171748782842306,0.6565268657854048
ARID1A_PLK4,ARID1A,PLK4,0.2955184,0.14285714285714285,0.012388693168759346,0.04170030179669777,0.6562564014758017
LHX1_ZBTB25,LHX1,ZBTB25,0.29461572,0.14285714285714285,0.00991810578852892,0.04167462604194874,0.6558523305772522
CKS1B_TGFBR2,CKS1B,TGFBR2,0.29437798,0.14285714285714285,0.009234792552888393,0.04166919118023595,0.6557667997144891
MAP7D1_NCL,MAP7D1,NCL,0.09811462,0.42857142857142855,0.009556191973388195,0.041651095776671865,0.6554820242113257
LHX1_RHOXF2,LHX1,RHOXF2,0.2929801,0.14285714285714285,0.005260002333670855,0.04163529889988491,0.6552334216576726
ARID1A_OSR2,ARID1A,OSR2,0.29610148,0.14285714285714285,0.016162754967808723,0.04162739809639586,0.6551090831602735
CKS1B_FOXL2,CKS1B,FOXL2,0.2947352,0.14285714285714285,0.013041353784501553,0.04156298995121361,0.6540954632160078
ARID1A_UBASH3A,ARID1A,UBASH3A,0.29453203,0.14285714285714285,0.012343088164925575,0.041562988768214196,0.6540954445986139
FEV_HOXB9,FEV,HOXB9,0.2943366,0.14285714285714285,0.012079089879989624,0.04154624308003579,0.653831910173425
LYL1_ZC3HAV1,LYL1,ZC3HAV1,0.147138,0.2857142857142857,0.013080253265798092,0.04149664185333735,0.653051313363824
TBX2_TMSB4X,TBX2,TMSB4X,0.2956305,0.14285714285714285,0.018398910760879517,0.04146992913483596,0.6526309233003942
GLB1L2_NCL,GLB1L2,NCL,0.09766711,0.42857142857142855,0.009606496430933475,0.041459057828870084,0.6524598366697196
FOSB_TBX2,FOSB,TBX2,0.29281572,0.14285714285714285,0.008969328366219997,0.04145895743625299,0.6524582567459591
OSR2_SPI1,OSR2,SPI1,0.29336178,0.14285714285714285,0.01093155238777399,0.04145565152044197,0.6524062300622123
FEV_LHX1,FEV,LHX1,0.29265767,0.14285714285714285,0.00863129086792469,0.041450468005308466,0.6523246547535948
LHX1_MAP7D1,LHX1,MAP7D1,0.2913819,0.14285714285714285,0.004269406199455261,0.0414490223644053,0.6523019040526151
JUN_POU3F2,JUN,POU3F2,0.1463809,0.2857142857142857,0.009038996882736683,0.04144846214747472,0.6522930876668561
MAP2K3_ZC3HAV1,MAP2K3,ZC3HAV1,0.14636177,0.2857142857142857,0.008984929881989956,0.04144526526782724,0.6522427769342471
CDKN1C_SNAI1,CDKN1C,SNAI1,0.29423788,0.14285714285714285,0.014659320935606956,0.04142669589794171,0.6519505424099464
IRF1_LHX1,IRF1,LHX1,0.2910562,0.14285714285714285,0.004380746744573116,0.04139810054306725,0.6515005244513158
MAP4K3_NCL,MAP4K3,NCL,0.09751608,0.42857142857142855,0.009544718079268932,0.04139747939875938,0.6514907492240221
FOSB_SLC6A9,FOSB,SLC6A9,0.14563434,0.2857142857142857,0.006332052871584892,0.04134799325193679,0.6507119634781772
DLX2_HNF4A,DLX2,HNF4A,0.29205558,0.14285714285714285,0.009063116274774075,0.041347488198178434,0.6507040152200656
HOXB9_PLK4,HOXB9,PLK4,0.2919785,0.14285714285714285,0.009376034140586853,0.041323762454413354,0.650330632521266
COL1A1_MAML2,COL1A1,MAML2,0.29369724,0.14285714285714285,0.016555821523070335,0.04127343269584946,0.6495385704780867
DLX2_OSR2,DLX2,OSR2,0.29164946,0.14285714285714285,0.009667584672570229,0.04126527316231536,0.6494101602296211
HOXC13_LHX1,HOXC13,LHX1,0.2900558,0.14285714285714285,0.004197202157229185,0.041263353848666424,0.6493799551276365
LHX1_MAPK1,LHX1,MAPK1,0.2900482,0.14285714285714285,0.00454208767041564,0.041248106315301986,0.6491399978384563
ARID1A_MAP7D1,ARID1A,MAP7D1,0.29145354,0.14285714285714285,0.010162119753658772,0.041217364254963,0.6486561962105839
KIF18B_LHX1,KIF18B,LHX1,0.29006907,0.14285714285714285,0.005594806279987097,0.04120788890702147,0.6485070783990833
CEBPE_OSR2,CEBPE,OSR2,0.29196188,0.14285714285714285,0.012206432409584522,0.04120586320704627,0.6484751990476418
HOXB9_KIF18B,HOXB9,KIF18B,0.29116082,0.14285714285714285,0.00947507843375206,0.04120399207398286,0.648445752185198
COL1A1_MAP2K3,COL1A1,MAP2K3,0.29345804,0.14285714285714285,0.017882348969578743,0.041186074041160654,0.6481637680451608
FOSB_LHX1,FOSB,LHX1,0.2895765,0.14285714285714285,0.0045109763741493225,0.04118229914356175,0.6481043607841229
MAP2K3_TGFBR2,MAP2K3,TGFBR2,0.145336,0.2857142857142857,0.008873664774000645,0.04115933786530202,0.6477430088227516
TBX2_TSC22D1,TBX2,TSC22D1,0.29110694,0.14285714285714285,0.01059245690703392,0.041150817356999034,0.6476089177520221
JUN_SET,JUN,SET,0.2918462,0.14285714285714285,0.01315996702760458,0.041150769504816435,0.647608164680706
OSR2_ZC3HAV1,OSR2,ZC3HAV1,0.291232,0.14285714285714285,0.012558124959468842,0.041088574526762844,0.6466293743427773
OSR2_UBASH3A,OSR2,UBASH3A,0.28977495,0.14285714285714285,0.007714155595749617,0.04107952817344155,0.6464870078125288
DLX2_TBX2,DLX2,TBX2,0.29066852,0.14285714285714285,0.011012823320925236,0.04107175789413925,0.6463647234329517
FOSB_NCL,FOSB,NCL,0.09671585,0.42857142857142855,0.00982231367379427,0.04104647972304838,0.6459669094872191
BCORL1_MEIS1,BCORL1,MEIS1,0.14476648,0.2857142857142857,0.008478929288685322,0.041014095734033494,0.6454572680894194
NIT1_PLK4,NIT1,PLK4,0.29019812,0.14285714285714285,0.011238333769142628,0.04099614556073766,0.6451747781402957
BAK1_OSR2,BAK1,OSR2,0.28940988,0.14285714285714285,0.009641335345804691,0.040949460500478096,0.6444400743533065
ARID1A_FOXF1,ARID1A,FOXF1,0.28934753,0.14285714285714285,0.010298239067196846,0.040914018995656595,0.6438823154543317
ARID1A_FOXO4,ARID1A,FOXO4,0.28914377,0.14285714285714285,0.010253078304231167,0.04088703501877483,0.6434576564757885
STIL_TGFBR2,STIL,TGFBR2,0.14416872,0.2857142857142857,0.007919121533632278,0.0408674286229152,0.6431491018073958
CKS1B_NIT1,CKS1B,NIT1,0.2905351,0.14285714285714285,0.015892572700977325,0.040855710838649625,0.6429646937670683
COL1A1_UBASH3B,COL1A1,UBASH3B,0.29073367,0.14285714285714285,0.0166630856692791,0.04085264954761252,0.6429165168533933
CBL_LHX1,CBL,LHX1,0.28880626,0.14285714285714285,0.010306688025593758,0.040837141413891484,0.6426724583792127
MAP2K6_NCL,MAP2K6,NCL,0.09617569,0.42857142857142855,0.009553808718919754,0.04082809036664449,0.6425300179785446
COL1A1_IGDCC3,COL1A1,IGDCC3,0.29150474,0.14285714285714285,0.020096462219953537,0.040823133821320697,0.642452014595888
ARID1A_GLB1L2,ARID1A,GLB1L2,0.28868538,0.14285714285714285,0.010377447120845318,0.04081719053679807,0.642358482454735
LHX1_SPI1,LHX1,SPI1,0.28811023,0.14285714285714285,0.008674277924001217,0.040804652870798576,0.6421611715668704
RHOXF2_ZNF318,RHOXF2,ZNF318,0.09571949,0.42857142857142855,0.0055422428995370865,0.040796532766658615,0.6420333818365112
ISL2_SLC38A2,ISL2,SLC38A2,0.14398415,0.2857142857142857,0.00890032947063446,0.04077541504799041,0.6417010428014572
CSRNP1_SLC38A2,CSRNP1,SLC38A2,0.14381707,0.2857142857142857,0.00802144780755043,0.04076360746351289,0.6415152215348122
ARID1A_FEV,ARID1A,FEV,0.28914008,0.14285714285714285,0.013315380550920963,0.040762950860510266,0.6415048882780938
ARID1A_PRTG,ARID1A,PRTG,0.2889067,0.14285714285714285,0.013390891253948212,0.0407270137673374,0.6409393300823737
RUNX1T1_TBX2,RUNX1T1,TBX2,0.28872553,0.14285714285714285,0.013507144525647163,0.04069680595181411,0.640463936105409
HOXB9_SLC6A9,HOXB9,SLC6A9,0.28855193,0.14285714285714285,0.013108933344483376,0.04068832328400744,0.6403304405475865
ISL2_SNAI1,ISL2,SNAI1,0.28834304,0.14285714285714285,0.012449692003428936,0.040685343170648564,0.6402835411635384
FOXO4_NCL,FOXO4,NCL,0.095816284,0.42857142857142855,0.00949371512979269,0.04067793714614096,0.6401669892254661
ARID1A_MAP2K6,ARID1A,MAP2K6,0.28758636,0.14285714285714285,0.010286059230566025,0.040665478362327936,0.6399709197420421
ARRDC3_OSR2,ARRDC3,OSR2,0.286897,0.14285714285714285,0.008015884086489677,0.04065936547513046,0.639874718487327
LHX1_SLC4A1,LHX1,SLC4A1,0.28684896,0.14285714285714285,0.008087309077382088,0.04064967668744389,0.6397222416785776
ARID1A_HOXC13,ARID1A,HOXC13,0.28729123,0.14285714285714285,0.010165037587285042,0.0406286127346063,0.6393907487805778
BCORL1_FOXL2,BCORL1,FOXL2,0.2870819,0.14285714285714285,0.009638830088078976,0.0406201687041061,0.6392578612754217
GLB1L2_HOXB9,GLB1L2,HOXB9,0.28644,0.14285714285714285,0.008765019476413727,0.04056445389147292,0.638381052214763
ARID1A_RHOXF2,ARID1A,RHOXF2,0.2869964,0.14285714285714285,0.010831359773874283,0.04056016319365224,0.6383135275736862
NCL_PTPN13,NCL,PTPN13,0.09549365,0.42857142857142855,0.009528734721243382,0.04053956011163072,0.6379892876069667
CDKN1A_LHX1,CDKN1A,LHX1,0.28648868,0.14285714285714285,0.009768773801624775,0.040531016246287396,0.6378548289559901
STIL_TBX2,STIL,TBX2,0.28697628,0.14285714285714285,0.011554739437997341,0.040528316975800706,0.637812349322513
CKS1B_FOXA3,CKS1B,FOXA3,0.28649405,0.14285714285714285,0.01069868728518486,0.04049448310981309,0.6372798905588019
ETS2_ZC3HAV1,ETS2,ZC3HAV1,0.28651622,0.14285714285714285,0.011647987179458141,0.04045961540102558,0.6367311617460428
LHX1_NCL,LHX1,NCL,0.2859603,0.14285714285714285,0.010606227442622185,0.040422736810350114,0.6361507867807447
CKS1B_FOXA1,CKS1B,FOXA1,0.28569064,0.14285714285714285,0.010230652056634426,0.04039963332859012,0.6357871968989426
LHX1_ZNF318,LHX1,ZNF318,0.28457433,0.14285714285714285,0.006723885424435139,0.040381952074331144,0.6355089390496315
ARID1A_PTPN13,ARID1A,PTPN13,0.28535613,0.14285714285714285,0.010237708687782288,0.040352049497469115,0.635038348750741
CDKN1B_LHX1,CDKN1B,LHX1,0.28539088,0.14285714285714285,0.010893945582211018,0.040330765080517944,0.6347033863098459
ARID1A_NCL,ARID1A,NCL,0.28614962,0.14285714285714285,0.014347204007208347,0.040300320369224964,0.6342242641976246
ARID1A_MAP4K3,ARID1A,MAP4K3,0.28484926,0.14285714285714285,0.010296650230884552,0.04027802219024161,0.633873347727753
CDKN1C_NIT1,CDKN1C,NIT1,0.2863979,0.14285714285714285,0.01599150337278843,0.04027000833413651,0.6337472300704967
DLX2_LHX1,DLX2,LHX1,0.28386506,0.14285714285714285,0.0077497148886322975,0.04024030119336914,0.633279715437313
ISL2_LYL1,ISL2,LYL1,0.14234143,0.2857142857142857,0.010949555784463882,0.04022849724121698,0.6330939513342057
SET_SLC38A2,SET,SLC38A2,0.28544855,0.14285714285714285,0.014127123169600964,0.04021030847350409,0.6328077065174479
OSR2_SLC6A9,OSR2,SLC6A9,0.28423822,0.14285714285714285,0.010279952548444271,0.04019228511070122,0.6325240647521396
CNNM4_ETS2,CNNM4,ETS2,0.28506508,0.14285714285714285,0.014162267558276653,0.040154899103100015,0.6319357043385021
KIF2C_OSR2,KIF2C,OSR2,0.28404003,0.14285714285714285,0.010543267242610455,0.04015379549151232,0.6319183363066664
LHX1_LYL1,LHX1,LYL1,0.28517228,0.14285714285714285,0.014930324628949165,0.040139600399761624,0.6316949417644313
FOXL2_ZBTB25,FOXL2,ZBTB25,0.2835099,0.14285714285714285,0.009964835830032825,0.04010180779832487,0.6311001826007637
ARID1A_BCL2L11,ARID1A,BCL2L11,0.2836863,0.14285714285714285,0.010855319909751415,0.04009141063377596,0.6309365577467835
ARID1A_EGR1,ARID1A,EGR1,0.28493097,0.14285714285714285,0.015360977500677109,0.040088624434186426,0.6308927100709241
ARID1A_MAP4K5,ARID1A,MAP4K5,0.28381285,0.14285714285714285,0.012173307128250599,0.040057065992125516,0.6303960606767771
FEV_OSR2,FEV,OSR2,0.28303212,0.14285714285714285,0.009573890827596188,0.04004972817112042,0.6302805820878942
HOXB9_MAP2K6,HOXB9,MAP2K6,0.28275314,0.14285714285714285,0.008741331286728382,0.04004327415116342,0.6301790122735392
SPI1_TBX2,SPI1,TBX2,0.283328,0.14285714285714285,0.01125548779964447,0.04002492801544119,0.629890290885652
CITED1_HK2,CITED1,HK2,0.28340808,0.14285714285714285,0.011593465693295002,0.040022864235263945,0.6298578122489467
ETS2_KIF18B,ETS2,KIF18B,0.28152573,0.14285714285714285,0.0054975212551653385,0.039998071336480784,0.6294676352517413
CDKN1A_TBX2,CDKN1A,TBX2,0.28322557,0.14285714285714285,0.011636417359113693,0.03999539208931561,0.6294254707342792
EGR1_OSR2,EGR1,OSR2,0.2836901,0.14285714285714285,0.013305856846272945,0.0399949888252395,0.6294191243861706
BCL2L11_HOXB9,BCL2L11,HOXB9,0.2823843,0.14285714285714285,0.008978377096354961,0.03998164488562687,0.6292091248078849
ETS2_TSC22D1,ETS2,TSC22D1,0.2819622,0.14285714285714285,0.007617151364684105,0.039975810500222274,0.6291173064611232
ARID1A_BCORL1,ARID1A,BCORL1,0.2838237,0.14285714285714285,0.01440863125026226,0.039970325005905194,0.6290309787702975
SNAI1_STIL,SNAI1,STIL,0.2827703,0.14285714285714285,0.010984777472913265,0.03995684097507727,0.6288187745135594
OSR2_TBX2,OSR2,TBX2,0.2847476,0.14285714285714285,0.01833503320813179,0.03994582070168284,0.6286453435154729
HNF4A_RUNX1T1,HNF4A,RUNX1T1,0.2828566,0.14285714285714285,0.011647815816104412,0.03994284077570097,0.628598447080261
FOXO4_HOXB9,FOXO4,HOXB9,0.28199548,0.14285714285714285,0.008713284507393837,0.039937084717348394,0.6285078614015395
BCL2L11_NCL,BCL2L11,NCL,0.09402968,0.42857142857142855,0.009668039157986641,0.039912558066198006,0.6281218744630593
SLC6A9_TSC22D1,SLC6A9,TSC22D1,0.14080901,0.2857142857142857,0.009188144467771053,0.03986486286355968,0.6273712736112073
EGR1_HOXB9,EGR1,HOXB9,0.2830953,0.14285714285714285,0.014644340611994267,0.039858484518941195,0.6272708947336849
HOXB9_PTPN13,HOXB9,PTPN13,0.2811428,0.14285714285714285,0.008776918053627014,0.03981381470328575,0.626567905757261
ETS2_PLK4,ETS2,PLK4,0.28044906,0.14285714285714285,0.008050297386944294,0.039744199175209424,0.6254723348866965
ARID1A_ZNF318,ARID1A,ZNF318,0.28166306,0.14285714285714285,0.013027425855398178,0.039720128991495504,0.6250935315815318
AHR_NIT1,AHR,NIT1,0.2824398,0.14285714285714285,0.016015969216823578,0.03971250827799449,0.6249736009862272
HOXB9_MAPK1,HOXB9,MAPK1,0.2804154,0.14285714285714285,0.009162446483969688,0.03969563175008994,0.624708007477431
ARID1A_ARRDC3,ARID1A,ARRDC3,0.2809707,0.14285714285714285,0.012639127671718597,0.03963768461984736,0.6237960674307079
CELF2_CSRNP1,CELF2,CSRNP1,0.09296605,0.42857142857142855,0.005412810482084751,0.03962809345873794,0.6236451270153045
ARID1A_SLC4A1,ARID1A,SLC4A1,0.28099406,0.14285714285714285,0.013007371686398983,0.03962657070268911,0.6236211627185998
CITED1_EGR1,CITED1,EGR1,0.28088728,0.14285714285714285,0.013790858909487724,0.03958089910975517,0.6229024083226578
ETS2_SLC6A9,ETS2,SLC6A9,0.28013664,0.14285714285714285,0.011577283963561058,0.039561505903590956,0.6225972087163705
KMT2A_OSR2,KMT2A,OSR2,0.2791894,0.14285714285714285,0.008615022525191307,0.039543532693048035,0.6223143562197299
HOXB9_RHOXF2,HOXB9,RHOXF2,0.27932602,0.14285714285714285,0.009263689629733562,0.03953745467277534,0.6222187036814892
CEBPE_STIL,CEBPE,STIL,0.06985902,0.5714285714285714,0.009965293109416962,0.039525556479776625,0.6220314564678007
LHX1_MAML2,LHX1,MAML2,0.27864695,0.14285714285714285,0.007133519276976585,0.03952475595623541,0.6220188582688473
TBX2_ZC3HAV1,TBX2,ZC3HAV1,0.28034613,0.14285714285714285,0.013897823169827461,0.039500475852098295,0.621636751351584
FOXL2_PTPN9,FOXL2,PTPN9,0.2789624,0.14285714285714285,0.00915847159922123,0.03949010294739778,0.6214735082857472
ARRDC3_ETS2,ARRDC3,ETS2,0.27846098,0.14285714285714285,0.007414153311401606,0.03948737447487426,0.6214305690866849
JUN_LHX1,JUN,LHX1,0.27867997,0.14285714285714285,0.009150379337370396,0.03945043737960497,0.620849273408285
ARID1A_KMT2A,ARID1A,KMT2A,0.2800048,0.14285714285714285,0.013971073552966118,0.03944953329245483,0.6208350453822467
ARID1A_IRF1,ARID1A,IRF1,0.27873108,0.14285714285714285,0.010367393493652344,0.03941014493545082,0.6202151730956258
ETS2_UBASH3A,ETS2,UBASH3A,0.2775281,0.14285714285714285,0.006915953475981951,0.03937455982841658,0.619655154264053
IGDCC3_SNAI1,IGDCC3,SNAI1,0.27935913,0.14285714285714285,0.014039668254554272,0.039355903605445317,0.6193615528936854
SPI1_ZC3HAV1,SPI1,ZC3HAV1,0.09259014,0.42857142857142855,0.008313510566949844,0.03935431533340118,0.6193365575423009
FOXF1_NCL,FOXF1,NCL,0.09268432,0.42857142857142855,0.00947824027389288,0.03934889363397399,0.6192512338203451
SET_TMSB4X,SET,TMSB4X,0.2810263,0.14285714285714285,0.021144218742847443,0.039315323033849145,0.6187229181899039
NCL_TSC22D1,NCL,TSC22D1,0.09272926,0.42857142857142855,0.011479691602289677,0.03929007477609984,0.6183255750038791
HOXB9_MAP4K3,HOXB9,MAP4K3,0.27709934,0.14285714285714285,0.008762342855334282,0.03924177031908511,0.6175653860419316
ARRDC3_CEBPE,ARRDC3,CEBPE,0.06928705,0.5714285714285714,0.009534315206110477,0.03921867495678062,0.617201923939652
CKS1B_KIF18B,CKS1B,KIF18B,0.2760003,0.14285714285714285,0.006039818748831749,0.03919190103689857,0.6167805707225732
MEIS1_STIL,MEIS1,STIL,0.13802204,0.2857142857142857,0.006690009497106075,0.03917280083618803,0.6164799822748713
CKS1B_FEV,CKS1B,FEV,0.2764663,0.14285714285714285,0.008426627144217491,0.03916515697147965,0.6163596873386059
HOXB9_NCL,HOXB9,NCL,0.27761966,0.14285714285714285,0.012831238098442554,0.03915751205387485,0.6162393758324358
CBFA2T3_ZNF318,CBFA2T3,ZNF318,0.13834101,0.2857142857142857,0.00954496767371893,0.03915229535416454,0.6161572782832104
CDKN1A_ETS2,CDKN1A,ETS2,0.27667555,0.14285714285714285,0.009648744948208332,0.0391473560220247,0.6160795457921703
EGR1_MAML2,EGR1,MAML2,0.092197694,0.42857142857142855,0.009799879044294357,0.039129829780147604,0.6158037274424198
CDKN1A_RUNX1T1,CDKN1A,RUNX1T1,0.092103295,0.42857142857142855,0.009550786577165127,0.039099410600437846,0.615325007132205
FOXL2_UBASH3B,FOXL2,UBASH3B,0.27615893,0.14285714285714285,0.009001788683235645,0.03909931181044455,0.6153234524296558
CSRNP1_TBX2,CSRNP1,TBX2,0.27707967,0.14285714285714285,0.012589274905622005,0.03909068682887919,0.6151877172162159
COL1A1_ZBTB25,COL1A1,ZBTB25,0.27823278,0.14285714285714285,0.017693711444735527,0.039056486242262316,0.6146494872050527
ARID1A_KIF2C,ARID1A,KIF2C,0.27679858,0.14285714285714285,0.013325436972081661,0.03902265973811418,0.6141171442979201
BCORL1_TGFBR2,BCORL1,TGFBR2,0.13783301,0.2857142857142857,0.009297815151512623,0.03901807830056336,0.614045044154968
BCL2L11_CSRNP1,BCL2L11,CSRNP1,0.091407135,0.42857142857142855,0.004702819511294365,0.0389911182919757,0.6136207623762473
CBL_COL1A1,CBL,COL1A1,0.277296,0.14285714285714285,0.01737232878804207,0.03893728394119379,0.6127735469893619
POU3F2_SNAI1,POU3F2,SNAI1,0.2753913,0.14285714285714285,0.010679172351956367,0.03892591917918641,0.6125946946190614
CITED1_KMT2A,CITED1,KMT2A,0.275573,0.14285714285714285,0.011565649881958961,0.038917463586251845,0.6124616251506763
ISL2_PTPN9,ISL2,PTPN9,0.1372379,0.2857142857142857,0.007584504783153534,0.038915674298144264,0.6124334663191069
ARID1A_SPI1,ARID1A,SPI1,0.2754787,0.14285714285714285,0.013063675723969936,0.038846619060288884,0.6113467129877049
CEBPE_LHX1,CEBPE,LHX1,0.2747476,0.14285714285714285,0.011177048087120056,0.038815812383048764,0.6108618944546019
TSC22D1_UBASH3B,TSC22D1,UBASH3B,0.1368368,0.2857142857142857,0.007846277207136154,0.038791856057983354,0.6104848829941896
CDKN1A_SLC38A2,CDKN1A,SLC38A2,0.09129449,0.42857142857142855,0.00876262690871954,0.038786339690818794,0.61039806944348
CITED1_UBASH3A,CITED1,UBASH3A,0.27442595,0.14285714285714285,0.01110459491610527,0.038773147563631025,0.6101904590055924
KIF2C_MAP4K5,KIF2C,MAP4K5,0.1367688,0.2857142857142857,0.008779561147093773,0.03873670954716492,0.6096170175547476
CBFA2T3_CKS1B,CBFA2T3,CKS1B,0.27437747,0.14285714285714285,0.012084899470210075,0.03872874772684367,0.6094917188080217
ETS2_KIF2C,ETS2,KIF2C,0.27364162,0.14285714285714285,0.009832950308918953,0.03871101594749951,0.6092126658227245
ARID1A_DLX2,ARID1A,DLX2,0.27429453,0.14285714285714285,0.01329538132995367,0.03867078930766754,0.6085796011022749
LYL1_MAP2K3,LYL1,MAP2K3,0.13688996,0.2857142857142857,0.012368670664727688,0.03863357244923559,0.6079939026651783
NCL_OSR2,NCL,OSR2,0.27287558,0.14285714285714285,0.010686803609132767,0.03857003492744444,0.6069939841127265
CSRNP1_MAP4K3,CSRNP1,MAP4K3,0.090363756,0.42857142857142855,0.004375262185931206,0.03855861985241021,0.6068143399436973
NIT1_TMSB4X,NIT1,TMSB4X,0.27424255,0.14285714285714285,0.01621153950691223,0.03855251159724469,0.6067182115853519
CSRNP1_IRF1,CSRNP1,IRF1,0.09034402,0.42857142857142855,0.004831845406442881,0.038532681426329596,0.6064061352682827
OSR2_SAMD1,OSR2,SAMD1,0.27237865,0.14285714285714285,0.010261320509016514,0.03851601104987237,0.6061437860575167
HOXB9_HOXC13,HOXB9,HOXC13,0.2718616,0.14285714285714285,0.008790170773863792,0.03849896081649011,0.6058754588675047
MAP4K5_PLK4,MAP4K5,PLK4,0.13555294,0.2857142857142857,0.006069031544029713,0.03849578011128916,0.6058254026794341
ARID1A_FOSB,ARID1A,FOSB,0.27219313,0.14285714285714285,0.010434024035930634,0.038483198783347085,0.6056274046639448
CSRNP1_FOXF1,CSRNP1,FOXF1,0.09009789,0.42857142857142855,0.004220266360789537,0.0384511072160358,0.6051223652379929
CSRNP1_MAP2K6,CSRNP1,MAP2K6,0.09008069,0.42857142857142855,0.004269774071872234,0.038441873327766635,0.6049770473859377
FOXL2_PTPN12,FOXL2,PTPN12,0.27170435,0.14285714285714285,0.009837755002081394,0.03843677498767874,0.604896812515315
CSRNP1_PTPN13,CSRNP1,PTPN13,0.09005828,0.42857142857142855,0.004237519111484289,0.03843354370305388,0.6048459603361056
CEBPE_TSC22D1,CEBPE,TSC22D1,0.068000354,0.5714285714285714,0.011420175433158875,0.038418597941766754,0.6046107521698093
ARRDC3_HOXB9,ARRDC3,HOXB9,0.27161485,0.14285714285714285,0.010371220298111439,0.03840382681854765,0.6043782923613219
CSRNP1_MAP7D1,CSRNP1,MAP7D1,0.089995705,0.42857142857142855,0.004567098803818226,0.03839423740624311,0.6042273794676474
ARID1A_TMSB4X,ARID1A,TMSB4X,0.27311754,0.14285714285714285,0.018076200038194656,0.038324038761482444,0.6031226318276012
HK2_NCL,HK2,NCL,0.13545054,0.2857142857142857,0.01006334088742733,0.03831458214834303,0.6029738088541063
CKS1B_PLK4,CKS1B,PLK4,0.269984,0.14285714285714285,0.006972902920097113,0.03830206724371538,0.6027768561721858
MAP4K5_OSR2,MAP4K5,OSR2,0.27007768,0.14285714285714285,0.008352050557732582,0.038262950981907976,0.6021612659700317
CKS1B_MAPK1,CKS1B,MAPK1,0.2689812,0.14285714285714285,0.004496911074966192,0.03825385987041571,0.6020181950603195
HOXB9_MAP7D1,HOXB9,MAP7D1,0.26991567,0.14285714285714285,0.008924505673348904,0.03821830199791936,0.6014586048309165
SGK1_SNAI1,SGK1,SNAI1,0.27074847,0.14285714285714285,0.013875006698071957,0.038149034216616695,0.6003685066077065
ISL2_TBX2,ISL2,TBX2,0.27041346,0.14285714285714285,0.012635478749871254,0.03814846986924428,0.6003596252193268
CSRNP1_FOSB,CSRNP1,FOSB,0.08943705,0.42857142857142855,0.005078251473605633,0.03813649867264732,0.600171229115184
CBFA2T3_FOXA3,CBFA2T3,FOXA3,0.2692818,0.14285714285714285,0.009318777360022068,0.038113656543383716,0.5998117522551445
MIDN_TGFBR2,MIDN,TGFBR2,0.26958936,0.14285714285714285,0.010695121251046658,0.03810522634517634,0.5996790824350008
CSRNP1_FOXO4,CSRNP1,FOXO4,0.08920149,0.42857142857142855,0.004273382015526295,0.03806653612092035,0.5990701969773772
MEIS1_PLK4,MEIS1,PLK4,0.13406892,0.2857142857142857,0.006453411187976599,0.03805979058118892,0.5989640393852393
LHX1_RREB1,LHX1,RREB1,0.26927808,0.14285714285714285,0.010971899144351482,0.03805080741741449,0.5988226672973054
CELF2_SLC38A2,CELF2,SLC38A2,0.0891872,0.42857142857142855,0.0054121483117341995,0.03801732917063471,0.5982958050729855
BAK1_TBX2,BAK1,TBX2,0.26906624,0.14285714285714285,0.011571931652724743,0.03799832093631873,0.5979966639417911
FOXL2_UBASH3A,FOXL2,UBASH3A,0.26787263,0.14285714285714285,0.007675252854824066,0.037976043059923,0.5976460669828707
ARID1A_TSC22D1,ARID1A,TSC22D1,0.26924327,0.14285714285714285,0.012876241467893124,0.037974357314031856,0.597619537641723
CBFA2T3_CDKN1C,CBFA2T3,CDKN1C,0.26907238,0.14285714285714285,0.012464090250432491,0.03796570398795812,0.5974833563580088
CELF2_CKS1B,CELF2,CKS1B,0.2668921,0.14285714285714285,0.005712989717721939,0.03791085927093197,0.5966202403831888
FOXA1_SLC38A2,FOXA1,SLC38A2,0.13372947,0.2857142857142857,0.008238060399889946,0.037896229361133696,0.596390002913807
FOSB_SLC38A2,FOSB,SLC38A2,0.0887797,0.42857142857142855,0.004518866539001465,0.037877281668976685,0.5960918145617934
HOXB9_KIF2C,HOXB9,KIF2C,0.26793823,0.14285714285714285,0.011883094906806946,0.037827383110904195,0.5953065385146527
CSRNP1_HOXC13,CSRNP1,HOXC13,0.088598035,0.42857142857142855,0.004273429047316313,0.037809012414925486,0.5950174306109648
LHX1_TGFBR2,LHX1,TGFBR2,0.26698974,0.14285714285714285,0.009539836086332798,0.03778096687583561,0.5945760653505813
KMT2A_MAP2K3,KMT2A,MAP2K3,0.13331053,0.2857142857142857,0.008350235410034657,0.03777330589199254,0.5944555010027949
CKS1B_SNAI1,CKS1B,SNAI1,0.2681837,0.14285714285714285,0.014382402412593365,0.03776875291001464,0.59438384867799
KIF2C_SGK1,KIF2C,SGK1,0.26737282,0.14285714285714285,0.011826012283563614,0.03774968840706466,0.5940838220219989
FOXL2_STIL,FOXL2,STIL,0.26621032,0.14285714285714285,0.00778574962168932,0.03773624045326619,0.5938721855256968
CITED1_FEV,CITED1,FEV,0.26742554,0.14285714285714285,0.012401624582707882,0.03773566461257798,0.5938631232618381
MAP2K3_OSR2,MAP2K3,OSR2,0.26703334,0.14285714285714285,0.01146511361002922,0.03771521061783363,0.5935412295486421
CEBPE_POU3F2,CEBPE,POU3F2,0.1332541,0.2857142857142857,0.011227876879274845,0.03764987071904019,0.5925129461787991
IRF1_SLC38A2,IRF1,SLC38A2,0.08817852,0.42857142857142855,0.004360230173915625,0.037626734299836685,0.5921488379456369
CSRNP1_ETS2,CSRNP1,ETS2,0.26559818,0.14285714285714285,0.01039397157728672,0.03755227951828902,0.5909771095670425
CEBPE_TBX2,CEBPE,TBX2,0.26645225,0.14285714285714285,0.013774886727333069,0.03754739641953431,0.5909002620460716
CKS1B_STIL,CKS1B,STIL,0.26454017,0.14285714285714285,0.006889069452881813,0.03753288558199649,0.5906718984703978
FEV_KIF18B,FEV,KIF18B,0.13259624,0.2857142857142857,0.010076060891151428,0.037506719849142306,0.5902601165660707
CBFA2T3_TGFBR2,CBFA2T3,TGFBR2,0.13250984,0.2857142857142857,0.01003868505358696,0.03748366826392865,0.5898973434035554
CKS1B_SPI1,CKS1B,SPI1,0.2646546,0.14285714285714285,0.008961795829236507,0.037471984664227805,0.5897134733410954
CDKN1C_OSR2,CDKN1C,OSR2,0.26581916,0.14285714285714285,0.014248592779040337,0.03744068888927228,0.589220957657304
ETS2_JUN,ETS2,JUN,0.26428953,0.14285714285714285,0.008684873580932617,0.03743056713231962,0.5890616670165132
FOXA1_RUNX1T1,FOXA1,RUNX1T1,0.13214733,0.2857142857142857,0.009019063785672188,0.03741889575396778,0.5888779892869183
FOXL2_HK2,FOXL2,HK2,0.26407516,0.14285714285714285,0.008516042493283749,0.037406467791698005,0.5886824048559806
MAML2_TBX2,MAML2,TBX2,0.26490882,0.14285714285714285,0.011822517961263657,0.03740193218364451,0.5886110259524368
LYL1_OSR2,LYL1,OSR2,0.26518777,0.14285714285714285,0.013404629193246365,0.03738286373463416,0.5883109371955193
ETS2_NCL,ETS2,NCL,0.2642544,0.14285714285714285,0.010647624731063843,0.037352907570912225,0.5878395035761171
RUNX1T1_UBASH3A,RUNX1T1,UBASH3A,0.08788595,0.42857142857142855,0.008558169938623905,0.03734579695996572,0.5877276006940997
HOXB9_ZNF318,HOXB9,ZNF318,0.26413754,0.14285714285714285,0.010619617998600006,0.03733742456935162,0.5875958406180469
BCL2L11_SLC38A2,BCL2L11,SLC38A2,0.087518394,0.42857142857142855,0.004613636061549187,0.037335630130468415,0.5875676007264053
MAP7D1_SLC38A2,MAP7D1,SLC38A2,0.08738155,0.42857142857142855,0.0042728241533041,0.03728990216800818,0.586847959217879
MAP4K3_SLC38A2,MAP4K3,SLC38A2,0.087356396,0.42857142857142855,0.004197738599032164,0.03728195553312211,0.5867228994511752
CDKN1B_SNAI1,CDKN1B,SNAI1,0.26413217,0.14285714285714285,0.012112818658351898,0.03728158236343219,0.5867170267119551
PTPN13_SLC38A2,PTPN13,SLC38A2,0.08732481,0.42857142857142855,0.004162452649325132,0.037269786140642705,0.5865313842493041
BCORL1_SNAI1,BCORL1,SNAI1,0.26399463,0.14285714285714285,0.012521810829639435,0.03724711780143524,0.5861746424015293
JUN_TBX2,JUN,TBX2,0.26345465,0.14285714285714285,0.011601709760725498,0.03720473939356332,0.585507714339812
FOXL2_RREB1,FOXL2,RREB1,0.26309538,0.14285714285714285,0.010261224582791328,0.03720330268107258,0.5854851041492736
RUNX1T1_SLC4A1,RUNX1T1,SLC4A1,0.08751513,0.42857142857142855,0.008522788994014263,0.03718952607607036,0.5852682955211876
SNAI1_TMSB4X,SNAI1,TMSB4X,0.26442626,0.14285714285714285,0.0164114311337471,0.037165245305612375,0.5848861781177334
CDKN1B_SLC38A2,CDKN1B,SLC38A2,0.13114211,0.2857142857142857,0.008241787552833557,0.03716288557296934,0.5848490419439878
JUN_SLC38A2,JUN,SLC38A2,0.08736454,0.42857142857142855,0.008026832714676857,0.03714379844522871,0.5845486592314921
ELMSAN1_HNF4A,ELMSAN1,HNF4A,0.26271215,0.14285714285714285,0.012206220999360085,0.0370777283129365,0.5835088838487023
CKS1B_MAP7D1,CKS1B,MAP7D1,0.26032367,0.14285714285714285,0.0036908078473061323,0.03705234313358856,0.583109385865908
FEV_MEIS1,FEV,MEIS1,0.13078836,0.2857142857142857,0.009388897567987442,0.03702051986415328,0.582608568764281
CITED1_ZNF318,CITED1,ZNF318,0.26199362,0.14285714285714285,0.011137750931084156,0.037015391336305575,0.5825278588153072
CITED1_NCL,CITED1,NCL,0.2624311,0.14285714285714285,0.013000473380088806,0.03700902023330668,0.5824275939024088
MAML2_NCL,MAML2,NCL,0.065367274,0.5714285714285714,0.009317895397543907,0.037007892322648034,0.5824098434651663
FEV_SLC4A1,FEV,SLC4A1,0.13098997,0.2857142857142857,0.011382783763110638,0.037004491242692755,0.5823563191404872
SLC38A2_TSC22D1,SLC38A2,TSC22D1,0.08697761,0.42857142857142855,0.007443394977599382,0.03700070705234942,0.5822967656353514
CKS1B_ETS2,CKS1B,ETS2,0.26293913,0.14285714285714285,0.015278930775821209,0.03699745069754657,0.5822455189154772
CNNM4_TMSB4X,CNNM4,TMSB4X,0.26319253,0.14285714285714285,0.016385894268751144,0.03699277381199683,0.5821719166644443
MAP2K6_SLC38A2,MAP2K6,SLC38A2,0.08661157,0.42857142857142855,0.004125039093196392,0.036966754518646935,0.5817624393444482
ARRDC3_MAP2K3,ARRDC3,MAP2K3,0.1303075,0.2857142857142857,0.007621036376804113,0.036949122420804247,0.5814849550917651
HNF4A_ZC3HAV1,HNF4A,ZC3HAV1,0.26151103,0.14285714285714285,0.01253421138972044,0.036896252826577075,0.5806529225126207
CNN1_COL1A1,CNN1,COL1A1,0.2632746,0.14285714285714285,0.021302638575434685,0.03682616411328533,0.5795499049135356
PLK4_SNAI1,PLK4,SNAI1,0.2604356,0.14285714285714285,0.010468273423612118,0.036819649132603834,0.5794473757328461
BCORL1_CKS1B,BCORL1,CKS1B,0.26003703,0.14285714285714285,0.009152181446552277,0.036811244631287425,0.5793151103162313
FOXA3_RREB1,FOXA3,RREB1,0.2602337,0.14285714285714285,0.010081487707793713,0.03680519180769645,0.5792198543095015
CSRNP1_MAPK1,CSRNP1,MAPK1,0.08630678,0.42857142857142855,0.005064513999968767,0.03680223481371548,0.5791733187654999
CBFA2T3_SAMD1,CBFA2T3,SAMD1,0.2603275,0.14285714285714285,0.010787080973386765,0.036792754744476686,0.5790241266528212
GLB1L2_SLC38A2,GLB1L2,SLC38A2,0.086172745,0.42857142857142855,0.004191976506263018,0.03677700791759619,0.5787763117570528
CBFA2T3_MAML2,CBFA2T3,MAML2,0.12972017,0.2857142857142857,0.008163601160049438,0.03676278792628664,0.5785525253592634
ETS2_HK2,ETS2,HK2,0.25920898,0.14285714285714285,0.008277918212115765,0.03672584038593439,0.5779710653018958
CITED1_RHOXF2,CITED1,RHOXF2,0.25904304,0.14285714285714285,0.009150885045528412,0.03667058000799229,0.5771014078843241
CNNM4_LYL1,CNNM4,LYL1,0.25984594,0.14285714285714285,0.013132990337908268,0.0366396605856635,0.5766148150310607
HNF4A_SLC38A2,HNF4A,SLC38A2,0.25927314,0.14285714285714285,0.011216474696993828,0.03662818116456268,0.5764341582190458
COL1A1_ELMSAN1,COL1A1,ELMSAN1,0.2605639,0.14285714285714285,0.01717561110854149,0.036594876350590916,0.5759100253848162
AHR_NCL,AHR,NCL,0.25877368,0.14285714285714285,0.010248247534036636,0.0365926585913485,0.5758751235103199
FOXL2_TMSB4X,FOXL2,TMSB4X,0.25952888,0.14285714285714285,0.013203722424805164,0.03659239775870064,0.5758710186696474
POU3F2_ZC3HAV1,POU3F2,ZC3HAV1,0.12931134,0.2857142857142857,0.009705765172839165,0.03659095338953791,0.5758482879826189
KMT2A_MAML2,KMT2A,MAML2,0.08594843,0.42857142857142855,0.007590338587760925,0.03655755719228442,0.575322717008591
MEIS1_SNAI1,MEIS1,SNAI1,0.25855616,0.14285714285714285,0.010569412261247635,0.03655027894083078,0.5752081758925268
CELF2_CITED1,CELF2,CITED1,0.25794587,0.14285714285714285,0.009338992647826672,0.036508457129099975,0.5745500072345765
HK2_SNAI1,HK2,SNAI1,0.25766513,0.14285714285714285,0.009861283004283905,0.036449861530805316,0.57362786195451
COL1A1_PTPN12,COL1A1,PTPN12,0.259674,0.14285714285714285,0.017736384645104408,0.036449799852574835,0.5736268912964609
CITED1_TGFBR2,CITED1,TGFBR2,0.25772095,0.14285714285714285,0.011471129022538662,0.03639973215684653,0.5728389534539716
AHR_PLK4,AHR,PLK4,0.25644034,0.14285714285714285,0.006797893438488245,0.036386979685637984,0.5726382620799368
AHR_CDKN1A,AHR,CDKN1A,0.25677875,0.14285714285714285,0.009909279644489288,0.03632274587415414,0.5716273857034786
CITED1_MAP4K5,CITED1,MAP4K5,0.25658274,0.14285714285714285,0.01063589844852686,0.03626892411611993,0.5707803684943266
MAML2_OSR2,MAML2,OSR2,0.25624633,0.14285714285714285,0.009854135103523731,0.03624941173560294,0.5704732933876587
FOXO4_SLC38A2,FOXO4,SLC38A2,0.08490258,0.42857142857142855,0.00410036277025938,0.03623822887354576,0.5702973036586725
CSRNP1_HNF4A,CSRNP1,HNF4A,0.2566304,0.14285714285714285,0.01216568797826767,0.036220833058482164,0.5700235378943375
OSR2_SGK1,OSR2,SGK1,0.25636998,0.14285714285714285,0.0132108423858881,0.036146753534785886,0.5688577151172991
ETS2_LYL1,ETS2,LYL1,0.2562951,0.14285714285714285,0.01336947362869978,0.03613054150045199,0.5686025790426387
HK2_OSR2,HK2,OSR2,0.25464782,0.14285714285714285,0.00735694682225585,0.03611258182560509,0.5683199395633332
BPGM_COL1A1,BPGM,COL1A1,0.25760758,0.14285714285714285,0.019300848245620728,0.0361042402845673,0.5681886649809355
NIT1_UBASH3A,NIT1,UBASH3A,0.25520775,0.14285714285714285,0.011651135981082916,0.036038361749717585,0.5671519048532571
MAML2_POU3F2,MAML2,POU3F2,0.12715903,0.2857142857142857,0.008575571700930595,0.0360222399117732,0.5668981882397385
ARID1A_CDKN1A,ARID1A,CDKN1A,0.25563383,0.14285714285714285,0.014422369189560413,0.0359999146577518,0.5665468456778178
OSR2_ZNF318,OSR2,ZNF318,0.2539373,0.14285714285714285,0.008134359493851662,0.035984050514205106,0.5662971845169177
FEV_NCL,FEV,NCL,0.12749852,0.2857142857142857,0.01239820010960102,0.0359820367652212,0.5662654932436004
HK2_JUN,HK2,JUN,0.06345766,0.5714285714285714,0.008330714888870716,0.03596193161629478,0.5659490894739129
ISL2_RUNX1T1,ISL2,RUNX1T1,0.12702098,0.2857142857142857,0.009330914355814457,0.035956205692148455,0.565858978030746
HOXC13_SLC38A2,HOXC13,SLC38A2,0.084218234,0.42857142857142855,0.004129772540181875,0.0359450837617446,0.5656839472105883
SLC38A2_TBX2,SLC38A2,TBX2,0.2546283,0.14285714285714285,0.012754329480230808,0.03591736955841859,0.5652477963301182
CITED1_PRTG,CITED1,PRTG,0.2537696,0.14285714285714285,0.01197828259319067,0.035823694570312134,0.5637735909178232
HK2_ISL2,HK2,ISL2,0.1263302,0.2857142857142857,0.008216215297579765,0.03580019980993729,0.563403843308506
BAK1_FOXA1,BAK1,FOXA1,0.12618765,0.2857142857142857,0.007499821484088898,0.03578523210444201,0.5631682897963379
ARRDC3_SGK1,ARRDC3,SGK1,0.25259125,0.14285714285714285,0.009007486514747143,0.03576233586014182,0.5628079613036328
OSR2_RREB1,OSR2,RREB1,0.25261697,0.14285714285714285,0.00976723525673151,0.03573906694404231,0.5624417679072359
MAPK1_SLC38A2,MAPK1,SLC38A2,0.08367509,0.42857142857142855,0.004384014289826155,0.03570422353023366,0.5618934214354844
ARID1A_ELMSAN1,ARID1A,ELMSAN1,0.2535741,0.14285714285714285,0.015586823225021362,0.035668906926955395,0.561337628168262
HNF4A_MAP2K3,HNF4A,MAP2K3,0.252903,0.14285714285714285,0.013159395195543766,0.03565974143015863,0.5611933866235628
CKS1B_DLX2,CKS1B,DLX2,0.25138283,0.14285714285714285,0.007367431651800871,0.0356491895693754,0.561027327245378
PTPN13_RUNX1T1,PTPN13,RUNX1T1,0.08361413,0.42857142857142855,0.005545173771679401,0.03563701511493958,0.5608357323812224
FOXL2_PLK4,FOXL2,PLK4,0.25132102,0.14285714285714285,0.007819737307727337,0.035624428859177264,0.56063765681441
FOXL2_LYL1,FOXL2,LYL1,0.2522616,0.14285714285714285,0.012810842134058475,0.03558154315899465,0.5599627452654763
AHR_ARRDC3,AHR,ARRDC3,0.25093517,0.14285714285714285,0.007576257921755314,0.035578330403041626,0.5599121846803076
MAP2K3_UBASH3A,MAP2K3,UBASH3A,0.12544483,0.2857142857142857,0.007538540754467249,0.03557320975533752,0.5598315987446972
BCORL1_SLC6A9,BCORL1,SLC6A9,0.12562878,0.2857142857142857,0.00945543684065342,0.0355577245524107,0.5595879011427368
CNNM4_NIT1,CNNM4,NIT1,0.25278735,0.14285714285714285,0.016628427430987358,0.03552180701108104,0.5590226506431655
CEBPE_FOXA1,CEBPE,FOXA1,0.12568818,0.2857142857142857,0.011017813347280025,0.03551956077418846,0.5589873006030825
CSRNP1_NCL,CSRNP1,NCL,0.083720125,0.42857142857142855,0.010171049274504185,0.03551879031551677,0.5589751755485005
CDKN1A_ZNF318,CDKN1A,ZNF318,0.08365337,0.42857142857142855,0.009365989826619625,0.035518774967494934,0.5589749340097792
ETS2_MAP2K3,ETS2,MAP2K3,0.25121906,0.14285714285714285,0.010708442889153957,0.03550820018016953,0.5588085138262904
PTPN9_SNAI1,PTPN9,SNAI1,0.250779,0.14285714285714285,0.00897202268242836,0.03550700221430422,0.5587896608987578
KMT2A_STIL,KMT2A,STIL,0.12516095,0.2857142857142857,0.007395384833216667,0.035497751167135196,0.5586440730093793
MAP2K6_RUNX1T1,MAP2K6,RUNX1T1,0.083147526,0.42857142857142855,0.0055504427291452885,0.03543795755501877,0.557703074047068
RHOXF2_SLC38A2,RHOXF2,SLC38A2,0.08304327,0.42857142857142855,0.004730840213596821,0.03542239508589179,0.55745816047217
GLB1L2_RUNX1T1,GLB1L2,RUNX1T1,0.08298152,0.42857142857142855,0.005705471616238356,0.035361752837630225,0.5565038061412215
AHR_TSC22D1,AHR,TSC22D1,0.24924606,0.14285714285714285,0.008241545408964157,0.035315525613194,0.5557763075224674
FEV_HK2,FEV,HK2,0.12472978,0.2857142857142857,0.009307831525802612,0.03530843569848197,0.5556647303463986
IRF1_RUNX1T1,IRF1,RUNX1T1,0.08283181,0.42857142857142855,0.005587003659456968,0.03530211300881555,0.5555652273358842
FOXF1_RUNX1T1,FOXF1,RUNX1T1,0.08281039,0.42857142857142855,0.005527436267584562,0.03529507458837144,0.5554544605482661
FOSB_RUNX1T1,FOSB,RUNX1T1,0.08278693,0.42857142857142855,0.005723587237298489,0.03527819613298275,0.5551888367057852
CEBPE_RREB1,CEBPE,RREB1,0.12478841,0.2857142857142857,0.011143887415528297,0.03526088833356155,0.5549164560831942
JUN_SLC6A9,JUN,SLC6A9,0.12431154,0.2857142857142857,0.009563852101564407,0.035181114891982605,0.5536610255599531
MAP4K3_RUNX1T1,MAP4K3,RUNX1T1,0.08252753,0.42857142857142855,0.005542101338505745,0.03517400488909259,0.553549132247194
ARID1A_CEBPE,ARID1A,CEBPE,0.24970831,0.14285714285714285,0.015447956509888172,0.03512993004977149,0.552855506680897
FEV_FOXL2,FEV,FOXL2,0.2483658,0.14285714285714285,0.01030891202390194,0.03511879267776101,0.5526802328492321
ISL2_ZC3HAV1,ISL2,ZC3HAV1,0.12397711,0.2857142857142857,0.008796936832368374,0.035113143265237894,0.552591325503886
SLC38A2_SNAI1,SLC38A2,SNAI1,0.2488764,0.14285714285714285,0.0130845308303833,0.0350945743656392,0.5522990983807008
IRF1_TGFBR2,IRF1,TGFBR2,0.123403,0.2857142857142857,0.006359109655022621,0.03503520666513624,0.5513648021809775
KIF18B_RUNX1T1,KIF18B,RUNX1T1,0.082194045,0.42857142857142855,0.006169280968606472,0.035010032637386786,0.5509686271858407
ELMSAN1_RUNX1T1,ELMSAN1,RUNX1T1,0.123504385,0.2857142857142857,0.009031647816300392,0.034971120400270374,0.5503562478119962
SNAI1_UBASH3A,SNAI1,UBASH3A,0.24686703,0.14285714285714285,0.00968805979937315,0.03492833093534799,0.5496828507606285
CDKN1B_OSR2,CDKN1B,OSR2,0.24657409,0.14285714285714285,0.010242462158203125,0.03486773835663768,0.548729278101744
FOXO4_RUNX1T1,FOXO4,RUNX1T1,0.08165659,0.42857142857142855,0.005520819220691919,0.03480353743476909,0.5477189193239511
ETS2_PTPN1,ETS2,PTPN1,0.24686101,0.14285714285714285,0.013559989631175995,0.03479405170393535,0.5475696381122066
CELF2_MEIS1,CELF2,MEIS1,0.122474894,0.2857142857142857,0.005738378502428532,0.034793170455078994,0.5475557695026676
EGR1_TMSB4X,EGR1,TMSB4X,0.24632299,0.14285714285714285,0.012543792836368084,0.03475306326875697,0.5469245846758207
MEIS1_NIT1,MEIS1,NIT1,0.24617578,0.14285714285714285,0.012089221738278866,0.034747893706948856,0.5468432289569596
MAPK1_RUNX1T1,MAPK1,RUNX1T1,0.08148924,0.42857142857142855,0.005690471734851599,0.0347263517966391,0.5465042142272888
KIF2C_SLC38A2,KIF2C,SLC38A2,0.08175788,0.42857142857142855,0.00904126837849617,0.034725132506381644,0.5464850257082078
KIF18B_NIT1,KIF18B,NIT1,0.24540532,0.14285714285714285,0.009795787744224072,0.03471781399924059,0.5463698510702885
TMSB4X_UBASH3A,TMSB4X,UBASH3A,0.24473067,0.14285714285714285,0.007529627997428179,0.0347002438268201,0.5460933413658215
ISL2_TMSB4X,ISL2,TMSB4X,0.24444331,0.14285714285714285,0.007385046686977148,0.03466447442191897,0.5455304221558411
NIT1_RUNX1T1,NIT1,RUNX1T1,0.2453706,0.14285714285714285,0.013412757776677608,0.034589008386950726,0.5443427792274191
ETS2_PTPN9,ETS2,PTPN9,0.24417353,0.14285714285714285,0.008898724801838398,0.0345742655207503,0.5441107641123415
CELF2_FEV,CELF2,FEV,0.12218088,0.2857142857142857,0.009745500981807709,0.03457190209874185,0.5440735698773934
FEV_MAP4K5,FEV,MAP4K5,0.12175653,0.2857142857142857,0.009112697094678879,0.03447343440535375,0.5425239395068618
RREB1_SNAI1,RREB1,SNAI1,0.24370933,0.14285714285714285,0.010896317660808563,0.034440345030260326,0.5420031971311409
MAPK1_NIT1,MAPK1,NIT1,0.24289165,0.14285714285714285,0.009127488359808922,0.034384959450323986,0.5411315693534842
GLB1L2_MAP2K3,GLB1L2,MAP2K3,0.12082228,0.2857142857142857,0.0042346385307610035,0.03437508555118972,0.54097617936264
BCL2L11_RUNX1T1,BCL2L11,RUNX1T1,0.080652736,0.42857142857142855,0.005884197540581226,0.03436325814126306,0.5407900460939866
NIT1_PTPN9,NIT1,PTPN9,0.24369888,0.14285714285714285,0.01321404054760933,0.03436009010138203,0.5407401892257512
MAP7D1_RUNX1T1,MAP7D1,RUNX1T1,0.08057908,0.42857142857142855,0.005568726919591427,0.034342646474769666,0.5404656710295729
KIF18B_SNAI1,KIF18B,SNAI1,0.24257424,0.14285714285714285,0.009154369123280048,0.0343391106397847,0.540410026004394
BCORL1_FOXA3,BCORL1,FOXA3,0.24233216,0.14285714285714285,0.008752038702368736,0.0343185230258227,0.540086029465483
HOXC13_RUNX1T1,HOXC13,RUNX1T1,0.080507115,0.42857142857142855,0.0054177273996174335,0.03431712823818623,0.5400640790652294
FEV_SPI1,FEV,SPI1,0.121401906,0.2857142857142857,0.011355316266417503,0.03429680776193154,0.5397442865925467
FOXF1_MAP2K3,FOXF1,MAP2K3,0.12048646,0.2857142857142857,0.004084043670445681,0.034284682893869864,0.5395534720914595
RHOXF2_RUNX1T1,RHOXF2,RUNX1T1,0.08045673,0.42857142857142855,0.006107334513217211,0.03427214584240323,0.5393561708747747
FOXO4_NIT1,FOXO4,NIT1,0.24206181,0.14285714285714285,0.009027392603456974,0.0342708816826597,0.5393362762244142
FOXL2_PRTG,FOXL2,PRTG,0.24221231,0.14285714285714285,0.0097347442060709,0.034268166795179064,0.5392935508192807
FOSB_TGFBR2,FOSB,TGFBR2,0.12068373,0.2857142857142857,0.006578721106052399,0.03425570687208078,0.5390974634064123
CELF2_RUNX1T1,CELF2,RUNX1T1,0.08041056,0.42857142857142855,0.006672546733170748,0.03423324668551452,0.5387439973503556
FOXA1_MAML2,FOXA1,MAML2,0.12078036,0.2857142857142857,0.0083072604611516,0.03422436462577404,0.5386042163820691
MAP2K3_PTPN13,MAP2K3,PTPN13,0.12021974,0.2857142857142857,0.004166498780250549,0.034205977206644395,0.5383148452986348
ARRDC3_NIT1,ARRDC3,NIT1,0.24220577,0.14285714285714285,0.011558002792298794,0.03420547711762312,0.5383069751728232
HOXC13_NIT1,HOXC13,NIT1,0.24150771,0.14285714285714285,0.008966234512627125,0.03419450533559445,0.5381343073051658
NIT1_POU3F2,NIT1,POU3F2,0.24229458,0.14285714285714285,0.012895739637315273,0.034172827505861945,0.537793153550418
MAP7D1_NIT1,MAP7D1,NIT1,0.24128856,0.14285714285714285,0.008981739170849323,0.034162951232531345,0.5376377261957784
CLDN6_OSR2,CLDN6,OSR2,0.24259487,0.14285714285714285,0.01573939435184002,0.03411939115397117,0.5369522016510575
PRTG_SNAI1,PRTG,SNAI1,0.24125223,0.14285714285714285,0.010649793781340122,0.03410143088169958,0.5366695527698111
FOXO4_MAP2K3,FOXO4,MAP2K3,0.119825095,0.2857142857142857,0.004163858946412802,0.03409377972122736,0.536549143016829
CDKN1C_TSC22D1,CDKN1C,TSC22D1,0.24048717,0.14285714285714285,0.007992275059223175,0.034082910461863285,0.5363780885944475
HOXC13_SGK1,HOXC13,SGK1,0.24028172,0.14285714285714285,0.007208486553281546,0.03408029209968364,0.5363368822513818
MAPK1_SNAI1,MAPK1,SNAI1,0.24035253,0.14285714285714285,0.008645527064800262,0.034041766175921896,0.5357305824645199
CELF2_SNAI1,CELF2,SNAI1,0.24046125,0.14285714285714285,0.009133071638643742,0.034040710209197134,0.5357139642413175
MAP7D1_SNAI1,MAP7D1,SNAI1,0.24025726,0.14285714285714285,0.008513023145496845,0.0340327446263757,0.5355886062824341
FOXO4_SNAI1,FOXO4,SNAI1,0.24005991,0.14285714285714285,0.00831060390919447,0.0340116161023677,0.5352560971988887
NIT1_ZNF318,NIT1,ZNF318,0.24076177,0.14285714285714285,0.011582523584365845,0.03400072463335349,0.5350846932532555
FOXF1_NIT1,FOXF1,NIT1,0.24001053,0.14285714285714285,0.00901483278721571,0.03398088652665032,0.5347724920471207
FOSB_MAP2K3,FOSB,MAP2K3,0.1194382,0.2857142857142857,0.004474674351513386,0.033973181416203646,0.5346512332591301
FOXL2_KIF18B,FOXL2,KIF18B,0.23929122,0.14285714285714285,0.007261417340487242,0.033938021987693384,0.5340979135219114
MAP2K6_NIT1,MAP2K6,NIT1,0.23960426,0.14285714285714285,0.009012569673359394,0.03392344324671543,0.5338684813192649
GLB1L2_SNAI1,GLB1L2,SNAI1,0.23942739,0.14285714285714285,0.008307582698762417,0.03392210186407492,0.5338473713774482
HOXC13_SNAI1,HOXC13,SNAI1,0.23929968,0.14285714285714285,0.008440421894192696,0.033899542808526466,0.5334923493757588
GLB1L2_NIT1,GLB1L2,NIT1,0.23939885,0.14285714285714285,0.009068090468645096,0.03389249578072362,0.5333814471302656
FOXA3_STIL,FOXA3,STIL,0.23871799,0.14285714285714285,0.007111334707587957,0.03386176737177603,0.5328978603404785
NIT1_PTPN13,NIT1,PTPN13,0.23913355,0.14285714285714285,0.009021954610943794,0.03385648429494834,0.5328147181847079
HOXC13_MAP2K3,HOXC13,MAP2K3,0.11897209,0.2857142857142857,0.004130757879465818,0.033852191327336724,0.5327471578229104
MAP2K6_SNAI1,MAP2K6,SNAI1,0.23883256,0.14285714285714285,0.008279258385300636,0.03383877761126362,0.5325360601410885
FEV_SNAI1,FEV,SNAI1,0.23963052,0.14285714285714285,0.011713653802871704,0.03383658147639577,0.5325014985790989
MEIS1_PRTG,MEIS1,PRTG,0.119396314,0.2857142857142857,0.008382751606404781,0.03382964705039426,0.5323923683987891
IRF1_MAP2K3,IRF1,MAP2K3,0.118907236,0.2857142857142857,0.004301044158637524,0.03382800015263124,0.5323664504281032
PTPN13_SNAI1,PTPN13,SNAI1,0.23867446,0.14285714285714285,0.008302848786115646,0.033815585994528295,0.5321710832395464
MAP4K3_NIT1,MAP4K3,NIT1,0.23878863,0.14285714285714285,0.008989665657281876,0.03380873287213324,0.5320632325706525
CNNM4_MAPK1,CNNM4,MAPK1,0.23783262,0.14285714285714285,0.004991190508008003,0.03380734975394105,0.5320414658176912
CNNM4_MAP7D1,CNNM4,MAP7D1,0.23759644,0.14285714285714285,0.004654797725379467,0.03378508545180353,0.5316910824829764
NIT1_ZC3HAV1,NIT1,ZC3HAV1,0.23981066,0.14285714285714285,0.014182488434016705,0.03377958717859837,0.5316045536850424
FOXF1_SNAI1,FOXF1,SNAI1,0.23831639,0.14285714285714285,0.008304057642817497,0.03376481317907558,0.5313720486108706
BAK1_POU3F2,BAK1,POU3F2,0.11901845,0.2857142857142857,0.007328765466809273,0.03375786803944275,0.5312627498253268
BAK1_PTPN9,BAK1,PTPN9,0.1188937,0.2857142857142857,0.00703277625143528,0.033732395568926474,0.5308618781021627
PRTG_SGK1,PRTG,SGK1,0.23852274,0.14285714285714285,0.010392140597105026,0.03372421015487387,0.530733060560339
MAP4K5_STIL,MAP4K5,STIL,0.11867902,0.2857142857142857,0.005628709681332111,0.03371849888134572,0.5306431796805386
MAP4K3_SNAI1,MAP4K3,SNAI1,0.23794484,0.14285714285714285,0.00831171590834856,0.03371191632660831,0.530539587056544
NIT1_RHOXF2,NIT1,RHOXF2,0.23791708,0.14285714285714285,0.009473822079598904,0.0336691785530484,0.5298670034953925
BCORL1_MAP4K5,BCORL1,MAP4K5,0.11868827,0.2857142857142857,0.007894628681242466,0.03364531712858952,0.5294914855285008
CITED1_DLX2,CITED1,DLX2,0.23774076,0.14285714285714285,0.011028612963855267,0.033592486479718325,0.5286600658499365
OSR2_TGFBR2,OSR2,TGFBR2,0.23731042,0.14285714285714285,0.009218319319188595,0.03359182900048079,0.5286497188035153
NIT1_SGK1,NIT1,SGK1,0.23860085,0.14285714285714285,0.015589015558362007,0.03356262740847627,0.5281901602185515
FEV_MAPK1,FEV,MAPK1,0.11857999,0.2857142857142857,0.009501510299742222,0.03356111618371622,0.5281663773949238
ARID1A_JUN,ARID1A,JUN,0.23809876,0.14285714285714285,0.013677267357707024,0.033555164963118736,0.5280727203601921
CELF2_FOXL2,CELF2,FOXL2,0.23649539,0.14285714285714285,0.007232172880321741,0.033542470842661425,0.5278729472781692
CKS1B_CSRNP1,CKS1B,CSRNP1,0.23711103,0.14285714285714285,0.010789825581014156,0.033511422172518894,0.5273843203939398
KIF2C_TMSB4X,KIF2C,TMSB4X,0.2369092,0.14285714285714285,0.010157433338463306,0.033503857625410534,0.5272652737144138
ISL2_RREB1,ISL2,RREB1,0.118096724,0.2857142857142857,0.008194721303880215,0.03346766301534422,0.5266956628595394
RHOXF2_SNAI1,RHOXF2,SNAI1,0.23599769,0.14285714285714285,0.008541908115148544,0.0334284135275732,0.5260779760204859
BAK1_NIT1,BAK1,NIT1,0.23650005,0.14285714285714285,0.01130412146449089,0.033408073168417415,0.5257578706416477
DLX2_TGFBR2,DLX2,TGFBR2,0.11797865,0.2857142857142857,0.009135766886174679,0.03340302272856253,0.5256783895985321
FEV_NIT1,FEV,NIT1,0.2367144,0.14285714285714285,0.012479986995458603,0.033399516313674577,0.5256232075706497
CDKN1C_ISL2,CDKN1C,ISL2,0.23575334,0.14285714285714285,0.009063617326319218,0.03337653677290821,0.5252615682039989
NIT1_PRTG,NIT1,PRTG,0.23639213,0.14285714285714285,0.01191045343875885,0.03337281824324052,0.5252030480304425
MAP4K5_SNAI1,MAP4K5,SNAI1,0.23582986,0.14285714285714285,0.00990817416459322,0.033359448767576044,0.5249926465798256
EGR1_FOXL2,EGR1,FOXL2,0.23625037,0.14285714285714285,0.012488039210438728,0.033333779418573094,0.5245886764913829
FOXL2_MAP2K6,FOXL2,MAP2K6,0.23457812,0.14285714285714285,0.006276370957493782,0.033302143071863355,0.5240908010767446
SLC4A1_SNAI1,SLC4A1,SNAI1,0.23563035,0.14285714285714285,0.010870160534977913,0.03329950734157224,0.5240493214038986
CKS1B_OSR2,CKS1B,OSR2,0.23667085,0.14285714285714285,0.01595359481871128,0.03327919881864999,0.5237297170461838
KMT2A_SLC4A1,KMT2A,SLC4A1,0.11749466,0.2857142857142857,0.008856800384819508,0.03327519046193714,0.523666635734086
MAP4K5_NIT1,MAP4K5,NIT1,0.23530705,0.14285714285714285,0.010911534540355206,0.03325245790438375,0.5233088832533231
CNNM4_IRF1,CNNM4,IRF1,0.23371375,0.14285714285714285,0.004929554648697376,0.033223898984436534,0.5228594386875267
FEV_GLB1L2,FEV,GLB1L2,0.11730399,0.2857142857142857,0.009272375144064426,0.033207513145550975,0.5226015673724791
SLC38A2_SLC4A1,SLC38A2,SLC4A1,0.078093685,0.42857142857142855,0.007986771874129772,0.033203533187764714,0.5225389329870597
FOXL2_FOXO4,FOXL2,FOXO4,0.2338421,0.14285714285714285,0.006393370218575001,0.03319379473464284,0.5223856745710209
GLB1L2_MEIS1,GLB1L2,MEIS1,0.116656676,0.2857142857142857,0.004508936777710915,0.033180868400663734,0.522182247040382
POU3F2_RUNX1T1,POU3F2,RUNX1T1,0.1171654,0.2857142857142857,0.00907526072114706,0.03317475943107297,0.5220861074388052
FOXL2_GLB1L2,FOXL2,GLB1L2,0.23355573,0.14285714285714285,0.006303148344159126,0.03315611695596203,0.521792722424698
IRF1_NIT1,IRF1,NIT1,0.23416816,0.14285714285714285,0.009224776178598404,0.033146821841971395,0.5216464410359315
FOXL2_PTPN13,FOXL2,PTPN13,0.23335277,0.14285714285714285,0.0062421406619250774,0.03312931152612702,0.5213708733213197
IRF1_SNAI1,IRF1,SNAI1,0.23380646,0.14285714285714285,0.008499635383486748,0.0331194200194096,0.5212152062320216
ARRDC3_SNAI1,ARRDC3,SNAI1,0.23369344,0.14285714285714285,0.008690291084349155,0.03309715265056837,0.5208647746352114
ARID1A_SLC38A2,ARID1A,SLC38A2,0.23476413,0.14285714285714285,0.01383957453072071,0.03307992067568371,0.5205935872974492
ARID1A_BAK1,ARID1A,BAK1,0.23434786,0.14285714285714285,0.012704684399068356,0.033058271520054146,0.5202528847999538
AHR_JUN,AHR,JUN,0.23356032,0.14285714285714285,0.009311117231845856,0.033057954045184586,0.5202478885551671
FOXL2_MAPK1,FOXL2,MAPK1,0.23288426,0.14285714285714285,0.006644594948738813,0.033049578655443106,0.520116081280498
CELF2_NIT1,CELF2,NIT1,0.23340407,0.14285714285714285,0.0101240873336792,0.033009250060840684,0.519481412051978
TMSB4X_TSC22D1,TMSB4X,TSC22D1,0.23200618,0.14285714285714285,0.007621032651513815,0.03289306052688428,0.5176528851071343
EGR1_SNAI1,EGR1,SNAI1,0.23340684,0.14285714285714285,0.013772568665444851,0.032890843140795205,0.5176179891051198
ARID1A_MAML2,ARID1A,MAML2,0.23315099,0.14285714285714285,0.013517457991838455,0.03286305909593242,0.5171807390969787
KIF2C_SNAI1,KIF2C,SNAI1,0.23282823,0.14285714285714285,0.012233402580022812,0.03285919589470089,0.5171199421619651
BCL2L11_NIT1,BCL2L11,NIT1,0.23216327,0.14285714285714285,0.009500441141426563,0.032854052769333446,0.5170390024852589
BCL2L11_SNAI1,BCL2L11,SNAI1,0.23182927,0.14285714285714285,0.008496353402733803,0.0328394516589368,0.5168092182450111
ARRDC3_MEIS1,ARRDC3,MEIS1,0.115687326,0.2857142857142857,0.006693781353533268,0.032833739724354744,0.5167193269619081
FOXL2_RUNX1T1,FOXL2,RUNX1T1,0.23225307,0.14285714285714285,0.010558913461863995,0.03283233686005761,0.5166972494556138
SNAI1_TSC22D1,SNAI1,TSC22D1,0.23210262,0.14285714285714285,0.01056608371436596,0.032810834776077984,0.5163588614908097
BCORL1_CSRNP1,BCORL1,CSRNP1,0.115737736,0.2857142857142857,0.00898660160601139,0.03277340311865038,0.515769782665326
MAP4K5_NCL,MAP4K5,NCL,0.11561126,0.2857142857142857,0.00954479817301035,0.03271948840668982,0.5149213025984348
CBFA2T3_FOXA1,CBFA2T3,FOXA1,0.23108174,0.14285714285714285,0.009259593673050404,0.032708806749686334,0.5147532005587643
KMT2A_SNAI1,KMT2A,SNAI1,0.2309783,0.14285714285714285,0.009569133631885052,0.03268414040808087,0.5143650152487755
KMT2A_NIT1,KMT2A,NIT1,0.23161106,0.14285714285714285,0.012380161322653294,0.032682677200368826,0.5143419880910249
ARRDC3_FOXL2,ARRDC3,FOXL2,0.230656,0.14285714285714285,0.008265906013548374,0.03268072108697747,0.5143112038549457
NCL_SNAI1,NCL,SNAI1,0.2314146,0.14285714285714285,0.012238218449056149,0.03265953422948083,0.5139777767510576
FEV_PRTG,FEV,PRTG,0.11553045,0.2857142857142857,0.0112508125603199,0.03264145810808502,0.5136933047000475
CDKN1A_TMSB4X,CDKN1A,TMSB4X,0.23050444,0.14285714285714285,0.00901411846280098,0.032635029447248255,0.5135921339735713
FOXL2_MAP4K3,FOXL2,MAP4K3,0.22981307,0.14285714285714285,0.006297306623309851,0.03262498888500169,0.5134341211303827
JUN_TMSB4X,JUN,TMSB4X,0.23024346,0.14285714285714285,0.008694122545421124,0.032608421153891114,0.5131733872955953
MAP7D1_MAPK1,MAP7D1,MAPK1,0.11464683,0.2857142857142857,0.00497995363548398,0.03259392083251463,0.5129451892174814
FOSB_SNAI1,FOSB,SNAI1,0.23004144,0.14285714285714285,0.008564106188714504,0.03258401054529379,0.5127892265709556
ELMSAN1_OSR2,ELMSAN1,OSR2,0.23037912,0.14285714285714285,0.010125906206667423,0.032581386721888005,0.5127479342821183
ATL1_OSR2,ATL1,OSR2,0.23122579,0.14285714285714285,0.014135977253317833,0.03257182099267585,0.5125973940999186
BCORL1_SGK1,BCORL1,SGK1,0.23038362,0.14285714285714285,0.010535379871726036,0.03256882076782248,0.5125501782122376
CNNM4_FOSB,CNNM4,FOSB,0.22893843,0.14285714285714285,0.005123901180922985,0.0325387646635595,0.512077171783599
FOXL2_KIF2C,FOXL2,KIF2C,0.2300585,0.14285714285714285,0.010612158104777336,0.032520389362339676,0.5117879914051608
DLX2_KMT2A,DLX2,KMT2A,0.11481867,0.2857142857142857,0.0091339610517025,0.0325084037507433,0.51159936844569
CNNM4_STIL,CNNM4,STIL,0.22914615,0.14285714285714285,0.007849296554923058,0.0324802178145985,0.5111557936937183
FEV_RHOXF2,FEV,RHOXF2,0.11464956,0.2857142857142857,0.009533662348985672,0.032447671025349255,0.5106435902354213
CEBPE_MAP2K3,CEBPE,MAP2K3,0.11464337,0.2857142857142857,0.009714105166494846,0.03244012255087262,0.5105247964981284
FOXL2_SLC6A9,FOXL2,SLC6A9,0.22937655,0.14285714285714285,0.01045507937669754,0.03242903111828264,0.5103502456357821
DLX2_NIT1,DLX2,NIT1,0.22924624,0.14285714285714285,0.011987539008259773,0.03236152832180341,0.5092879237724302
CEBPE_CKS1B,CEBPE,CKS1B,0.22880399,0.14285714285714285,0.010310922749340534,0.03235269843589808,0.5091489638872493
CBFA2T3_IGDCC3,CBFA2T3,IGDCC3,0.22916374,0.14285714285714285,0.01241157203912735,0.032336331873889686,0.5088913959410861
FOSB_SGK1,FOSB,SGK1,0.22810185,0.14285714285714285,0.007865007035434246,0.032331689542278115,0.5088183374809166
FOXL2_MAP7D1,FOXL2,MAP7D1,0.22766666,0.14285714285714285,0.006320296321064234,0.032319539667101084,0.5086271294316097
SNAI1_ZBTB25,SNAI1,ZBTB25,0.22798832,0.14285714285714285,0.00795483123511076,0.032312717444386845,0.508519765044888
CBL_SNAI1,CBL,SNAI1,0.22810595,0.14285714285714285,0.008539415895938873,0.03231064983395659,0.5084872261297687
CDKN1C_SPI1,CDKN1C,SPI1,0.22824408,0.14285714285714285,0.009426490403711796,0.03230180465405802,0.5083480255561388
FOXL2_RHOXF2,FOXL2,RHOXF2,0.22762749,0.14285714285714285,0.006738796830177307,0.032300545470928116,0.5083282092249847
BCORL1_RUNX1T1,BCORL1,RUNX1T1,0.1140592,0.2857142857142857,0.010011893697082996,0.03226530671422421,0.5077736410643097
KIF18B_NCL,KIF18B,NCL,0.11399917,0.2857142857142857,0.010169261135160923,0.03224330174332898,0.5074273389419728
NCL_STIL,NCL,STIL,0.11389354,0.2857142857142857,0.009688710793852806,0.03222875596519476,0.5071984254904212
FOXA3_PLK4,FOXA3,PLK4,0.22708032,0.14285714285714285,0.007419933099299669,0.032201114931696265,0.5067634261164302
FOXL2_HOXC13,FOXL2,HOXC13,0.22682033,0.14285714285714285,0.006358278449624777,0.03219817997644394,0.506717237405812
SNAI1_SPI1,SNAI1,SPI1,0.22778787,0.14285714285714285,0.011719398200511932,0.03216417906184646,0.5061821497230078
IGDCC3_OSR2,IGDCC3,OSR2,0.22843733,0.14285714285714285,0.015094660222530365,0.03214863221989129,0.50593748207994
CBFA2T3_CBL,CBFA2T3,CBL,0.22683144,0.14285714285714285,0.009816545993089676,0.03208948299389971,0.5050066241118477
FOXL2_SLC4A1,FOXL2,SLC4A1,0.22669913,0.14285714285714285,0.00989539921283722,0.03206826157069435,0.5046726530318578
FOXL2_SPI1,FOXL2,SPI1,0.2264564,0.14285714285714285,0.010270246304571629,0.032022040575019534,0.5039452524379229
NCL_PRTG,NCL,PRTG,0.113362156,0.2857142857142857,0.011972092092037201,0.0320060085057286,0.5036929485540717
MAP4K3_MEIS1,MAP4K3,MEIS1,0.11245623,0.2857142857142857,0.004337363410741091,0.03199159292378432,0.5034660840585086
MAP2K3_MEIS1,MAP2K3,MEIS1,0.112575226,0.2857142857142857,0.006783922202885151,0.03194761998348041,0.5027740621228679
ISL2_KMT2A,ISL2,KMT2A,0.11247445,0.2857142857142857,0.008017919957637787,0.031879945995865876,0.501709046147637
CBFA2T3_ZBTB25,CBFA2T3,ZBTB25,0.22548027,0.14285714285714285,0.0107542360201478,0.031868743633015596,0.5015327495259004
FOXL2_NCL,FOXL2,NCL,0.22514252,0.14285714285714285,0.01110874768346548,0.03180985006553803,0.5006059149708094
BAK1_SNAI1,BAK1,SNAI1,0.22503223,0.14285714285714285,0.010841180570423603,0.031802682130569825,0.5004931099548847
ETS2_RREB1,ETS2,RREB1,0.22472136,0.14285714285714285,0.010122044011950493,0.03178135872060923,0.5001575338634655
AHR_KIF2C,AHR,KIF2C,0.22455673,0.14285714285714285,0.009997077286243439,0.03176200551856512,0.4998529638200059
SNAI1_ZNF318,SNAI1,ZNF318,0.22459836,0.14285714285714285,0.01057657040655613,0.03174967773262934,0.4996589559090844
KIF2C_NCL,KIF2C,NCL,0.112284,0.2857142857142857,0.01079510897397995,0.0317385212721039,0.49948338167287554
DLX2_FOXL2,DLX2,FOXL2,0.2241753,0.14285714285714285,0.009311704896390438,0.03172958690375687,0.49934277750052525
CEBPE_UBASH3B,CEBPE,UBASH3B,0.11212124,0.2857142857142857,0.010082663968205452,0.03171486943003927,0.49911116199836847
CDKN1A_SGK1,CDKN1A,SGK1,0.22478004,0.14285714285714285,0.01304754987359047,0.03169785466031276,0.49884339291585456
BCL2L11_FOXL2,BCL2L11,FOXL2,0.22312956,0.14285714285714285,0.0066233123652637005,0.03166591753440839,0.49834078400377363
RUNX1T1_ZC3HAV1,RUNX1T1,ZC3HAV1,0.111880094,0.2857142857142857,0.009545288048684597,0.03166350382477405,0.49830279836984326
CSRNP1_NIT1,CSRNP1,NIT1,0.22449757,0.14285714285714285,0.012939291074872017,0.031661405513586226,0.49826977630309627
KIF2C_MEIS1,KIF2C,MEIS1,0.111795686,0.2857142857142857,0.008878158405423164,0.03166053735851881,0.49825611375640194
CITED1_RUNX1T1,CITED1,RUNX1T1,0.22442476,0.14285714285714285,0.012829799205064774,0.031654559008844424,0.4981620297791875
BCL2L11_MEIS1,BCL2L11,MEIS1,0.111325115,0.2857142857142857,0.004913543816655874,0.031651653916025084,0.49811631102710585
MAP2K6_MEIS1,MAP2K6,MEIS1,0.111120544,0.2857142857142857,0.004299865569919348,0.03161279619009024,0.49750478952023863
ZC3HAV1_ZNF318,ZC3HAV1,ZNF318,0.11155043,0.2857142857142857,0.008681045845150948,0.03159725364205826,0.497260189452571
CBFA2T3_UBASH3B,CBFA2T3,UBASH3B,0.22324438,0.14285714285714285,0.010255016386508942,0.0315683211961475,0.49680486654071637
AHR_CEBPE,AHR,CEBPE,0.22339123,0.14285714285714285,0.01096653938293457,0.03156685440154232,0.4967817829344156
MIDN_ZC3HAV1,MIDN,ZC3HAV1,0.22352129,0.14285714285714285,0.012445679865777493,0.03153908778299776,0.4963448071720807
FOXF1_MEIS1,FOXF1,MEIS1,0.11076155,0.2857142857142857,0.004288230091333389,0.03151103146070625,0.4959032722116041
MEIS1_NCL,MEIS1,NCL,0.111239426,0.2857142857142857,0.01022864319384098,0.0314608908693071,0.4951141871771623
MEIS1_SLC4A1,MEIS1,SLC4A1,0.11100651,0.2857142857142857,0.008384360000491142,0.03145243807569541,0.4949811617629803
FEV_MAP2K6,FEV,MAP2K6,0.1110762,0.2857142857142857,0.009172636084258556,0.0314475993350832,0.4949050123260451
OSR2_PTPN9,OSR2,PTPN9,0.22142465,0.14285714285714285,0.006605799775570631,0.031424509429260096,0.49454163609486673
FEV_PTPN13,FEV,PTPN13,0.11094855,0.2857142857142857,0.00916470680385828,0.03141170598753216,0.4943401425748475
SGK1_STIL,SGK1,STIL,0.22133486,0.14285714285714285,0.00934862345457077,0.03132640689331447,0.4929977523712141
CSRNP1_SLC4A1,CSRNP1,SLC4A1,0.073602885,0.42857142857142855,0.007982036098837852,0.031294301331877446,0.4924924927134125
FOXL2_IRF1,FOXL2,IRF1,0.2199283,0.14285714285714285,0.006470047868788242,0.031216356453775244,0.49126583911588695
FOXO4_MEIS1,FOXO4,MEIS1,0.10957579,0.2857142857142857,0.004204695578664541,0.031176282692599547,0.4906351803155986
TSC22D1_UBASH3A,TSC22D1,UBASH3A,0.07331029,0.42857142857142855,0.007867977023124695,0.031173425316124843,0.49059021249709
FEV_MAP4K3,FEV,MAP4K3,0.10957601,0.2857142857142857,0.009043058380484581,0.031026853555909565,0.4882835467951054
PLK4_SGK1,PLK4,SGK1,0.21920653,0.14285714285714285,0.009599467739462852,0.031017466951708067,0.4881358255837485
FEV_FOXF1,FEV,FOXF1,0.10944079,0.2857142857142857,0.009200869128108025,0.03098371960132361,0.4876047283549894
MAP4K5_PRTG,MAP4K5,PRTG,0.10931665,0.2857142857142857,0.008510555140674114,0.030969757897084924,0.48738500673698243
GLB1L2_PRTG,GLB1L2,PRTG,0.10930205,0.2857142857142857,0.00864235870540142,0.03096157648291437,0.48725625214310136
JUN_UBASH3B,JUN,UBASH3B,0.10920154,0.2857142857142857,0.007966705597937107,0.03095384073038218,0.4871345111268317
JUN_SNAI1,JUN,SNAI1,0.21907195,0.14285714285714285,0.011837663128972054,0.030929856279133562,0.4867570570320261
SNAI1_TGFBR2,SNAI1,TGFBR2,0.21841724,0.14285714285714285,0.011342056095600128,0.030852532018212447,0.4855401703661631
GLB1L2_MAP2K6,GLB1L2,MAP2K6,0.10826151,0.2857142857142857,0.004617818631231785,0.030789679054921887,0.4845510250186726
SGK1_TSC22D1,SGK1,TSC22D1,0.21701257,0.14285714285714285,0.01036667637526989,0.030683707549311566,0.48288330378082994
BCL2L11_FEV,BCL2L11,FEV,0.108370766,0.2857142857142857,0.00916067510843277,0.03068200810455502,0.4828565588544772
FEV_FOXO4,FEV,FOXO4,0.10826782,0.2857142857142857,0.009097032248973846,0.03065479558499342,0.4824283031970086
DLX2_PRTG,DLX2,PRTG,0.10843843,0.2857142857142857,0.010842526331543922,0.030650084852676313,0.4823541682841772
ETS2_SGK1,ETS2,SGK1,0.21714284,0.14285714285714285,0.013752195052802563,0.030599593459274106,0.4815595625208622
CDKN1C_JUN,CDKN1C,JUN,0.21531159,0.14285714285714285,0.008991711772978306,0.030484688589123607,0.4797512529080291
CEBPE_ELMSAN1,CEBPE,ELMSAN1,0.10748135,0.2857142857142857,0.009951653890311718,0.030406364381301794,0.47851862962812614
GLB1L2_PTPN13,GLB1L2,PTPN13,0.10690407,0.2857142857142857,0.004583109635859728,0.030404671229482833,0.4784919837365621
MAP2K6_PTPN13,MAP2K6,PTPN13,0.10680737,0.2857142857142857,0.004555061459541321,0.03037801867622712,0.478072540520659
DLX2_MEIS1,DLX2,MEIS1,0.10712584,0.2857142857142857,0.008225396275520325,0.03035767922441475,0.4777524494210921
FOXO4_PRTG,FOXO4,PRTG,0.107141145,0.2857142857142857,0.008485033176839352,0.030354199205170167,0.47769768279331926
CNNM4_SPI1,CNNM4,SPI1,0.21413271,0.14285714285714285,0.009341693483293056,0.03030726613676421,0.4769590759906042
BCORL1_KMT2A,BCORL1,KMT2A,0.10691969,0.2857142857142857,0.008460897952318192,0.030292184055271548,0.47672172249193184
FOXA3_UBASH3A,FOXA3,UBASH3A,0.21329561,0.14285714285714285,0.006730721797794104,0.030267081943085253,0.47632667926435207
MAP2K6_PRTG,MAP2K6,PRTG,0.106827475,0.2857142857142857,0.008527372032403946,0.030264062828636175,0.47627916610260906
MAP4K3_PRTG,MAP4K3,PRTG,0.10642369,0.2857142857142857,0.008482461795210838,0.030151014008474173,0.47450006598308736
CELF2_PRTG,CELF2,PRTG,0.10637832,0.2857142857142857,0.008989914320409298,0.030123001619020727,0.4740592224134393
MAML2_NIT1,MAML2,NIT1,0.21323276,0.14285714285714285,0.011406888253986835,0.030118266536501584,0.4739847042905284
FOSB_FOXL2,FOSB,FOXL2,0.21206726,0.14285714285714285,0.0065592373721301556,0.030097903753198377,0.47366424601279844
ARRDC3_JUN,ARRDC3,JUN,0.07078588,0.42857142857142855,0.008328461088240147,0.030086233725471208,0.47348058953859123
JUN_MAP2K3,JUN,MAP2K3,0.10598835,0.2857142857142857,0.00787670724093914,0.030045725329404176,0.4728430906935682
ISL2_UBASH3A,ISL2,UBASH3A,0.10592214,0.2857142857142857,0.007433966733515263,0.03004015113892478,0.47275536715135064
MAP2K3_PRTG,MAP2K3,PRTG,0.10597633,0.2857142857142857,0.008358904160559177,0.030027950172015795,0.47256335504848257
ELMSAN1_JUN,ELMSAN1,JUN,0.10581384,0.2857142857142857,0.008514270186424255,0.029977290546404602,0.4717661017392428
PRTG_PTPN13,PRTG,PTPN13,0.10568701,0.2857142857142857,0.008527331985533237,0.029940971200888247,0.4711945278664991
MAPK1_NCL,MAPK1,NCL,0.105715536,0.2857142857142857,0.009768989868462086,0.02991222649984046,0.47074215957997967
MAML2_ZNF318,MAML2,ZNF318,0.10521754,0.2857142857142857,0.007014355156570673,0.0298527561017324,0.4698062471818632
FOXO4_MAP2K6,FOXO4,MAP2K6,0.10493632,0.2857142857142857,0.004463344346731901,0.02984858025360499,0.46974052998205573
RUNX1T1_STIL,RUNX1T1,STIL,0.10526702,0.2857142857142857,0.007677216548472643,0.029847147862436557,0.4697179877981098
SPI1_TGFBR2,SPI1,TGFBR2,0.10524262,0.2857142857142857,0.00876782275736332,0.029807968282570672,0.4691014011311962
CEBPE_KIF2C,CEBPE,KIF2C,0.070129216,0.42857142857142855,0.010242244228720665,0.029750664591847407,0.46819958718153526
FEV_MAP2K3,FEV,MAP2K3,0.10499385,0.2857142857142857,0.009159212000668049,0.02972597633588481,0.4678110569954537
GLB1L2_MAP4K3,GLB1L2,MAP4K3,0.10434031,0.2857142857142857,0.0045884824357926846,0.029675351574675542,0.4670143523629851
BCL2L11_CELF2,BCL2L11,CELF2,0.10435868,0.2857142857142857,0.006390863563865423,0.02962742106459377,0.4662600483720808
MEIS1_SPI1,MEIS1,SPI1,0.10450101,0.2857142857142857,0.008238190785050392,0.029613469725855872,0.466040489880621
FOXL2_SLC38A2,FOXL2,SLC38A2,0.20924905,0.14285714285714285,0.010212180204689503,0.02959053744569737,0.4656795942754088
MAP2K6_MAP4K3,MAP2K6,MAP4K3,0.10398693,0.2857142857142857,0.0045132408849895,0.029577061987955126,0.4654675249371752
FOXF1_MAP2K6,FOXF1,MAP2K6,0.103825174,0.2857142857142857,0.004454385954886675,0.02953278508321959,0.464770719376585
FOXO4_GLB1L2,FOXO4,GLB1L2,0.103748456,0.2857142857142857,0.004516222048550844,0.02950914604219714,0.4643987011578353
CNNM4_TSC22D1,CNNM4,TSC22D1,0.20837297,0.14285714285714285,0.008839383721351624,0.029506745051699257,0.46436091569067484
PRTG_ZNF318,PRTG,ZNF318,0.10412352,0.2857142857142857,0.008411827497184277,0.029501415714629536,0.4642770455166728
FOXF1_GLB1L2,FOXF1,GLB1L2,0.103504345,0.2857142857142857,0.004516802728176117,0.029439696646719776,0.4633057447906885
MAP4K3_PTPN13,MAP4K3,PTPN13,0.10350078,0.2857142857142857,0.004507708363234997,0.029438950210346513,0.4632939977858194
FOXF1_PRTG,FOXF1,PRTG,0.10388572,0.2857142857142857,0.008445576764643192,0.02943305450447623,0.46320121441131396
CSRNP1_MIDN,CSRNP1,MIDN,0.20856664,0.14285714285714285,0.012414750643074512,0.029429869204805708,0.46315108591800974
DLX2_FEV,DLX2,FEV,0.10405655,0.2857142857142857,0.011089147999882698,0.02940437398856769,0.462749856235194
MAP2K3_TSC22D1,MAP2K3,TSC22D1,0.10365031,0.2857142857142857,0.0072349985130131245,0.029401653124918402,0.46270703678040703
MAP2K3_SPI1,MAP2K3,SPI1,0.10370652,0.2857142857142857,0.007935846224427223,0.029397142037204747,0.46263604376447787
ISL2_TSC22D1,ISL2,TSC22D1,0.103638366,0.2857142857142857,0.007607282139360905,0.0293874034065868,0.4624827825551035
FOXO4_PTPN13,FOXO4,PTPN13,0.10326375,0.2857142857142857,0.0044362205080688,0.02937362090407493,0.4622658811152561
FOXF1_FOXO4,FOXF1,FOXO4,0.10318352,0.2857142857142857,0.004407592583447695,0.02935163646494014,0.4619199021104663
CNNM4_ISL2,CNNM4,ISL2,0.20747125,0.14285714285714285,0.009889982640743256,0.02934849411520183,0.4618704495395593
MAP2K3_MIDN,MAP2K3,MIDN,0.20808935,0.14285714285714285,0.01300000213086605,0.029345557920791503,0.46182424132775435
CEBPE_NIT1,CEBPE,NIT1,0.20816585,0.14285714285714285,0.01373373158276081,0.029335098800776643,0.4616596414527458
BCL2L11_PRTG,BCL2L11,PRTG,0.10352329,0.2857142857142857,0.008698200806975365,0.029323025761496743,0.4614696426045041
HOXC13_MEIS1,HOXC13,MEIS1,0.103034824,0.2857142857142857,0.004112718626856804,0.029317944723468718,0.46138968002417824
CSRNP1_SNAI1,CSRNP1,SNAI1,0.20766956,0.14285714285714285,0.012426379136741161,0.02930294988362115,0.46115369948650614
IGDCC3_RUNX1T1,IGDCC3,RUNX1T1,0.20674117,0.14285714285714285,0.010157770477235317,0.029237465266351032,0.4601231386169176
JUN_TGFBR2,JUN,TGFBR2,0.10320912,0.2857142857142857,0.009494315832853317,0.029210982567262365,0.4597063684724227
ISL2_TGFBR2,ISL2,TGFBR2,0.103045195,0.2857142857142857,0.00848453864455223,0.029193788555990165,0.45943577858510143
CSRNP1_HK2,CSRNP1,HK2,0.102736264,0.2857142857142857,0.008702165447175503,0.029099985530613437,0.45795955819270734
CDKN1A_CNNM4,CDKN1A,CNNM4,0.20573229,0.14285714285714285,0.010364682413637638,0.029088830082469493,0.45778399988880136
FOXO4_MAP4K3,FOXO4,MAP4K3,0.10226032,0.2857142857142857,0.004471673630177975,0.029087166364820654,0.4577578172160087
FEV_HOXC13,FEV,HOXC13,0.10255065,0.2857142857142857,0.009096169844269753,0.02903606817875856,0.45695366208373805
DLX2_ZNF318,DLX2,ZNF318,0.10231904,0.2857142857142857,0.008854138664901257,0.02897744097782612,0.4560310194587494
FOXF1_PTPN13,FOXF1,PTPN13,0.101655066,0.2857142857142857,0.004447942599654198,0.028915689249228903,0.4550592047368395
FOXF1_MAP4K3,FOXF1,MAP4K3,0.101629816,0.2857142857142857,0.004457175265997648,0.028908241186882105,0.4549419912303879
CSRNP1_STIL,CSRNP1,STIL,0.101647556,0.2857142857142857,0.006650523282587528,0.028850289287411676,0.4540299761281815
CDKN1C_RUNX1T1,CDKN1C,RUNX1T1,0.20401686,0.14285714285714285,0.010408010333776474,0.028845046783537838,0.45394747248723094
BCORL1_CNNM4,BCORL1,CNNM4,0.20365371,0.14285714285714285,0.010009920224547386,0.02880505061277619,0.45331803476218
CDKN1A_KIF18B,CDKN1A,KIF18B,0.10187353,0.2857142857142857,0.010603312402963638,0.028801333870095938,0.4532595427112484
FOXA3_KIF18B,FOXA3,KIF18B,0.20263523,0.14285714285714285,0.005963517352938652,0.0287762819480896,0.4528652893491005
CEBPE_UBASH3A,CEBPE,UBASH3A,0.06772622,0.42857142857142855,0.00959007628262043,0.028749808802031825,0.4524486695449485
CITED1_ZC3HAV1,CITED1,ZC3HAV1,0.20403028,0.14285714285714285,0.014261129312217236,0.028737355055582472,0.4522526793367819
HOXC13_MAPK1,HOXC13,MAPK1,0.10105201,0.2857142857142857,0.004764012526720762,0.028735108033725105,0.4522173169433551
FOXO4_HOXC13,FOXO4,HOXC13,0.10092177,0.2857142857142857,0.004504470620304346,0.028705489087878282,0.4517511902732963
JUN_SGK1,JUN,SGK1,0.20297678,0.14285714285714285,0.011004921980202198,0.02868104987659843,0.45136657941537933
CITED1_SLC38A2,CITED1,SLC38A2,0.20312378,0.14285714285714285,0.012421617284417152,0.02866165843458632,0.45106140757234725
UBASH3A_ZC3HAV1,UBASH3A,ZC3HAV1,0.10108776,0.2857142857142857,0.00847733486443758,0.028639430090777997,0.45071159013002904
CBFA2T3_PTPN9,CBFA2T3,PTPN9,0.20250379,0.14285714285714285,0.010200080461800098,0.028637012382511345,0.45067354156782374
KMT2A_SPI1,KMT2A,SPI1,0.100987844,0.2857142857142857,0.008346499875187874,0.02861483603719839,0.4503245424492103
MAP2K3_SNAI1,MAP2K3,SNAI1,0.20235658,0.14285714285714285,0.011881779879331589,0.02856863617064704,0.44959747437379277
GLB1L2_RHOXF2,GLB1L2,RHOXF2,0.10041753,0.2857142857142857,0.005295789334923029,0.028539583812641222,0.44914026435137533
SLC38A2_TGFBR2,SLC38A2,TGFBR2,0.10071633,0.2857142857142857,0.008859981782734394,0.02852337771053879,0.44888522163490907
CELF2_GLB1L2,CELF2,GLB1L2,0.100050405,0.2857142857142857,0.0060073211789131165,0.02841513108632476,0.44718169583250755
CBFA2T3_CDKN1B,CBFA2T3,CDKN1B,0.20090069,0.14285714285714285,0.010041063651442528,0.028414783743140742,0.4471762295366249
CNNM4_JUN,CNNM4,JUN,0.20055707,0.14285714285714285,0.009781509637832642,0.028373474300570602,0.44652612426256183
CBFA2T3_SLC6A9,CBFA2T3,SLC6A9,0.20010047,0.14285714285714285,0.01138463243842125,0.02826400562882142,0.44480336654856034
MAML2_SNAI1,MAML2,SNAI1,0.2000065,0.14285714285714285,0.011038306169211864,0.02826041006784829,0.44474678158864767
NCL_SLC4A1,NCL,SLC4A1,0.09990341,0.2857142857142857,0.011589073576033115,0.028216825183511252,0.4440608666642614
HOXC13_MAP7D1,HOXC13,MAP7D1,0.09915644,0.2857142857142857,0.004554281011223793,0.028201971526412985,0.44382710798300323
KIF2C_RUNX1T1,KIF2C,RUNX1T1,0.099673,0.2857142857142857,0.010301981121301651,0.028187612592445982,0.44360113498213255
CDKN1C_CEBPE,CDKN1C,CEBPE,0.19938155,0.14285714285714285,0.011526890099048615,0.028158497972240102,0.4431429451114742
FOSB_ZC3HAV1,FOSB,ZC3HAV1,0.09888335,0.2857142857142857,0.005247835535556078,0.028104896745203885,0.44229939849780764
BAK1_CNNM4,BAK1,CNNM4,0.19851905,0.14285714285714285,0.009357759729027748,0.02809694002540446,0.4421741800202873
FOXA3_SLC6A9,FOXA3,SLC6A9,0.19857763,0.14285714285714285,0.010106879286468029,0.02808438699645448,0.44197662735876225
BAK1_HK2,BAK1,HK2,0.09897892,0.2857142857142857,0.00772323552519083,0.028062955122640558,0.4416393443229085
SLC4A1_ZNF318,SLC4A1,ZNF318,0.098974,0.2857142857142857,0.008469249121844769,0.02804080031577124,0.4412906841644681
IRF1_ZC3HAV1,IRF1,ZC3HAV1,0.098366335,0.2857142857142857,0.005113089922815561,0.027961696484159283,0.44004579159439267
BCL2L11_GLB1L2,BCL2L11,GLB1L2,0.098362535,0.2857142857142857,0.005094478838145733,0.027961134090731636,0.44003694095612056
BPGM_SNAI1,BPGM,SNAI1,0.19780003,0.14285714285714285,0.010651319287717342,0.027959342592670074,0.4400087473455116
FOXA3_MAPK1,FOXA3,MAPK1,0.19657356,0.14285714285714285,0.00507189380005002,0.02794022663341072,0.43970791089844075
CEBPE_FOXL2,CEBPE,FOXL2,0.1978431,0.14285714285714285,0.012448017485439777,0.02791580423799763,0.43932356467938094
NCL_ZC3HAV1,NCL,ZC3HAV1,0.09864926,0.2857142857142857,0.010376743972301483,0.02789603382259682,0.4390124287617113
MAP4K3_RHOXF2,MAP4K3,RHOXF2,0.097890384,0.2857142857142857,0.005195808596909046,0.02782411252131988,0.43788057090141164
FOXA3_NCL,FOXA3,NCL,0.1963956,0.14285714285714285,0.010298168286681175,0.027770529528156795,0.4370373112424061
TGFBR2_TSC22D1,TGFBR2,TSC22D1,0.09799591,0.2857142857142857,0.009088102728128433,0.02774666603959836,0.43666176079185137
MAP4K5_RUNX1T1,MAP4K5,RUNX1T1,0.06510654,0.42857142857142855,0.00785479974001646,0.027685340445785696,0.43569665234467336
CEBPE_CNNM4,CEBPE,CNNM4,0.19582564,0.14285714285714285,0.011390140280127525,0.027660039185928638,0.4352984750406445
ARRDC3_FOXA3,ARRDC3,FOXA3,0.19504091,0.14285714285714285,0.007546877022832632,0.027654283868501474,0.4352079010221994
CELF2_FOXF1,CELF2,FOXF1,0.09722708,0.2857142857142857,0.005829090252518654,0.02761817733923837,0.43463967633453393
CDKN1A_KIF2C,CDKN1A,KIF2C,0.097722635,0.2857142857142857,0.011223365552723408,0.02761086592227524,0.4345246132779329
GLB1L2_ZNF318,GLB1L2,ZNF318,0.09711438,0.2857142857142857,0.004944153595715761,0.02761045445056783,0.43451813776263976
MAML2_PLK4,MAML2,PLK4,0.09688252,0.2857142857142857,0.00602920725941658,0.02751482800103759,0.43301322132437087
FOXO4_ZNF318,FOXO4,ZNF318,0.096676596,0.2857142857142857,0.004862895235419273,0.02748821213533468,0.43259435547698416
CNNM4_SLC38A2,CNNM4,SLC38A2,0.1944084,0.14285714285714285,0.010981159284710884,0.02747096578428728,0.4323229418950842
ETS2_PTPN12,ETS2,PTPN12,0.19415039,0.14285714285714285,0.01109334360808134,0.0274314631028158,0.4317012704329085
RREB1_SLC38A2,RREB1,SLC38A2,0.09683128,0.2857142857142857,0.008728595450520515,0.027426682728435143,0.4316260395316059
CBL_OSR2,CBL,OSR2,0.19301039,0.14285714285714285,0.005661495961248875,0.027417687701076443,0.43148448074111134
ETS2_ZBTB25,ETS2,ZBTB25,0.19374444,0.14285714285714285,0.009778054431080818,0.027409762409277692,0.4313597568601704
JUN_ZC3HAV1,JUN,ZC3HAV1,0.09676848,0.2857142857142857,0.008757855743169785,0.027408101945412027,0.43133362539362674
DLX2_MAP2K3,DLX2,MAP2K3,0.09648461,0.2857142857142857,0.0074569410644471645,0.027362986947054503,0.43062363037682705
CDKN1C_SLC38A2,CDKN1C,SLC38A2,0.19340779,0.14285714285714285,0.00980670191347599,0.027361359428808314,0.43059801739031234
MAPK1_SPI1,MAPK1,SPI1,0.09653077,0.2857142857142857,0.008527444675564766,0.027347020579427197,0.4303723604696015
BCORL1_NCL,BCORL1,NCL,0.096253276,0.2857142857142857,0.010560762137174606,0.027213540237859494,0.42827172030992006
MAP2K6_RHOXF2,MAP2K6,RHOXF2,0.09572112,0.2857142857142857,0.005122421309351921,0.027209512314912896,0.4282083310752032
FOSB_KMT2A,FOSB,KMT2A,0.095692,0.2857142857142857,0.005563192535191774,0.027189312415325146,0.42789043617174993
MAP4K3_ZNF318,MAP4K3,ZNF318,0.0956217,0.2857142857142857,0.004873271100223064,0.02718799058112962,0.4278696338726027
FEV_IRF1,FEV,IRF1,0.09599027,0.2857142857142857,0.00890595093369484,0.0271836948832321,0.4278020305430682
CELF2_MAP4K5,CELF2,MAP4K5,0.09562711,0.2857142857142857,0.0055390167981386185,0.027171526948989777,0.42761053829012974
CELF2_MAP2K6,CELF2,MAP2K6,0.09562068,0.2857142857142857,0.005827045533806086,0.027161919650301947,0.42745934391039797
FOXO4_MAPK1,FOXO4,MAPK1,0.09550394,0.2857142857142857,0.004663491155952215,0.02716017908172169,0.4274319517999387
JUN_UBASH3A,JUN,UBASH3A,0.063878626,0.42857142857142855,0.007990557700395584,0.027159534018310432,0.42742180014695885
MAP4K5_SLC4A1,MAP4K5,SLC4A1,0.09576108,0.2857142857142857,0.007849630899727345,0.027147213838969113,0.4272279119444348
BCL2L11_MAP4K3,BCL2L11,MAP4K3,0.095107205,0.2857142857142857,0.005093861371278763,0.027035770735270637,0.42547408170697
GLB1L2_MAP4K5,GLB1L2,MAP4K5,0.0949177,0.2857142857142857,0.00392213324084878,0.027013392644655576,0.42512190763181495
HOXC13_ZNF318,HOXC13,ZNF318,0.09500744,0.2857142857142857,0.004883436020463705,0.027013066827267795,0.42511678009706744
FOXO4_MAP7D1,FOXO4,MAP7D1,0.09476503,0.2857142857142857,0.00443210219964385,0.026956249958869406,0.424222627489251
ISL2_JUN,ISL2,JUN,0.095164426,0.2857142857142857,0.008754895068705082,0.02695385771008019,0.42418497959429097
DLX2_MAP4K5,DLX2,MAP4K5,0.095083885,0.2857142857142857,0.00818173959851265,0.02694635618622634,0.42406692474006197
MAP4K3_MAP7D1,MAP4K3,MAP7D1,0.094719656,0.2857142857142857,0.004562547896057367,0.02693984447264882,0.42396444697525687
BCL2L11_MAP2K6,BCL2L11,MAP2K6,0.09471722,0.2857142857142857,0.005012171808630228,0.02692709945747718,0.42376387294022777
MEIS1_TSC22D1,MEIS1,TSC22D1,0.094923966,0.2857142857142857,0.00802792701870203,0.02690514053334623,0.423418295476527
SGK1_ZC3HAV1,SGK1,ZC3HAV1,0.19018506,0.14285714285714285,0.012208781205117702,0.026841590485519293,0.42241817979621743
FOXF1_HOXC13,FOXF1,HOXC13,0.09434154,0.2857142857142857,0.004431153181940317,0.026835811791900588,0.422327237896134
CELF2_PTPN13,CELF2,PTPN13,0.09439892,0.2857142857142857,0.005786331370472908,0.026815954918326976,0.42201474134731987
CBFA2T3_PLK4,CBFA2T3,PLK4,0.18929774,0.14285714285714285,0.008700612001121044,0.026809276556801456,0.4219096409688175
BAK1_FOXL2,BAK1,FOXL2,0.18920112,0.14285714285714285,0.008481243625283241,0.02680142155172868,0.42178602322169023
PTPN13_RHOXF2,PTPN13,RHOXF2,0.09425458,0.2857142857142857,0.00507896114140749,0.026793796241585642,0.42166602028696326
CELF2_RHOXF2,CELF2,RHOXF2,0.09437654,0.2857142857142857,0.0066022383980453014,0.026787866313036965,0.4215726983347785
HOXC13_MAP2K6,HOXC13,MAP2K6,0.09406453,0.2857142857142857,0.0045008230954408646,0.026755160814421284,0.42105799719581216
OSR2_ZBTB25,OSR2,ZBTB25,0.1882629,0.14285714285714285,0.005568731110543013,0.02674575930801513,0.42091004146175937
CSRNP1_MAP4K5,CSRNP1,MAP4K5,0.094256006,0.2857142857142857,0.007124918047338724,0.02673976881891476,0.4208157664409392
CEBPE_MEIS1,CEBPE,MEIS1,0.09452096,0.2857142857142857,0.010317785665392876,0.026730191125132266,0.4206650379669156
CDKN1A_ZC3HAV1,CDKN1A,ZC3HAV1,0.09425057,0.2857142857142857,0.009406239725649357,0.026677795759846492,0.41984046854187673
BCL2L11_PTPN13,BCL2L11,PTPN13,0.093761176,0.2857142857142857,0.0049975719302892685,0.02665569364534005,0.419492637626846
MAP2K6_ZNF318,MAP2K6,ZNF318,0.09370307,0.2857142857142857,0.004812445025891066,0.026644082188579273,0.4193099029102756
FOXA3_TSC22D1,FOXA3,TSC22D1,0.18798192,0.14285714285714285,0.008517934009432793,0.026627746392575306,0.41905281914255926
FOXA3_KIF2C,FOXA3,KIF2C,0.18772972,0.14285714285714285,0.009028545580804348,0.02657856511353781,0.41827883123814363
KIF2C_ZC3HAV1,KIF2C,ZC3HAV1,0.094012536,0.2857142857142857,0.01094069890677929,0.02657002990528891,0.41814450882775483
FOXF1_MAP7D1,FOXF1,MAP7D1,0.09340701,0.2857142857142857,0.004492843523621559,0.026568350422363177,0.41811807804971024
IRF1_PRTG,IRF1,PRTG,0.09373391,0.2857142857142857,0.008287777192890644,0.026560984689982966,0.4180021602069657
FOXF1_MAPK1,FOXF1,MAPK1,0.09334094,0.2857142857142857,0.004591348581016064,0.026546953901868668,0.4177813513849421
CELF2_MAP4K3,CELF2,MAP4K3,0.09333296,0.2857142857142857,0.005893541034311056,0.026510320680569965,0.4172048379078656
CELF2_FOXO4,CELF2,FOXO4,0.093312405,0.2857142857142857,0.005809755530208349,0.026506689769609456,0.41714769662930506
MAP7D1_ZNF318,MAP7D1,ZNF318,0.093200006,0.2857142857142857,0.004933457355946302,0.026497847027640655,0.4170085344224722
CBL_ETS2,CBL,ETS2,0.18711297,0.14285714285714285,0.009541464038193226,0.026477787732017213,0.41669285226683317
GLB1L2_MAP7D1,GLB1L2,MAP7D1,0.093008965,0.2857142857142857,0.004528197459876537,0.02645420023023722,0.4163216451443186
CELF2_MAP7D1,CELF2,MAP7D1,0.09311016,0.2857142857142857,0.006013927515596151,0.026443871058933338,0.416159090330611
FOXF1_ZNF318,FOXF1,ZNF318,0.092972934,0.2857142857142857,0.004815778695046902,0.02643638372535655,0.41604125879515336
BCORL1_TSC22D1,BCORL1,TSC22D1,0.09325917,0.2857142857142857,0.00915115512907505,0.026403851587103015,0.41552928590616417
MAP2K6_MAP7D1,MAP2K6,MAP7D1,0.09281885,0.2857142857142857,0.0044425963424146175,0.026402375983521197,0.4155060636690367
MAPK1_ZNF318,MAPK1,ZNF318,0.0928492,0.2857142857142857,0.0051099397242069244,0.026393474494532013,0.41536597693392624
GLB1L2_HOXC13,GLB1L2,HOXC13,0.0927101,0.2857142857142857,0.004543218296021223,0.026368800814366187,0.4149776761337131
PTPN13_ZNF318,PTPN13,ZNF318,0.09271819,0.2857142857142857,0.0048274267464876175,0.026363643284665263,0.4148965097695334
MAP7D1_PTPN13,MAP7D1,PTPN13,0.09258529,0.2857142857142857,0.004450075328350067,0.026335743383312127,0.41445743647570443
HOXC13_MAP4K3,HOXC13,MAP4K3,0.09241913,0.2857142857142857,0.004467167891561985,0.026288033395652312,0.4137066029453206
HOXC13_PTPN13,HOXC13,PTPN13,0.092155956,0.2857142857142857,0.004492468200623989,0.026212514179836888,0.4125181230859919
BCL2L11_RHOXF2,BCL2L11,RHOXF2,0.092164576,0.2857142857142857,0.005605736747384071,0.026185944503949076,0.4120999841484964
GLB1L2_MAPK1,GLB1L2,MAPK1,0.09184568,0.2857142857142857,0.004783215466886759,0.026116699997459494,0.41101025221148624
BCL2L11_FOXF1,BCL2L11,FOXF1,0.09186404,0.2857142857142857,0.005000570323318243,0.026116272879193558,0.4110035304592655
CEBPE_IRF1,CEBPE,IRF1,0.061498106,0.42857142857142855,0.009868157096207142,0.02609878403878689,0.4107283007132743
MAP2K6_MAPK1,MAP2K6,MAPK1,0.09173307,0.2857142857142857,0.00463422667235136,0.026088547820921924,0.4105672087496349
HOXC13_NCL,HOXC13,NCL,0.0919122,0.2857142857142857,0.009417938068509102,0.026015615837530807,0.40941944533041336
CELF2_MAPK1,CELF2,MAPK1,0.09154066,0.2857142857142857,0.006092436145991087,0.025996093881936935,0.4091122195364547
BAK1_CITED1,BAK1,CITED1,0.18357027,0.14285714285714285,0.011366775259375572,0.025929587883383988,0.408065584730316
FEV_FOSB,FEV,FOSB,0.091317005,0.2857142857142857,0.008975233882665634,0.02585848701844159,0.4069466384455529
BCL2L11_ZNF318,BCL2L11,ZNF318,0.09069827,0.2857142857142857,0.00524891959503293,0.025778482813521995,0.40568757629584873
PRTG_RUNX1T1,PRTG,RUNX1T1,0.09098731,0.2857142857142857,0.008810959756374359,0.025769321775317034,0.40554340491801355
MAP2K6_MAP4K5,MAP2K6,MAP4K5,0.09052021,0.2857142857142857,0.003738525789231062,0.02576658824936824,0.40550038619092516
CEBPE_PLK4,CEBPE,PLK4,0.06062866,0.42857142857142855,0.009840844199061394,0.02573050158129439,0.4049324740677263
JUN_MEIS1,JUN,MEIS1,0.09080583,0.2857142857142857,0.00847849901765585,0.02572640118180073,0.40486794423699646
CBFA2T3_HK2,CBFA2T3,HK2,0.18174453,0.14285714285714285,0.010061126202344894,0.025704884314467564,0.40452932361990984
MAP4K3_MAP4K5,MAP4K3,MAP4K5,0.0902913,0.2857142857142857,0.0037398042622953653,0.02570139578930212,0.40447442313063536
CSRNP1_GLB1L2,CSRNP1,GLB1L2,0.09010658,0.2857142857142857,0.004383493214845657,0.025632376844631787,0.40338824096140713
MAP4K3_MAPK1,MAP4K3,MAPK1,0.09007714,0.2857142857142857,0.004646691493690014,0.02561728991036743,0.4031508110924844
CITED1_CSRNP1,CITED1,CSRNP1,0.18151371,0.14285714285714285,0.013336431235074997,0.025589260841024704,0.402709705023918
DLX2_GLB1L2,DLX2,GLB1L2,0.090320334,0.2857142857142857,0.008496995083987713,0.0255883852841655,0.4026959259918978
FOXO4_MAP4K5,FOXO4,MAP4K5,0.08983222,0.2857142857142857,0.0037922230549156666,0.025569382768945343,0.4023968748646861
CEBPE_SGK1,CEBPE,SGK1,0.18125498,0.14285714285714285,0.0129059087485075,0.025563646898464104,0.4023066068915741
FOXO4_IRF1,FOXO4,IRF1,0.08978748,0.2857142857142857,0.00483514042571187,0.025530124894003536,0.4017790560329544
MAP4K5_PTPN13,MAP4K5,PTPN13,0.08959706,0.2857142857142857,0.0037216758355498314,0.025504241844120673,0.4013717228376658
CDKN1A_FOXA3,CDKN1A,FOXA3,0.18012217,0.14285714285714285,0.010126788169145584,0.025473770645379774,0.4008921838805655
PLK4_RUNX1T1,PLK4,RUNX1T1,0.08977816,0.2857142857142857,0.007762053981423378,0.025453333434447584,0.40057055430176897
BCL2L11_FOXO4,BCL2L11,FOXO4,0.08936476,0.2857142857142857,0.0049285185523331165,0.02540756679965948,0.39985030418942863
MAPK1_PTPN13,MAPK1,PTPN13,0.08932243,0.2857142857142857,0.004621313884854317,0.025403298491284906,0.3997831319011334
DLX2_MAP2K6,DLX2,MAP2K6,0.089659356,0.2857142857142857,0.008485395461320877,0.025401417663222726,0.3997535324641341
FOXF1_MAP4K5,FOXF1,MAP4K5,0.08921317,0.2857142857142857,0.0037330288905650377,0.025394678107580473,0.39964746904629855
MAP4K5_SLC38A2,MAP4K5,SLC38A2,0.089272,0.2857142857142857,0.006797943729907274,0.025334066128458323,0.3986935910744087
CEBPE_FEV,CEBPE,FEV,0.08960556,0.2857142857142857,0.012176076881587505,0.02529361228616119,0.3980569507665947
CDKN1A_CELF2,CDKN1A,CELF2,0.08942071,0.2857142857142857,0.010800734162330627,0.025275778318856957,0.39777628960341727
CSRNP1_RHOXF2,CSRNP1,RHOXF2,0.08886094,0.2857142857142857,0.004984166007488966,0.02526292438044726,0.39757400139440946
CEBPE_TGFBR2,CEBPE,TGFBR2,0.08923936,0.2857142857142857,0.010510539636015892,0.02523176026987631,0.39708355777224597
IRF1_MAP2K6,IRF1,MAP2K6,0.08867428,0.2857142857142857,0.004829947836697102,0.0252137267485172,0.3967997561371698
DLX2_MAP4K3,DLX2,MAP4K3,0.08895626,0.2857142857142857,0.008534034714102745,0.025201007779362326,0.3965995920000192
CELF2_DLX2,CELF2,DLX2,0.08891981,0.2857142857142857,0.008807922713458538,0.02518384292949373,0.39632946103882
ARRDC3_ZC3HAV1,ARRDC3,ZC3HAV1,0.08873545,0.2857142857142857,0.00837755762040615,0.02514235315455942,0.3956765177932489
DLX2_FOXO4,DLX2,FOXO4,0.08870599,0.2857142857142857,0.008445610292255878,0.025132309943956287,0.39551846327168194
CDKN1A_CSRNP1,CDKN1A,CSRNP1,0.08870133,0.2857142857142857,0.009301423095166683,0.025109681408104628,0.39516234782721643
DLX2_PTPN13,DLX2,PTPN13,0.088463575,0.2857142857142857,0.00848848931491375,0.025062563737765758,0.39442083586087
FOXA3_JUN,FOXA3,JUN,0.17641735,0.14285714285714285,0.009508036077022552,0.02496510951931538,0.39288715500118027
MAML2_UBASH3A,MAML2,UBASH3A,0.08788912,0.2857142857142857,0.00694750901311636,0.024937920709025497,0.3924592724671823
CELF2_SLC4A1,CELF2,SLC4A1,0.08772614,0.2857142857142857,0.008750611916184425,0.024847182953948624,0.3910312916119105
IRF1_PTPN13,IRF1,PTPN13,0.08738657,0.2857142857142857,0.0048470264300704,0.02484715685142228,0.39103088082471543
IRF1_NCL,IRF1,NCL,0.08771895,0.2857142857142857,0.00945377815514803,0.024827839887315403,0.3907268810739698
GLB1L2_IRF1,GLB1L2,IRF1,0.08701346,0.2857142857142857,0.004828558769077063,0.024741522872983777,0.38936847140375747
CELF2_HOXC13,CELF2,HOXC13,0.08703239,0.2857142857142857,0.005758719984441996,0.024724019188330244,0.38909300804717795
MAML2_SGK1,MAML2,SGK1,0.17487335,0.14285714285714285,0.01079828105866909,0.024715027621199412,0.38895150371184545
DLX2_MAPK1,DLX2,MAPK1,0.08713761,0.2857142857142857,0.008433913812041283,0.02468824141976061,0.3885299572143852
BCL2L11_MAP4K5,BCL2L11,MAP4K5,0.0867132,0.2857142857142857,0.004316555801779032,0.024668716764012014,0.38822268892687745
CNNM4_CSRNP1,CNNM4,CSRNP1,0.17456482,0.14285714285714285,0.011565961875021458,0.024652699744391816,0.3879706218864621
MAP7D1_SPI1,MAP7D1,SPI1,0.08695311,0.2857142857142857,0.008274015039205551,0.024639875299184252,0.387768797825239
CBFA2T3_MEIS1,CBFA2T3,MEIS1,0.17398275,0.14285714285714285,0.008757387287914753,0.02463890674410655,0.38775355523843413
FOXF1_SLC38A2,FOXF1,SLC38A2,0.08658962,0.2857142857142857,0.004168008919805288,0.024637203207934943,0.3877267459236428
IRF1_MAP4K3,IRF1,MAP4K3,0.086564414,0.2857142857142857,0.004891151562333107,0.02461230724728822,0.387334946995545
BCORL1_JUN,BCORL1,JUN,0.08690122,0.2857142857142857,0.009413768537342548,0.02459736543772678,0.38709980101933283
CDKN1A_RHOXF2,CDKN1A,RHOXF2,0.08684902,0.2857142857142857,0.010274820029735565,0.02456163898872377,0.3865375578256377
CNNM4_RUNX1T1,CNNM4,RUNX1T1,0.17376825,0.14285714285714285,0.010894629172980785,0.02455650203572425,0.38645671528626113
ISL2_ZNF318,ISL2,ZNF318,0.086541384,0.2857142857142857,0.007093064486980438,0.02455196120121561,0.3863852541316425
CBFA2T3_NCL,CBFA2T3,NCL,0.17291707,0.14285714285714285,0.010600825771689415,0.02444331892120704,0.38467550171608095
FOXF1_IRF1,FOXF1,IRF1,0.085640945,0.2857142857142857,0.004776773042976856,0.024352514860770273,0.3832464773835438
BCORL1_FOSB,BCORL1,FOSB,0.08574514,0.2857142857142857,0.006239147391170263,0.024346708982780397,0.38315510767078675
HOXC13_IRF1,HOXC13,IRF1,0.085603006,0.2857142857142857,0.004859330132603645,0.024339726998064984,0.3830452290376096
SLC38A2_UBASH3A,SLC38A2,UBASH3A,0.08569449,0.2857142857142857,0.0065275076776742935,0.024325356580515867,0.38281907531444315
FEV_RUNX1T1,FEV,RUNX1T1,0.08590694,0.2857142857142857,0.009433450177311897,0.024315460661423902,0.3826633387856226
BAK1_NCL,BAK1,NCL,0.057255764,0.42857142857142855,0.00948044378310442,0.024307736256016104,0.38254177634415215
FOSB_MAP7D1,FOSB,MAP7D1,0.08549447,0.2857142857142857,0.0051808892749249935,0.024301091187738103,0.3824371999164576
BAK1_RUNX1T1,BAK1,RUNX1T1,0.085714236,0.2857142857142857,0.007970299571752548,0.02429613421808424,0.3823591898559279
IRF1_MAP7D1,IRF1,MAP7D1,0.085397266,0.2857142857142857,0.004846072290092707,0.024281548674521477,0.3821296505979452
ARRDC3_RUNX1T1,ARRDC3,RUNX1T1,0.085522376,0.2857142857142857,0.008117668330669403,0.024238206847561675,0.3814475607768044
BAK1_MEIS1,BAK1,MEIS1,0.08534387,0.2857142857142857,0.006483504083007574,0.024226887033388888,0.3812694157707892
KIF18B_PTPN9,KIF18B,PTPN9,0.1700897,0.14285714285714285,0.0051351734437048435,0.024174389854988366,0.38044324406697944
DLX2_HOXC13,DLX2,HOXC13,0.08523977,0.2857142857142857,0.008529679849743843,0.024148242657840203,0.38003175386739313
BCL2L11_DLX2,BCL2L11,DLX2,0.08521592,0.2857142857142857,0.008499491959810257,0.024142208838589637,0.3799367969405144
CDKN1B_ISL2,CDKN1B,ISL2,0.17008808,0.14285714285714285,0.007681722287088633,0.0241130676184873,0.37947818845532383
IRF1_ZNF318,IRF1,ZNF318,0.08471997,0.2857142857142857,0.005019713193178177,0.02408480712515706,0.3790334403633975
DLX2_FOXF1,DLX2,FOXF1,0.08500362,0.2857142857142857,0.0084418635815382,0.02408343999250618,0.37901192518208815
DLX2_MAP7D1,DLX2,MAP7D1,0.08498666,0.2857142857142857,0.008491850458085537,0.024077439953138862,0.37891749986442247
ARRDC3_DLX2,ARRDC3,DLX2,0.084607475,0.2857142857142857,0.008664216846227646,0.023965918232061692,0.3771624323899159
KIF2C_PRTG,KIF2C,PRTG,0.0845038,0.2857142857142857,0.009587009437382221,0.023914672573176237,0.3763559564115073
AHR_CSRNP1,AHR,CSRNP1,0.1686666,0.14285714285714285,0.010200047865509987,0.023851937832569798,0.3753686715875601
LYL1_PRTG,LYL1,PRTG,0.1685827,0.14285714285714285,0.010266561061143875,0.023838502380044438,0.3751572318294145
BAK1_SGK1,BAK1,SGK1,0.16812858,0.14285714285714285,0.009775879792869091,0.023785841028046834,0.3743284764518806
FOSB_MAP4K3,FOSB,MAP4K3,0.08367603,0.2857142857142857,0.005176160950213671,0.023784326418933556,0.3743046403671643
JUN_KIF2C,JUN,KIF2C,0.084018216,0.2857142857142857,0.009769892320036888,0.023772945323225173,0.37412553094606593
CELF2_PTPN9,CELF2,PTPN9,0.16739358,0.14285714285714285,0.006174074020236731,0.023766631639769883,0.374026169670346
BCORL1_UBASH3B,BCORL1,UBASH3B,0.16695881,0.14285714285714285,0.008326122537255287,0.023654309732763074,0.3722585093100311
CSRNP1_KIF18B,CSRNP1,KIF18B,0.0831404,0.2857142857142857,0.006124757695943117,0.023609796583050555,0.37155798585600175
DLX2_IRF1,DLX2,IRF1,0.08310748,0.2857142857142857,0.008635587058961391,0.023541697597069068,0.3704862814903537
FOXA3_RUNX1T1,FOXA3,RUNX1T1,0.1660938,0.14285714285714285,0.009132345207035542,0.02351295677498175,0.37003397424877943
RUNX1T1_SGK1,RUNX1T1,SGK1,0.16601317,0.14285714285714285,0.010720435529947281,0.023464615715473425,0.3692732092569305
BCL2L11_SLC4A1,BCL2L11,SLC4A1,0.08262694,0.2857142857142857,0.00818746816366911,0.02341597922128608,0.3685077948766846
KIF2C_PLK4,KIF2C,PLK4,0.16481791,0.14285714285714285,0.008658654056489468,0.023343294823686214,0.36736392782639626
FOSB_MAP2K6,FOSB,MAP2K6,0.08204221,0.2857142857142857,0.005044758319854736,0.02332297261245758,0.3670441080496485
HK2_SPI1,HK2,SPI1,0.08225887,0.2857142857142857,0.008161104284226894,0.023312281096529896,0.36687585085565433
PTPN9_RHOXF2,PTPN9,RHOXF2,0.16389602,0.14285714285714285,0.00523197278380394,0.023291855393232926,0.36655440237768805
GLB1L2_PLK4,GLB1L2,PLK4,0.08185546,0.2857142857142857,0.004359893966466188,0.023285751165815008,0.366458337405818
HK2_TSC22D1,HK2,TSC22D1,0.08218218,0.2857142857142857,0.008416489697992802,0.023284646841494838,0.36644095815739075
FOSB_PTPN13,FOSB,PTPN13,0.08184328,0.2857142857142857,0.00505937309935689,0.02326608229542715,0.36614879954768065
FOSB_SPI1,FOSB,SPI1,0.082101695,0.2857142857142857,0.008480275981128216,0.0232603728302736,0.3660589471270846
BCL2L11_MAP7D1,BCL2L11,MAP7D1,0.08171891,0.2857142857142857,0.005093869753181934,0.023229928842448243,0.3655798364003986
FOSB_GLB1L2,FOSB,GLB1L2,0.08169558,0.2857142857142857,0.005057963542640209,0.023224127209085888,0.36548853348725363
FOXA3_SLC38A2,FOXA3,SLC38A2,0.16358154,0.14285714285714285,0.008636971935629845,0.023168683476760894,0.3646159905393062
FEV_SLC38A2,FEV,SLC38A2,0.081728324,0.2857142857142857,0.008713326416909695,0.02314924288871778,0.36431004526308386
GLB1L2_PTPN9,GLB1L2,PTPN9,0.16274336,0.14285714285714285,0.004716205410659313,0.023139918790391883,0.3641633077347995
BCORL1_STIL,BCORL1,STIL,0.16316305,0.14285714285714285,0.007773063611239195,0.0231292223702629,0.36399497336118414
PLK4_RHOXF2,PLK4,RHOXF2,0.081307925,0.2857142857142857,0.0052118138410151005,0.02311038875143655,0.36369858023247237
PRTG_PTPN9,PRTG,PTPN9,0.16308467,0.14285714285714285,0.008594190701842308,0.023099290421794788,0.3635239208281207
CELF2_SPI1,CELF2,SPI1,0.08154173,0.2857142857142857,0.008839258924126625,0.023093508202565626,0.36343292344392014
STIL_TSC22D1,STIL,TSC22D1,0.0814806,0.2857142857142857,0.008205403573811054,0.023090702875481754,0.36338877475008097
MAP2K6_PLK4,MAP2K6,PLK4,0.08114703,0.2857142857142857,0.0042847879230976105,0.023085947324828812,0.3633139345109443
CSRNP1_SGK1,CSRNP1,SGK1,0.16354343,0.14285714285714285,0.012459502555429935,0.023075834149865852,0.3631547789287846
KIF18B_SLC38A2,KIF18B,SLC38A2,0.080828145,0.2857142857142857,0.005036964546889067,0.0229780163026315,0.36161537547940215
SLC4A1_SLC6A9,SLC4A1,SLC6A9,0.16164543,0.14285714285714285,0.009257007390260696,0.022880399875861254,0.3600791418744396
FOXF1_PLK4,FOXF1,PLK4,0.08042148,0.2857142857142857,0.004294590558856726,0.022879307756979023,0.3600619547084778
CELF2_IRF1,CELF2,IRF1,0.0805083,0.2857142857142857,0.00596616230905056,0.022865949227536462,0.35985172552347755
BCORL1_PLK4,BCORL1,PLK4,0.16107638,0.14285714285714285,0.007602081634104252,0.02283730066214364,0.35940087016699124
CSRNP1_JUN,CSRNP1,JUN,0.080367,0.2857142857142857,0.00847601518034935,0.02276900922103072,0.3583261370483952
MAML2_RUNX1T1,MAML2,RUNX1T1,0.08028064,0.2857142857142857,0.007788883056491613,0.02276005012583994,0.35818514373858545
FOSB_IRF1,FOSB,IRF1,0.08005253,0.2857142857142857,0.0057650054804980755,0.022741049796334584,0.3578861270089505
BCL2L11_HOXC13,BCL2L11,HOXC13,0.07998048,0.2857142857142857,0.0050004348158836365,0.022737865838507013,0.35783601963283224
CSRNP1_KIF2C,CSRNP1,KIF2C,0.08029371,0.2857142857142857,0.009996221400797367,0.02271400507623681,0.3574605120871014
DLX2_FOSB,DLX2,FOSB,0.08006001,0.2857142857142857,0.00873669981956482,0.022676174396546664,0.3568651536688368
BAK1_JUN,BAK1,JUN,0.053283177,0.42857142857142855,0.007951788604259491,0.022655495708624088,0.3565397238580534
CSRNP1_TSC22D1,CSRNP1,TSC22D1,0.07983293,0.2857142857142857,0.008136173710227013,0.02262532397462237,0.3560648977122191
LYL1_STIL,LYL1,STIL,0.16006808,0.14285714285714285,0.010931935161352158,0.022619592627055686,0.3559747009182473
CBFA2T3_KMT2A,CBFA2T3,KMT2A,0.15985009,0.14285714285714285,0.010260152630507946,0.022603808721361054,0.35572630249650705
BAK1_SPI1,BAK1,SPI1,0.05313812,0.42857142857142855,0.007547001354396343,0.02260289516412181,0.35571192543541785
CEBPE_MAML2,CEBPE,MAML2,0.07968683,0.2857142857142857,0.008957707323133945,0.022565529719928867,0.35512388863738326
MAP4K3_SPI1,MAP4K3,SPI1,0.079547,0.2857142857142857,0.008186714723706245,0.022543160692034412,0.35477185718633775
FOXO4_PTPN9,FOXO4,PTPN9,0.15841064,0.14285714285714285,0.00462581031024456,0.022525890726826335,0.35450007197777217
BAK1_ZNF318,BAK1,ZNF318,0.07931023,0.2857142857142857,0.006243577692657709,0.022519463951728394,0.35439893092801594
MAP2K6_PTPN9,MAP2K6,PTPN9,0.1578898,0.14285714285714285,0.004663925152271986,0.022450975798363384,0.3533211020602497
KIF2C_SLC4A1,KIF2C,SLC4A1,0.07927191,0.2857142857142857,0.00883479230105877,0.022450769988656537,0.353317863140343
HOXC13_MAP4K5,HOXC13,MAP4K5,0.0787387,0.2857142857142857,0.003769466420635581,0.022412288167539426,0.35271225741663215
BCORL1_PTPN9,BCORL1,PTPN9,0.15812197,0.14285714285714285,0.008909842930734158,0.02238936757673543,0.3523515457720483
FOSB_FOXF1,FOSB,FOXF1,0.07875265,0.2857142857142857,0.005018003284931183,0.022388412532551846,0.3523365158122599
PTPN13_SPI1,PTPN13,SPI1,0.07891317,0.2857142857142857,0.00823657214641571,0.02236242941363013,0.3519276077855071
DLX2_SLC38A2,DLX2,SLC38A2,0.07874306,0.2857142857142857,0.007915756665170193,0.02232132777614278,0.3512807728334793
GLB1L2_SPI1,GLB1L2,SPI1,0.07840441,0.2857142857142857,0.008220097050070763,0.0222186212551201,0.3496644341263148
EGR1_HOXC13,EGR1,HOXC13,0.15661605,0.14285714285714285,0.0076122647151350975,0.02220469300247923,0.3494452389511455
BCL2L11_IRF1,BCL2L11,IRF1,0.07799198,0.2857142857142857,0.005322929471731186,0.02216543703737496,0.34882745017538586
MAP4K5_SPI1,MAP4K5,SPI1,0.07815474,0.2857142857142857,0.00783093273639679,0.022156421047878468,0.34868556149430247
PTPN9_SLC4A1,PTPN9,SLC4A1,0.15623473,0.14285714285714285,0.008586735464632511,0.022129228782094154,0.3482576245796349
DLX2_SPI1,DLX2,SPI1,0.078221105,0.2857142857142857,0.010183017700910568,0.022123602122017794,0.3481690752997749
ARRDC3_SPI1,ARRDC3,SPI1,0.07803022,0.2857142857142857,0.007999774999916553,0.022117414563973058,0.3480716989163579
SGK1_SLC38A2,SGK1,SLC38A2,0.15651527,0.14285714285714285,0.011472108773887157,0.02210572507054688,0.347887736101692
FOXL2_MAML2,FOXL2,MAML2,0.1557961,0.14285714285714285,0.008869461715221405,0.02206091664850825,0.3471825658142863
IRF1_SPI1,IRF1,SPI1,0.07782461,0.2857142857142857,0.008377411402761936,0.02205087290630054,0.34702450292661907
PTPN13_PTPN9,PTPN13,PTPN9,0.15506463,0.14285714285714285,0.004668538924306631,0.022049152321025698,0.34699742530242333
ARRDC3_KIF2C,ARRDC3,KIF2C,0.15573876,0.14285714285714285,0.009161091409623623,0.022046424413634233,0.3469544949970982
KIF2C_MAP7D1,KIF2C,MAP7D1,0.077605225,0.2857142857142857,0.006112504750490189,0.02203821278986302,0.34682526498114674
FOXF1_PTPN9,FOXF1,PTPN9,0.15482911,0.14285714285714285,0.004678158555179834,0.02201545317303837,0.34646708665646375
BCL2L11_SPI1,BCL2L11,SPI1,0.07766653,0.2857142857142857,0.008455866016447544,0.022004370710345163,0.3462926769574168
BCL2L11_MAPK1,BCL2L11,MAPK1,0.07735705,0.2857142857142857,0.005160483997315168,0.021988541712691153,0.34604356890323446
BCL2L11_FOSB,BCL2L11,FOSB,0.07730698,0.2857142857142857,0.005560440011322498,0.02196556988193469,0.3456820508724766
BCORL1_LYL1,BCORL1,LYL1,0.1554879,0.14285714285714285,0.011989204213023186,0.02194940058431291,0.345427587364673
KIF2C_UBASH3A,KIF2C,UBASH3A,0.15511873,0.14285714285714285,0.009896459989249706,0.0219426643918578,0.3453215768748259
BAK1_TSC22D1,BAK1,TSC22D1,0.051487677,0.42857142857142855,0.007348536513745785,0.021905176212461547,0.34473160853770435
EGR1_SPI1,EGR1,SPI1,0.15476795,0.14285714285714285,0.010926644317805767,0.021870732769037393,0.3441895565797552
EGR1_SLC4A1,EGR1,SLC4A1,0.1544618,0.14285714285714285,0.010080458596348763,0.021845756336613346,0.34379649123111045
MAPK1_PTPN9,MAPK1,PTPN9,0.15340969,0.14285714285714285,0.004759672097861767,0.021811852685490303,0.34326293422734167
FOXF1_SPI1,FOXF1,SPI1,0.076938525,0.2857142857142857,0.008121670223772526,0.021805339889517855,0.34316043942840085
PTPN9_STIL,PTPN9,STIL,0.15370488,0.14285714285714285,0.007271581795066595,0.021799324665913288,0.34306577514956543
EGR1_FOSB,EGR1,FOSB,0.15369383,0.14285714285714285,0.008378200232982635,0.021773835164365134,0.3426646354013939
CSRNP1_KMT2A,CSRNP1,KMT2A,0.07680896,0.2857142857142857,0.008049346506595612,0.02177018119538462,0.3426071312484037
MAP4K3_PTPN9,MAP4K3,PTPN9,0.15306163,0.14285714285714285,0.0047372253611683846,0.021762851374490966,0.342491778560872
HOXC13_PTPN9,HOXC13,PTPN9,0.15234339,0.14285714285714285,0.0045926254242658615,0.02166384782911989,0.3409337152467184
KIF2C_MAML2,KIF2C,MAML2,0.07644637,0.2857142857142857,0.008864352479577065,0.021649907387014694,0.34071432824046743
BCL2L11_PTPN9,BCL2L11,PTPN9,0.15221435,0.14285714285714285,0.005277910269796848,0.021630741788086567,0.3404127105916067
CSRNP1_FEV,CSRNP1,FEV,0.076150835,0.2857142857142857,0.008230487816035748,0.021579769274880034,0.3396105332295775
KIF2C_STIL,KIF2C,STIL,0.15181851,0.14285714285714285,0.00805200356990099,0.021515119306854253,0.33859310761047845
HK2_PLK4,HK2,PLK4,0.1515338,0.14285714285714285,0.007154849823564291,0.021493899715882735,0.33825916536517653
CSRNP1_MAP2K3,CSRNP1,MAP2K3,0.15073274,0.14285714285714285,0.0076557546854019165,0.02136964789795832,0.3363037586320205
JUN_STIL,JUN,STIL,0.07542156,0.2857142857142857,0.008428768254816532,0.0213689027084695,0.33629203124993257
EGR1_IRF1,EGR1,IRF1,0.15063554,0.14285714285714285,0.00806968379765749,0.021347098590857514,0.3359488900460353
ARRDC3_MAML2,ARRDC3,MAML2,0.074998155,0.2857142857142857,0.006922968663275242,0.02128071860517701,0.33490423836113664
MAP7D1_PTPN9,MAP7D1,PTPN9,0.14967306,0.14285714285714285,0.004783072974532843,0.021280081472087896,0.3348942115112026
DLX2_KIF2C,DLX2,KIF2C,0.07504663,0.2857142857142857,0.008883457630872726,0.021253092967273877,0.33446948127455317
CBFA2T3_MAP2K3,CBFA2T3,MAP2K3,0.1495316,0.14285714285714285,0.010635173879563808,0.02113686333452547,0.33264032327698767
BAK1_FOXA3,BAK1,FOXA3,0.1490269,0.14285714285714285,0.00778815196827054,0.021125032256999507,0.3324541322896749
CDKN1B_RUNX1T1,CDKN1B,RUNX1T1,0.14899896,0.14285714285714285,0.008565409108996391,0.021104794635871407,0.33213564374537835
DLX2_PTPN9,DLX2,PTPN9,0.14855252,0.14285714285714285,0.008722621947526932,0.021038279904149183,0.3310888715014275
PRTG_SLC38A2,PRTG,SLC38A2,0.07418516,0.2857142857142857,0.00801970437169075,0.021027129433208693,0.3309133915260105
MAML2_MAP2K3,MAML2,MAP2K3,0.14768848,0.14285714285714285,0.007334165275096893,0.02094474183480077,0.32961682084119837
CSRNP1_DLX2,CSRNP1,DLX2,0.07378662,0.2857142857142857,0.0077075110748410225,0.02092064428118947,0.3292375868036506
CELF2_FOSB,CELF2,FOSB,0.07357041,0.2857142857142857,0.006125797051936388,0.02089213556811001,0.3287889323659095
KIF18B_STIL,KIF18B,STIL,0.14674433,0.14285714285714285,0.004899672232568264,0.020861261763149425,0.32830305741368304
PLK4_UBASH3A,PLK4,UBASH3A,0.14664131,0.14285714285714285,0.006460193544626236,0.020814294774361804,0.3275639167906682
PLK4_SPI1,PLK4,SPI1,0.07338054,0.2857142857142857,0.008361110463738441,0.020792023404437796,0.32721342222701916
BCORL1_ISL2,BCORL1,ISL2,0.1465626,0.14285714285714285,0.008926799520850182,0.02075226385754954,0.32658770835827056
FOXA3_ZC3HAV1,FOXA3,ZC3HAV1,0.14639525,0.14285714285714285,0.010224875994026661,0.02070193261402767,0.3257956229456398
CSRNP1_ELMSAN1,CSRNP1,ELMSAN1,0.14612666,0.14285714285714285,0.00848889909684658,0.02069952067540206,0.3257576651828702
KIF2C_TSC22D1,KIF2C,TSC22D1,0.07306537,0.2857142857142857,0.008640416897833347,0.020696989474205313,0.3257178305313876
KIF18B_MAPK1,KIF18B,MAPK1,0.14569318,0.14285714285714285,0.006219066679477692,0.020684672491851654,0.32552399264129606
CELF2_PLK4,CELF2,PLK4,0.072486185,0.2857142857142857,0.0058558932505548,0.020589766961877656,0.3240304216382722
CEBPE_HK2,CEBPE,HK2,0.072760984,0.2857142857142857,0.009735969826579094,0.02058840457190116,0.32400898109456244
CELF2_KIF2C,CELF2,KIF2C,0.07233034,0.2857142857142857,0.007093458902090788,0.020520252076113226,0.3229364346210277
EGR1_TSC22D1,EGR1,TSC22D1,0.14476664,0.14285714285714285,0.010437528602778912,0.020467320845167624,0.32210343203712805
MAP2K3_STIL,MAP2K3,STIL,0.1430301,0.14285714285714285,0.0061674402095377445,0.020307626360244385,0.31959024811528997
EGR1_JUN,EGR1,JUN,0.14388704,0.14285714285714285,0.012798856943845749,0.02029553224325756,0.31939991755769603
CEBPE_JUN,CEBPE,JUN,0.0717531,0.2857142857142857,0.011698281392455101,0.020263833561687674,0.3189010611513324
FOXL2_MAP2K3,FOXL2,MAP2K3,0.14311397,0.14285714285714285,0.010979939252138138,0.02022280776445727,0.31825541973153254
BAK1_PRTG,BAK1,PRTG,0.047536124,0.42857142857142855,0.00810456182807684,0.020208840578051886,0.318035611838203
HOXC13_KIF2C,HOXC13,KIF2C,0.07111765,0.2857142857142857,0.006021495442837477,0.020197707309538866,0.3178604025851227
ELMSAN1_FOXA3,ELMSAN1,FOXA3,0.14228132,0.14285714285714285,0.009299170225858688,0.02013863082545847,0.31693068938919783
SLC38A2_ZC3HAV1,SLC38A2,ZC3HAV1,0.14202185,0.14285714285714285,0.009553330950438976,0.02009684387815447,0.31627306940841016
STIL_ZNF318,STIL,ZNF318,0.14063391,0.14285714285714285,0.006618622690439224,0.01995846117519871,0.3140952785830346
PLK4_TSC22D1,PLK4,TSC22D1,0.07024816,0.2857142857142857,0.008215414360165596,0.019907354770591898,0.3132909941118299
CEBPE_DLX2,CEBPE,DLX2,0.07035303,0.2857142857142857,0.010729942470788956,0.019887474587062193,0.31297813072375447
FOXO4_KIF2C,FOXO4,KIF2C,0.06952933,0.2857142857142857,0.0060517569072544575,0.019746025346306626,0.31075208041403984
PTPN9_RUNX1T1,PTPN9,RUNX1T1,0.13868664,0.14285714285714285,0.008655060082674026,0.019642371530061552,0.3091208336959738
CEBPE_PRTG,CEBPE,PRTG,0.06940192,0.2857142857142857,0.010962139815092087,0.019614107367479847,0.30867602785938714
HK2_STIL,HK2,STIL,0.13774675,0.14285714285714285,0.006351139862090349,0.019553917663842443,0.30772879542669274
CBFA2T3_ELMSAN1,CBFA2T3,ELMSAN1,0.1380166,0.14285714285714285,0.010576559230685234,0.019510304740093472,0.30704243923347196
ELMSAN1_FOXL2,ELMSAN1,FOXL2,0.13796711,0.14285714285714285,0.010698768310248852,0.019500950941218346,0.3068952342942884
CEBPE_SLC4A1,CEBPE,SLC4A1,0.06893916,0.2857142857142857,0.010687737725675106,0.019488612769598665,0.3067010629391889
ARRDC3_SLC38A2,ARRDC3,SLC38A2,0.068355195,0.2857142857142857,0.006525893695652485,0.01940343105000393,0.3053605199127788
BAK1_MAP4K5,BAK1,MAP4K5,0.06830547,0.2857142857142857,0.006125451996922493,0.01939703299106799,0.3052598307821773
EGR1_ISL2,EGR1,ISL2,0.13712059,0.14285714285714285,0.010573679581284523,0.019383698640604706,0.30504998211264694
BCORL1_HK2,BCORL1,HK2,0.13631712,0.14285714285714285,0.009101211093366146,0.01929823681619776,0.30370503095084733
BCORL1_MAP2K3,BCORL1,MAP2K3,0.13620032,0.14285714285714285,0.008369174785912037,0.019295700014094776,0.3036651081553847
BCORL1_ELMSAN1,BCORL1,ELMSAN1,0.13616626,0.14285714285714285,0.008850952610373497,0.019281661732388194,0.30344418140332957
BAK1_MAP2K3,BAK1,MAP2K3,0.1355496,0.14285714285714285,0.006127579603344202,0.019246296059217714,0.3028876159011473
RUNX1T1_SLC6A9,RUNX1T1,SLC6A9,0.1355966,0.14285714285714285,0.009557364508509636,0.019187560795326464,0.3019632726407814
BAK1_DLX2,BAK1,DLX2,0.04493772,0.42857142857142855,0.007870344445109367,0.019108630776616193,0.3007211154425013
FOXF1_KIF2C,FOXF1,KIF2C,0.067039765,0.2857142857142857,0.005843097344040871,0.019042948886673523,0.2996874500041538
IRF1_UBASH3A,IRF1,UBASH3A,0.06687289,0.2857142857142857,0.004171477165073156,0.019027167836245355,0.2994390965170259
KIF2C_MAP2K6,KIF2C,MAP2K6,0.06693278,0.2857142857142857,0.005922036245465279,0.019011067918375125,0.2991857248695715
ISL2_SLC6A9,ISL2,SLC6A9,0.13417014,0.14285714285714285,0.008759168907999992,0.019000732913374733,0.2990230782483586
LYL1_SLC38A2,LYL1,SLC38A2,0.13379228,0.14285714285714285,0.011358310468494892,0.01889852767679493,0.297414628479893
EGR1_STIL,EGR1,STIL,0.13326553,0.14285714285714285,0.009373950771987438,0.018861128864040847,0.29682606654580634
KIF2C_PTPN13,KIF2C,PTPN13,0.06632467,0.2857142857142857,0.005900709889829159,0.018838744773274168,0.2964737980435671
CSRNP1_LYL1,CSRNP1,LYL1,0.13318,0.14285714285714285,0.011225809343159199,0.018814507262658743,0.29609236143970846
KIF2C_MAP4K3,KIF2C,MAP4K3,0.06608941,0.2857142857142857,0.00576416403055191,0.01877446848678012,0.29546225321877273
PTPN9_SPI1,PTPN9,SPI1,0.13241076,0.14285714285714285,0.008403060957789421,0.018758197252771558,0.2952061854922107
CSRNP1_ZC3HAV1,CSRNP1,ZC3HAV1,0.13244414,0.14285714285714285,0.010644621215760708,0.018721310638913045,0.2946256842624731
ARRDC3_BAK1,ARRDC3,BAK1,0.06590611,0.2857142857142857,0.006671049632132053,0.018705530882427854,0.2943773511387076
MAPK1_STIL,MAPK1,STIL,0.13104384,0.14285714285714285,0.00416331272572279,0.018642931712928874,0.29339219985824305
FOSB_KIF2C,FOSB,KIF2C,0.06559207,0.2857142857142857,0.00591144198551774,0.01863045937853736,0.2931959171232719
FOXA1_ZC3HAV1,FOXA1,ZC3HAV1,0.13164867,0.14285714285714285,0.00978263933211565,0.01862475426173345,0.29310613313460954
ARRDC3_PLK4,ARRDC3,PLK4,0.13027515,0.14285714285714285,0.0066694761626422405,0.018487433527504565,0.29094505498864276
FOXA3_MAML2,FOXA3,MAML2,0.13045934,0.14285714285714285,0.008372537791728973,0.018482304553304917,0.29086433801522776
CEBPE_MAPK1,CEBPE,MAPK1,0.06532264,0.2857142857142857,0.009873752482235432,0.01848113260194938,0.29084589448973386
PTPN9_TSC22D1,PTPN9,TSC22D1,0.13019218,0.14285714285714285,0.00877474807202816,0.018437101296310054,0.2901529540325635
SLC38A2_SLC6A9,SLC38A2,SLC6A9,0.12956798,0.14285714285714285,0.009420531801879406,0.018336967552068054,0.28857710427054195
BAK1_KIF18B,BAK1,KIF18B,0.042821944,0.42857142857142855,0.004613738041371107,0.01826797794660235,0.2874913838255704
CEBPE_MAP7D1,CEBPE,MAP7D1,0.06429028,0.2857142857142857,0.009807134047150612,0.018190256476353788,0.2862682460979013
BCL2L11_KIF2C,BCL2L11,KIF2C,0.06376653,0.2857142857142857,0.006183652672916651,0.018107041386915382,0.2849586528146301
SLC38A2_STIL,SLC38A2,STIL,0.12752534,0.14285714285714285,0.006324218586087227,0.018103416393430837,0.2849016046620499
KIF18B_PLK4,KIF18B,PLK4,0.12649757,0.14285714285714285,0.004888428840786219,0.01798317150291658,0.2830092567474123
CEBPE_MAP4K5,CEBPE,MAP4K5,0.06337809,0.2857142857142857,0.009421777911484241,0.01793900784534322,0.28231423340833905
STIL_UBASH3A,STIL,UBASH3A,0.12562309,0.14285714285714285,0.005891717039048672,0.017841041638884766,0.2807724951631317
IRF1_KIF2C,IRF1,KIF2C,0.06280243,0.2857142857142857,0.00579629372805357,0.01784014372027793,0.28075836421423317
PTPN9_ZC3HAV1,PTPN9,ZC3HAV1,0.12594384,0.14285714285714285,0.00948526244610548,0.017822921985980553,0.28048733803719805
CEBPE_MAP4K3,CEBPE,MAP4K3,0.06294252,0.2857142857142857,0.009857665747404099,0.01780803145938942,0.2802529991241509
CEBPE_FOXF1,CEBPE,FOXF1,0.06276827,0.2857142857142857,0.009818398393690586,0.017759423209275867,0.27948802923359534
FEV_UBASH3A,FEV,UBASH3A,0.12548392,0.14285714285714285,0.009681224822998047,0.01775438936634511,0.2794088093837381
CEBPE_GLB1L2,CEBPE,GLB1L2,0.06263537,0.2857142857142857,0.010016266256570816,0.01771834819226974,0.2788416132200514
CSRNP1_PTPN9,CSRNP1,PTPN9,0.12462706,0.14285714285714285,0.008597465232014656,0.01765210254611935,0.27779907569674894
JUN_RREB1,JUN,RREB1,0.12406317,0.14285714285714285,0.009321028366684914,0.01755963633820059,0.27634389340184085
CEBPE_PTPN13,CEBPE,PTPN13,0.061882384,0.2857142857142857,0.009852733463048935,0.017508177768570592,0.27553406675130215
CEBPE_FOXO4,CEBPE,FOXO4,0.061503008,0.2857142857142857,0.009802916087210178,0.017401700591612307,0.2738583875360625
CEBPE_MAP2K6,CEBPE,MAP2K6,0.0614896,0.2857142857142857,0.009860935620963573,0.017396907554096366,0.27378295734930547
CSRNP1_MAML2,CSRNP1,MAML2,0.12248889,0.14285714285714285,0.00815314706414938,0.017356900008583108,0.2731533406146734
CEBPE_HOXC13,CEBPE,HOXC13,0.061289348,0.2857142857142857,0.009690738283097744,0.017343174041713608,0.2729373289016534
BCORL1_ZC3HAV1,BCORL1,ZC3HAV1,0.12213066,0.14285714285714285,0.009469104930758476,0.01728357744910342,0.2719994305239088
BCORL1_UBASH3A,BCORL1,UBASH3A,0.12170275,0.14285714285714285,0.0083006601780653,0.01724297945953645,0.2713605217056882
ISL2_MAP2K3,ISL2,MAP2K3,0.121472746,0.14285714285714285,0.006629336159676313,0.017238966543424557,0.2712973686402774
MAP2K3_MAP4K5,MAP2K3,MAP4K5,0.12134692,0.14285714285714285,0.006350559648126364,0.017225880408784446,0.2710914262547759
MAML2_ZC3HAV1,MAML2,ZC3HAV1,0.121560514,0.14285714285714285,0.0095321424305439,0.01720181753564827,0.2707127379994605
FOXA3_MAP2K3,FOXA3,MAP2K3,0.12138792,0.14285714285714285,0.009494077414274216,0.01717804195042676,0.270338570923248
MAP2K3_RUNX1T1,MAP2K3,RUNX1T1,0.12012838,0.14285714285714285,0.008708908222615719,0.017013031962062056,0.2677417345334365
BCORL1_KIF2C,BCORL1,KIF2C,0.120073274,0.14285714285714285,0.010195031762123108,0.016980211034597823,0.2672252168387737
HK2_ZC3HAV1,HK2,ZC3HAV1,0.11965004,0.14285714285714285,0.009830011054873466,0.016926475918480354,0.26637956315242733
BCORL1_ZNF318,BCORL1,ZNF318,0.11926411,0.14285714285714285,0.008221202529966831,0.016898801660862793,0.26594404091553425
FEV_STIL,FEV,STIL,0.11884201,0.14285714285714285,0.0097640510648489,0.016813264877491612,0.2645979100908064
KIF18B_MAP7D1,KIF18B,MAP7D1,0.117329076,0.14285714285714285,0.005596733186393976,0.016668010156193784,0.26231197122252153
FOXA1_MAP2K3,FOXA1,MAP2K3,0.11705253,0.14285714285714285,0.008847801014780998,0.016575136877470628,0.26085038267131
ISL2_KIF2C,ISL2,KIF2C,0.11614588,0.14285714285714285,0.009817929938435555,0.016430950511941524,0.25858125699818363
STIL_ZC3HAV1,STIL,ZC3HAV1,0.115798,0.14285714285714285,0.007410848047584295,0.016420878297698747,0.258422746033297
MAP2K3_POU3F2,MAP2K3,POU3F2,0.11575621,0.14285714285714285,0.008488880470395088,0.016397406329786025,0.2580533571192058
CSRNP1_FOXA3,CSRNP1,FOXA3,0.114980765,0.14285714285714285,0.00960379559546709,0.016269573864899196,0.2560416001346303
BAK1_CDKN1A,BAK1,CDKN1A,0.057277203,0.2857142857142857,0.008791830390691757,0.016222291395842563,0.2552974946567545
BCORL1_EGR1,BCORL1,EGR1,0.11404606,0.14285714285714285,0.010599031113088131,0.01612142275984612,0.25371007957272174
MAP7D1_STIL,MAP7D1,STIL,0.11204422,0.14285714285714285,0.003943983465433121,0.015943436870445377,0.25090903559320665
MAPK1_PLK4,MAPK1,PLK4,0.111768946,0.14285714285714285,0.004188441205769777,0.015900394425884007,0.25023165728749847
HK2_PRTG,HK2,PRTG,0.11197591,0.14285714285714285,0.008913874626159668,0.015855226821574437,0.24952083438717526
MEIS1_PTPN13,MEIS1,PTPN13,0.11121173,0.14285714285714285,0.004313773475587368,0.015819150060052446,0.24895307816783785
MAP4K5_ZC3HAV1,MAP4K5,ZC3HAV1,0.11091315,0.14285714285714285,0.008931998163461685,0.01570446347713453,0.24714820383934494
BAK1_ISL2,BAK1,ISL2,0.109435916,0.14285714285714285,0.007439994718879461,0.015518246605347154,0.24421762518864215
FEV_KIF2C,FEV,KIF2C,0.1095556,0.14285714285714285,0.01080501452088356,0.015483500844776565,0.24367081552981135
MEIS1_RHOXF2,MEIS1,RHOXF2,0.10892021,0.14285714285714285,0.005346356425434351,0.015477282802466933,0.24357295940180926
KIF18B_SPI1,KIF18B,SPI1,0.10924407,0.14285714285714285,0.009294293820858002,0.015462582068620858,0.2433416073425385
ARRDC3_BCORL1,ARRDC3,BCORL1,0.10900003,0.14285714285714285,0.008258480578660965,0.015443889393629156,0.24304743231033327
PRTG_UBASH3A,PRTG,UBASH3A,0.10881535,0.14285714285714285,0.00889778696000576,0.015407953262730225,0.24248188925835076
PRTG_RHOXF2,PRTG,RHOXF2,0.10867536,0.14285714285714285,0.008991803973913193,0.015386697359201059,0.24214737554599985
CSRNP1_TGFBR2,CSRNP1,TGFBR2,0.108432546,0.14285714285714285,0.009017516858875751,0.015351927486215769,0.24160018641925582
PLK4_ZC3HAV1,PLK4,ZC3HAV1,0.108251646,0.14285714285714285,0.007902274839580059,0.015343274111188574,0.24146400436513896
BAK1_CSRNP1,BAK1,CSRNP1,0.108036496,0.14285714285714285,0.007666287012398243,0.015316365452905819,0.2410405307092581
HOXC13_STIL,HOXC13,STIL,0.10744305,0.14285714285714285,0.003908955957740545,0.015289242104565514,0.24061367837939815
BAK1_ZC3HAV1,BAK1,ZC3HAV1,0.107816204,0.14285714285714285,0.0085600009188056,0.015271590093152815,0.240335880737909
BAK1_BCORL1,BAK1,BCORL1,0.107398026,0.14285714285714285,0.008324342779815197,0.015215912626377353,0.23945965940580716
BAK1_FEV,BAK1,FEV,0.05336597,0.2857142857142857,0.008543389849364758,0.015118258301991783,0.23792282938903014
BAK1_CELF2,BAK1,CELF2,0.053029977,0.2857142857142857,0.00495988829061389,0.01507664347120909,0.23726791808333694
FEV_PLK4,FEV,PLK4,0.10649184,0.14285714285714285,0.009781399741768837,0.01506575601455649,0.2370965772820427
HK2_RUNX1T1,HK2,RUNX1T1,0.10623825,0.14285714285714285,0.008921205066144466,0.015042694383603799,0.23673364602521488
MAP7D1_MEIS1,MAP7D1,MEIS1,0.10570137,0.14285714285714285,0.004269280005246401,0.01503600309653502,0.23662834223162585
PRTG_SLC4A1,PRTG,SLC4A1,0.10610987,0.14285714285714285,0.010271537117660046,0.015004434601682924,0.23613153463218342
BCORL1_FEV,BCORL1,FEV,0.1060738,0.14285714285714285,0.010070636868476868,0.015002316652395674,0.2360982035118348
CELF2_HK2,CELF2,HK2,0.10511219,0.14285714285714285,0.006471704225987196,0.014919472382443472,0.23479444598157087
KIF18B_MEIS1,KIF18B,MEIS1,0.104731165,0.14285714285714285,0.005085738375782967,0.014885889243622672,0.23426593302403287
HK2_SLC4A1,HK2,SLC4A1,0.10497437,0.14285714285714285,0.008767446503043175,0.014866001232974452,0.2339529464570736
CSRNP1_ZNF318,CSRNP1,ZNF318,0.104463674,0.14285714285714285,0.007925854995846748,0.014806031559092355,0.23300917673158308
CDKN1A_JUN,CDKN1A,JUN,0.10488906,0.14285714285714285,0.01291618961840868,0.014793080845143159,0.2328053655223914
HK2_KIF18B,HK2,KIF18B,0.1040644,0.14285714285714285,0.005770849995315075,0.01478104331821723,0.23261592554803362
HOXC13_KIF18B,HOXC13,KIF18B,0.10385078,0.14285714285714285,0.005336201749742031,0.01475707923618337,0.23223879201272055
MAPK1_MEIS1,MAPK1,MEIS1,0.10343643,0.14285714285714285,0.004298598505556583,0.01471338631369958,0.2315511768434355
ARRDC3_PRTG,ARRDC3,PRTG,0.10358257,0.14285714285714285,0.008516051806509495,0.014672557520969342,0.23090863577204526
ARRDC3_FEV,ARRDC3,FEV,0.10314145,0.14285714285714285,0.009116514585912228,0.014601379084861553,0.22978846871496963
DLX2_HK2,DLX2,HK2,0.10292357,0.14285714285714285,0.009161836467683315,0.014569880574458285,0.2292927624922695
EGR1_RUNX1T1,EGR1,RUNX1T1,0.10306461,0.14285714285714285,0.010624048300087452,0.01456873697105479,0.22927476509124456
BCORL1_MAML2,BCORL1,MAML2,0.10198581,0.14285714285714285,0.008480447344481945,0.014446885687661865,0.22735713664950077
FOXO4_STIL,FOXO4,STIL,0.10131956,0.14285714285714285,0.0039521558210253716,0.01441724350977913,0.22689064436644563
NCL_SPI1,NCL,SPI1,0.10188764,0.14285714285714285,0.011710653081536293,0.014386897652281667,0.22641307796085766
ISL2_SPI1,ISL2,SPI1,0.10092155,0.14285714285714285,0.008102505467832088,0.014301486258391604,0.2250689204467803
KIF2C_MAPK1,KIF2C,MAPK1,0.100728594,0.14285714285714285,0.006918463855981827,0.014290927841785208,0.22490275789665834
PRTG_STIL,PRTG,STIL,0.100592285,0.14285714285714285,0.008731983602046967,0.014245931246908757,0.22419462624868491
MAP7D1_PLK4,MAP7D1,PLK4,0.10007056,0.14285714285714285,0.004154234193265438,0.014236651684541466,0.22404858960280838
KIF18B_PRTG,KIF18B,PRTG,0.100357585,0.14285714285714285,0.008906290866434574,0.014210237301212184,0.22363289457413954
BCORL1_PRTG,BCORL1,PRTG,0.10033037,0.14285714285714285,0.009529917500913143,0.014197607639678433,0.223434135911183
BAK1_PLK4,BAK1,PLK4,0.09994227,0.14285714285714285,0.00584570225328207,0.014194489944017289,0.22338507133257504
SLC4A1_UBASH3A,SLC4A1,UBASH3A,0.09986308,0.14285714285714285,0.008247078396379948,0.014149462866259073,0.2226764599617835
BCORL1_CELF2,BCORL1,CELF2,0.099529415,0.14285714285714285,0.007081257179379463,0.014118511101760482,0.2221893581252501
CSRNP1_PLK4,CSRNP1,PLK4,0.09933484,0.14285714285714285,0.006733921822160482,0.014095772095080897,0.22183150415168815
BAK1_MAML2,BAK1,MAML2,0.0990865,0.14285714285714285,0.007706157863140106,0.014046966246929882,0.22106342457195965
FOXO4_KIF18B,FOXO4,KIF18B,0.09867161,0.14285714285714285,0.005348562728613615,0.014020952011958897,0.22065402685794705
ISL2_PRTG,ISL2,PRTG,0.09878442,0.14285714285714285,0.008050523698329926,0.013999357400625759,0.22031418274857234
ISL2_SLC4A1,ISL2,SLC4A1,0.098766945,0.14285714285714285,0.008255969732999802,0.013994029332032941,0.2202303325371618
CSRNP1_FOXA1,CSRNP1,FOXA1,0.09840154,0.14285714285714285,0.008821443654596806,0.013934440833569905,0.21929256154065077
IRF1_MEIS1,IRF1,MEIS1,0.09732156,0.14285714285714285,0.004587552975863218,0.01383959049814061,0.21779985915899722
PRTG_TSC22D1,PRTG,TSC22D1,0.09781031,0.14285714285714285,0.010228005237877369,0.013831433893911884,0.21767149501032745
BAK1_FOSB,BAK1,FOSB,0.04859904,0.2857142857142857,0.003999571315944195,0.013830124935610488,0.2176508953449163
IRF1_KMT2A,IRF1,KMT2A,0.09728675,0.14285714285714285,0.005293957889080048,0.01382491908290612,0.21756896849990118
HOXC13_PRTG,HOXC13,PRTG,0.09749878,0.14285714285714285,0.008276201784610748,0.013814069399764364,0.21739822215733334
MAP7D1_ZC3HAV1,MAP7D1,ZC3HAV1,0.09687822,0.14285714285714285,0.0049748495221138,0.013771236331683014,0.2167241389034452
CELF2_KIF18B,CELF2,KIF18B,0.09672075,0.14285714285714285,0.006686294451355934,0.013725477082976402,0.2160040050291907
MAP4K3_ZC3HAV1,MAP4K3,ZC3HAV1,0.096461974,0.14285714285714285,0.005049834027886391,0.013711043517939177,0.21577685752560727
GLB1L2_STIL,GLB1L2,STIL,0.09633966,0.14285714285714285,0.004050110001116991,0.013707292230465955,0.2157178218277344
BCORL1_FOXO4,BCORL1,FOXO4,0.096516795,0.14285714285714285,0.0059739951975643635,0.013706232668491653,0.2157011470244731
BCORL1_MAP2K6,BCORL1,MAP2K6,0.09645788,0.14285714285714285,0.0059423064813017845,0.013698298187558633,0.21557627852999392
BAK1_IRF1,BAK1,IRF1,0.048121545,0.2857142857142857,0.0037521703634411097,0.01369761719636331,0.21556556146531994
BCORL1_GLB1L2,BCORL1,GLB1L2,0.09625076,0.14285714285714285,0.0059648482128977776,0.013668577236503002,0.2151085465580936
FOXF1_ZC3HAV1,FOXF1,ZC3HAV1,0.096034944,0.14285714285714285,0.004970134701579809,0.013651428285049292,0.21483866579739883
KMT2A_TSC22D1,KMT2A,TSC22D1,0.09632716,0.14285714285714285,0.008717731572687626,0.013642095201523574,0.21469178686498436
KIF18B_UBASH3A,KIF18B,UBASH3A,0.09596415,0.14285714285714285,0.005125730764120817,0.013639252953057833,0.2146470571227556
PTPN13_ZC3HAV1,PTPN13,ZC3HAV1,0.09571089,0.14285714285714285,0.004999540746212006,0.013604965492808182,0.2141074599421673
BCORL1_PTPN13,BCORL1,PTPN13,0.09571315,0.14285714285714285,0.005936499685049057,0.013592615085040586,0.2139130960213056
BAK1_EGR1,BAK1,EGR1,0.096074514,0.14285714285714285,0.009785403497517109,0.013591928083821269,0.2139022843741814
RHOXF2_ZC3HAV1,RHOXF2,ZC3HAV1,0.09569106,0.14285714285714285,0.0058532594703137875,0.01359060246456183,0.21388142250778128
BCL2L11_ZC3HAV1,BCL2L11,ZC3HAV1,0.095529966,0.14285714285714285,0.005476429592818022,0.013572807483489352,0.21360137488846456
ARRDC3_ISL2,ARRDC3,ISL2,0.09563658,0.14285714285714285,0.007220381870865822,0.013564427711223537,0.21346949864403925
ISL2_KIF18B,ISL2,KIF18B,0.095411524,0.14285714285714285,0.004985060542821884,0.013562607320900732,0.21344085034292265
CDKN1A_MEIS1,CDKN1A,MEIS1,0.09571929,0.14285714285714285,0.009251226671040058,0.013548841278190562,0.21322420793837646
HK2_RHOXF2,HK2,RHOXF2,0.095341094,0.14285714285714285,0.0054611582309007645,0.013546178438724235,0.21318230163624946
MAP2K6_ZC3HAV1,MAP2K6,ZC3HAV1,0.09526142,0.14285714285714285,0.005005847197026014,0.013540989778459876,0.213100645356394
CELF2_ZC3HAV1,CELF2,ZC3HAV1,0.09501205,0.14285714285714285,0.006259213667362928,0.01348872070028501,0.21227806336840915
BCORL1_FOXF1,BCORL1,FOXF1,0.09497487,0.14285714285714285,0.005945625714957714,0.013487645791995396,0.21226114705328275
FOXF1_KIF18B,FOXF1,KIF18B,0.094845794,0.14285714285714285,0.005270849447697401,0.013478356773685347,0.21211496159498283
FOXO4_ZC3HAV1,FOXO4,ZC3HAV1,0.09478614,0.14285714285714285,0.00499702850356698,0.013473549054537837,0.21203930035678764
SLC4A1_STIL,SLC4A1,STIL,0.09510222,0.14285714285714285,0.008516370318830013,0.013471304917742188,0.21200398336687445
MAPK1_ZC3HAV1,MAPK1,ZC3HAV1,0.094555706,0.14285714285714285,0.005200948566198349,0.013438067272678732,0.21148090759995997
BCORL1_MAP4K3,BCORL1,MAP4K3,0.09458693,0.14285714285714285,0.005949986167252064,0.013432495575566993,0.21139322329699042
FOXO4_RHOXF2,FOXO4,RHOXF2,0.09445756,0.14285714285714285,0.005091188475489616,0.013425584858171663,0.21128446622967742
TSC22D1_ZC3HAV1,TSC22D1,ZC3HAV1,0.09469009,0.14285714285714285,0.008096778765320778,0.013418509285806431,0.21117311476556988
EGR1_ZC3HAV1,EGR1,ZC3HAV1,0.094698645,0.14285714285714285,0.01131730992347002,0.013376986381352103,0.21051965014584426
FOXF1_STIL,FOXF1,STIL,0.09395212,0.14285714285714285,0.003959345631301403,0.013368799637336361,0.21039081167379278
BAK1_MAP4K3,BAK1,MAP4K3,0.046943836,0.2857142857142857,0.003465106710791588,0.013366209205679266,0.21035004488592052
ISL2_MAPK1,ISL2,MAPK1,0.09391878,0.14285714285714285,0.004276982042938471,0.013359828539278215,0.21024962946946177
DLX2_NCL,DLX2,NCL,0.09458557,0.14285714285714285,0.011492012068629265,0.013358705553526721,0.2102319565376979
BAK1_RHOXF2,BAK1,RHOXF2,0.046901796,0.2857142857142857,0.0043570431880652905,0.013342379821491002,0.2099750311511755
GLB1L2_KIF18B,GLB1L2,KIF18B,0.093902394,0.14285714285714285,0.005415468011051416,0.01334237254763809,0.20997491667928125
JUN_NCL,JUN,NCL,0.094346166,0.14285714285714285,0.011245341040194035,0.013328144139015825,0.20975099781445627
GLB1L2_ZC3HAV1,GLB1L2,ZC3HAV1,0.09358784,0.14285714285714285,0.005224051885306835,0.013300210171025072,0.2093113883986318
FOXO4_SLC4A1,FOXO4,SLC4A1,0.09377728,0.14285714285714285,0.008030512370169163,0.013290028061759478,0.2091511479663527
BAK1_FOXF1,BAK1,FOXF1,0.04661054,0.2857142857142857,0.0034580547362565994,0.01327140436918214,0.20885805854142284
KIF18B_MAP2K6,KIF18B,MAP2K6,0.093389265,0.14285714285714285,0.0052941725589334965,0.013271064301154519,0.20885270673794784
CDKN1A_MAPK1,CDKN1A,MAPK1,0.09377926,0.14285714285714285,0.010262479074299335,0.013260946730247454,0.20869348197483897
ISL2_MAP7D1,ISL2,MAP7D1,0.09313826,0.14285714285714285,0.004057734273374081,0.013251694236047966,0.20854787131289138
HOXC13_PLK4,HOXC13,PLK4,0.09307532,0.14285714285714285,0.004152112174779177,0.013241494134509856,0.2083873477281288
CELF2_UBASH3A,CELF2,UBASH3A,0.09319897,0.14285714285714285,0.005644827615469694,0.013239404410118066,0.20835446079565242
FOSB_MEIS1,FOSB,MEIS1,0.09302972,0.14285714285714285,0.0048076999373734,0.01322637193979238,0.20814936294959915
HK2_SLC38A2,HK2,SLC38A2,0.09325706,0.14285714285714285,0.008414007723331451,0.013211277655928926,0.2079118174167304
HK2_HOXC13,HK2,HOXC13,0.092872396,0.14285714285714285,0.004715678747743368,0.013205213613587044,0.20781638485547263
BCORL1_KIF18B,BCORL1,KIF18B,0.0930339,0.14285714285714285,0.006576233077794313,0.01320372669392069,0.20779298453203418
FOXO4_HK2,FOXO4,HK2,0.09271957,0.14285714285714285,0.004677129909396172,0.01318398959682925,0.20748237295958183
PTPN9_SLC38A2,PTPN9,SLC38A2,0.09301217,0.14285714285714285,0.00817309319972992,0.013179733524341753,0.20741539323294386
FOXF1_RHOXF2,FOXF1,RHOXF2,0.09261771,0.14285714285714285,0.005103831645101309,0.013163915436812116,0.20716645687629495
BCORL1_SLC4A1,BCORL1,SLC4A1,0.09297813,0.14285714285714285,0.00904632918536663,0.013163508186105548,0.2071600477887902
CEBPE_KMT2A,CEBPE,KMT2A,0.0930689,0.14285714285714285,0.01013533677905798,0.013162153954667577,0.20713873563967
HK2_MAPK1,HK2,MAPK1,0.09250794,0.14285714285714285,0.0048141139559447765,0.013152104770447285,0.20698058710860354
BCORL1_MAPK1,BCORL1,MAPK1,0.09256389,0.14285714285714285,0.006035394500941038,0.013144083118840568,0.2068543467700328
FEV_TSC22D1,FEV,TSC22D1,0.09295334,0.14285714285714285,0.011123997159302235,0.013132957478189853,0.20667925756005184
BAK1_PTPN13,BAK1,PTPN13,0.04607632,0.2857142857142857,0.0034650785382837057,0.013119203817484536,0.2064628100166841
GLB1L2_HK2,GLB1L2,HK2,0.092244774,0.14285714285714285,0.004803075920790434,0.013114833331699998,0.20639402971654033
PRTG_SPI1,PRTG,SPI1,0.09276315,0.14285714285714285,0.01075450424104929,0.013110877335264825,0.20633177242167816
FOXO4_ISL2,FOXO4,ISL2,0.092124425,0.14285714285714285,0.003981378860771656,0.013108442449303637,0.20629345352636935
DLX2_ISL2,DLX2,ISL2,0.09228971,0.14285714285714285,0.00800743605941534,0.013079510733363402,0.20583814210238918
CELF2_ISL2,CELF2,ISL2,0.09203405,0.14285714285714285,0.005666195880621672,0.013073643508172401,0.205745806941141
BCORL1_HOXC13,BCORL1,HOXC13,0.09202257,0.14285714285714285,0.005956824403256178,0.013068235954223515,0.20566070583293838
HK2_MAP7D1,HK2,MAP7D1,0.09191346,0.14285714285714285,0.004783399403095245,0.013067985134163962,0.2056567585648706
BAK1_MAP7D1,BAK1,MAP7D1,0.04587397,0.2857142857142857,0.0035883246455341578,0.013059985046165594,0.2055308575825013
ARRDC3_SLC4A1,ARRDC3,SLC4A1,0.0920191,0.14285714285714285,0.008473626337945461,0.013035131377082352,0.205139724215756
ISL2_MAML2,ISL2,MAML2,0.09181305,0.14285714285714285,0.006594184786081314,0.013030226309975551,0.2050625309689493
BCORL1_MAP7D1,BCORL1,MAP7D1,0.09171927,0.14285714285714285,0.0059359255246818066,0.013025434810822422,0.20498712499209962
HOXC13_ISL2,HOXC13,ISL2,0.09150405,0.14285714285714285,0.004018715117126703,0.013019685063583277,0.20489663863420818
RHOXF2_STIL,RHOXF2,STIL,0.091559835,0.14285714285714285,0.004881409462541342,0.01301643783408936,0.20484553552342416
BCORL1_SPI1,BCORL1,SPI1,0.091841735,0.14285714285714285,0.008939679712057114,0.013003996287608299,0.20464973731164474
KIF2C_SPI1,KIF2C,SPI1,0.09190742,0.14285714285714285,0.009782071225345135,0.013002440524163116,0.20462525356270067
BAK1_MAP2K6,BAK1,MAP2K6,0.045622498,0.2857142857142857,0.0034524935763329268,0.012990150957837423,0.20443184713096985
MAP7D1_PRTG,MAP7D1,PRTG,0.09155384,0.14285714285714285,0.008341139182448387,0.012970927270444427,0.20412931531781583
PLK4_PRTG,PLK4,PRTG,0.09159125,0.14285714285714285,0.008851023390889168,0.012969668932068105,0.20410951228092872
BAK1_GLB1L2,BAK1,GLB1L2,0.04554766,0.2857142857142857,0.0035204205196350813,0.012967964580025014,0.20408269012640096
KIF18B_SLC4A1,KIF18B,SLC4A1,0.09150722,0.14285714285714285,0.008471045643091202,0.012962652603587105,0.20399909316446857
ARRDC3_RHOXF2,ARRDC3,RHOXF2,0.090938956,0.14285714285714285,0.004889118019491434,0.012928072491456928,0.20345489038963452
FOXF1_HK2,FOXF1,HK2,0.09082625,0.14285714285714285,0.004723504185676575,0.012914178482843961,0.20323623412813135
MAP2K6_SLC4A1,MAP2K6,SLC4A1,0.09110024,0.14285714285714285,0.008103649131953716,0.012909704040006282,0.20316581780909415
GLB1L2_SLC4A1,GLB1L2,SLC4A1,0.091057345,0.14285714285714285,0.008175069466233253,0.012902711617808857,0.20305577491656898
BAK1_FOXO4,BAK1,FOXO4,0.045221753,0.2857142857142857,0.0033911624923348427,0.012876833541771843,0.2026485199969292
KIF18B_PTPN13,KIF18B,PTPN13,0.09056258,0.14285714285714285,0.005269540473818779,0.012869694341352737,0.2025361671895251
DLX2_KIF18B,DLX2,KIF18B,0.09086902,0.14285714285714285,0.008785360492765903,0.012868236042512254,0.2025132172848938
KIF18B_MAP4K3,KIF18B,MAP4K3,0.090518266,0.14285714285714285,0.005326772574335337,0.012862664364032888,0.20242553327515028
BCORL1_DLX2,BCORL1,DLX2,0.090806015,0.14285714285714285,0.009066810831427574,0.012855727385386937,0.2023163629227269
CDKN1A_DLX2,CDKN1A,DLX2,0.0910081,0.14285714285714285,0.011616788804531097,0.012851859368734288,0.20225549020526576
CDKN1A_PRTG,CDKN1A,PRTG,0.09095173,0.14285714285714285,0.011548998765647411,0.01284476063120364,0.20214377418053295
BAK1_SLC4A1,BAK1,SLC4A1,0.045241646,0.2857142857142857,0.007932846434414387,0.012824450310407296,0.2018241415288651
CSRNP1_UBASH3A,CSRNP1,UBASH3A,0.09030891,0.14285714285714285,0.007588539272546768,0.012804108675382297,0.20150401607109933
KIF18B_ZC3HAV1,KIF18B,ZC3HAV1,0.09013833,0.14285714285714285,0.005872394889593124,0.012801727636569216,0.20146654459257465
BCORL1_RHOXF2,BCORL1,RHOXF2,0.09004225,0.14285714285714285,0.006427194457501173,0.012781032159268128,0.2011408505597916
KIF18B_RHOXF2,KIF18B,RHOXF2,0.08988282,0.14285714285714285,0.00606869300827384,0.012762948561109416,0.20085626084360136
CDKN1A_MAP7D1,CDKN1A,MAP7D1,0.09024194,0.14285714285714285,0.010279920883476734,0.012760528325443363,0.20081817250657513
ISL2_MAP2K6,ISL2,MAP2K6,0.08960998,0.14285714285714285,0.004047614987939596,0.01274981943735056,0.20064964191900644
HK2_MAP4K3,HK2,MAP4K3,0.08963612,0.14285714285714285,0.004704924765974283,0.012745194421963363,0.20057685597204689
ISL2_PTPN13,ISL2,PTPN13,0.08954696,0.14285714285714285,0.004063395783305168,0.012740653051613824,0.20050538638465906
SLC38A2_ZNF318,SLC38A2,ZNF318,0.089771986,0.14285714285714285,0.006688549183309078,0.012739361583157156,0.20048506196479934
FOXF1_ISL2,FOXF1,ISL2,0.08950879,0.14285714285714285,0.004007067997008562,0.01273593578182007,0.20043114858861788
BCORL1_CDKN1A,BCORL1,CDKN1A,0.09004249,0.14285714285714285,0.010281267575919628,0.012732308131362736,0.200374058622062
FOSB_PRTG,FOSB,PRTG,0.089872405,0.14285714285714285,0.008406040258705616,0.012731890208760846,0.20036748158614154
BAK1_HOXC13,BAK1,HOXC13,0.044689782,0.2857142857142857,0.0034931411501020193,0.012724062187298582,0.2002442884922271
IRF1_ISL2,IRF1,ISL2,0.08936809,0.14285714285714285,0.004407715052366257,0.012710844225369725,0.20003627148140146
HK2_MAP2K6,HK2,MAP2K6,0.089168794,0.14285714285714285,0.0047184983268380165,0.012678575370917645,0.19952844200799114
MAP4K3_SLC4A1,MAP4K3,SLC4A1,0.0894332,0.14285714285714285,0.00807158648967743,0.01267387325831738,0.19945444274751992
CDKN1A_SPI1,CDKN1A,SPI1,0.08972381,0.14285714285714285,0.011633927933871746,0.012670282073392145,0.1993979266554408
ISL2_MAP4K3,ISL2,MAP4K3,0.0889232,0.14285714285714285,0.00403596693649888,0.012652250359438098,0.199114153464311
MAP4K5_RHOXF2,MAP4K5,RHOXF2,0.08880973,0.14285714285714285,0.004604953806847334,0.012628948365069299,0.19874743950031545
BCORL1_IRF1,BCORL1,IRF1,0.08887347,0.14285714285714285,0.00616296986117959,0.012618442680840558,0.19858210682333371
MAML2_MEIS1,MAML2,MEIS1,0.088874444,0.14285714285714285,0.0072418395429849625,0.012605065334490406,0.198371581508197
GLB1L2_ISL2,GLB1L2,ISL2,0.08859437,0.14285714285714285,0.004151103086769581,0.012604017935141227,0.19835509811363664
PTPN13_SLC4A1,PTPN13,SLC4A1,0.08883136,0.14285714285714285,0.008088379167020321,0.012588374405839074,0.1981089088583103
DLX2_UBASH3A,DLX2,UBASH3A,0.088609524,0.14285714285714285,0.008397371508181095,0.012553090474455414,0.19755362976338556
BAK1_MAPK1,BAK1,MAPK1,0.044054277,0.2857142857142857,0.003763285232707858,0.012539745714766853,0.1973436172791961
FOSB_ISL2,FOSB,ISL2,0.088050775,0.14285714285714285,0.004510523751378059,0.01252220049296139,0.19706750023377798
HK2_PTPN13,HK2,PTPN13,0.08798473,0.14285714285714285,0.004698879085481167,0.012510462461521252,0.19688277355455946
FOXF1_SLC4A1,FOXF1,SLC4A1,0.088117175,0.14285714285714285,0.007978868670761585,0.012488523539955929,0.19653751088022892
DLX2_STIL,DLX2,STIL,0.08817405,0.14285714285714285,0.008648729883134365,0.012488285412264065,0.196533763357659
MEIS1_RUNX1T1,MEIS1,RUNX1T1,0.08782348,0.14285714285714285,0.007870844565331936,0.012448233371117319,0.1959034463752336
GLB1L2_UBASH3A,GLB1L2,UBASH3A,0.08750926,0.14285714285714285,0.00430145813152194,0.012447779196323136,0.19589629882226084
SPI1_STIL,SPI1,STIL,0.08753175,0.14285714285714285,0.008467037230730057,0.012399548685972756,0.1951372735922231
ARRDC3_GLB1L2,ARRDC3,GLB1L2,0.08716168,0.14285714285714285,0.004260153044015169,0.012398847945346032,0.1951262457218661
BCL2L11_HK2,BCL2L11,HK2,0.08696922,0.14285714285714285,0.005262905266135931,0.012359129237672913,0.194501174558211
FOXO4_PLK4,FOXO4,PLK4,0.086819254,0.14285714285714285,0.004218344576656818,0.01235065124898625,0.19436775263780415
NCL_RUNX1T1,NCL,RUNX1T1,0.08726586,0.14285714285714285,0.009984157979488373,0.012343313347271224,0.19425227277875265
SLC4A1_TSC22D1,SLC4A1,TSC22D1,0.08722885,0.14285714285714285,0.010486436076462269,0.012331946054602888,0.19407338058230253
CDKN1A_FOSB,CDKN1A,FOSB,0.08709157,0.14285714285714285,0.01029818132519722,0.012314832844481139,0.19380406229902125
FOXO4_UBASH3A,FOXO4,UBASH3A,0.086282715,0.14285714285714285,0.004222432151436806,0.012274274878741836,0.19316578335377482
ISL2_RHOXF2,ISL2,RHOXF2,0.08632365,0.14285714285714285,0.004711623769253492,0.012274118783219679,0.19316332680834844
RHOXF2_UBASH3A,RHOXF2,UBASH3A,0.08630608,0.14285714285714285,0.004903747700154781,0.012269274604607918,0.19308709179116898
CDKN1A_MAP4K3,CDKN1A,MAP4K3,0.08674314,0.14285714285714285,0.010066072456538677,0.012268382533992012,0.19307305287473353
FEV_ZC3HAV1,FEV,ZC3HAV1,0.086480096,0.14285714285714285,0.009484576061367989,0.012238225049738413,0.19259845098359332
HOXC13_SLC4A1,HOXC13,SLC4A1,0.08632397,0.14285714285714285,0.007899759337306023,0.012235339344644611,0.19255303734486687
DLX2_ZC3HAV1,DLX2,ZC3HAV1,0.08637128,0.14285714285714285,0.00846287701278925,0.012235209250732949,0.19255098999847745
SLC4A1_ZC3HAV1,SLC4A1,ZC3HAV1,0.08631548,0.14285714285714285,0.008650408126413822,0.012225031750973303,0.1923908221080663
RHOXF2_SLC4A1,RHOXF2,SLC4A1,0.086089894,0.14285714285714285,0.008580686524510384,0.012193924070834413,0.19190126655698814
ARRDC3_FOXO4,ARRDC3,FOXO4,0.08550605,0.14285714285714285,0.0041772834956645966,0.012164336372548571,0.1914356316438481
MAP7D1_RHOXF2,MAP7D1,RHOXF2,0.085357524,0.14285714285714285,0.005147430580109358,0.012131486082498725,0.19091865185697146
JUN_PRTG,JUN,PRTG,0.08579738,0.14285714285714285,0.010328889824450016,0.012131463582209127,0.19091829775979594
MAPK1_RHOXF2,MAPK1,RHOXF2,0.08536578,0.14285714285714285,0.005318841896951199,0.012130590691409343,0.19090456068475176
FOXF1_UBASH3A,FOXF1,UBASH3A,0.08514587,0.14285714285714285,0.004123660270124674,0.012113742521384368,0.1906394134566586
ARRDC3_KIF18B,ARRDC3,KIF18B,0.08500253,0.14285714285714285,0.00470131216570735,0.012086396170201475,0.19020905163078328
KIF18B_MAP4K5,KIF18B,MAP4K5,0.08501275,0.14285714285714285,0.004862575326114893,0.012085909758766371,0.19020139675529596
CELF2_STIL,CELF2,STIL,0.08507738,0.14285714285714285,0.005683813244104385,0.012085221660517913,0.1901905678437308
JUN_SPI1,JUN,SPI1,0.085339464,0.14285714285714285,0.010802567936480045,0.012061061598019425,0.18981035007571592
DLX2_SLC4A1,DLX2,SLC4A1,0.08524513,0.14285714285714285,0.010247720405459404,0.012054346491242793,0.18970467142067302
FOSB_KIF18B,FOSB,KIF18B,0.08484501,0.14285714285714285,0.005713239777833223,0.012051860043220177,0.1896655410700167
MAP2K6_UBASH3A,MAP2K6,UBASH3A,0.084477864,0.14285714285714285,0.004192275460809469,0.012017884034789704,0.18913084534676275
HOXC13_RHOXF2,HOXC13,RHOXF2,0.08430098,0.14285714285714285,0.005116495303809643,0.011981692863572651,0.18856128861060556
CDKN1A_SLC4A1,CDKN1A,SLC4A1,0.08464528,0.14285714285714285,0.011071172542870045,0.011959773957775477,0.18821634093341919
ARRDC3_MAP4K3,ARRDC3,MAP4K3,0.08398657,0.14285714285714285,0.004197843372821808,0.011947926322564443,0.18802988937037063
BCL2L11_ISL2,BCL2L11,ISL2,0.08394684,0.14285714285714285,0.004747414495795965,0.011935741654899837,0.18783813377604094
FOSB_MAPK1,FOSB,MAPK1,0.08396592,0.14285714285714285,0.0051828594878315926,0.01193328288754551,0.18779943904850915
KIF18B_TSC22D1,KIF18B,TSC22D1,0.08419707,0.14285714285714285,0.008825399912893772,0.01192292778336502,0.18763647611746068
RUNX1T1_TGFBR2,RUNX1T1,TGFBR2,0.0842213,0.14285714285714285,0.009254546836018562,0.01192128865621142,0.18761068043634962
IRF1_KIF18B,IRF1,KIF18B,0.08378206,0.14285714285714285,0.005505851469933987,0.011903328034482968,0.1873280260555433
CDKN1A_GLB1L2,CDKN1A,GLB1L2,0.08408984,0.14285714285714285,0.009938961826264858,0.01189461388216549,0.18719088752187849
MAPK1_SLC4A1,MAPK1,SLC4A1,0.08385539,0.14285714285714285,0.008035993203520775,0.011883843025175986,0.18702138170191573
FEV_JUN,FEV,JUN,0.084041044,0.14285714285714285,0.01068967767059803,0.011878882025209194,0.18694330821453908
IRF1_MAPK1,IRF1,MAPK1,0.08323431,0.14285714285714285,0.004913927987217903,0.011832471821294585,0.18621292996544997
CDKN1A_TSC22D1,CDKN1A,TSC22D1,0.08380681,0.14285714285714285,0.011959838680922985,0.011830906094971295,0.1861882894262129
JUN_TSC22D1,JUN,TSC22D1,0.08354054,0.14285714285714285,0.01074887439608574,0.011807445602177953,0.1858190811012356
ARRDC3_CSRNP1,ARRDC3,CSRNP1,0.08320915,0.14285714285714285,0.00742020970210433,0.011799466844422879,0.185693515802497
CDKN1A_MAP2K6,CDKN1A,MAP2K6,0.083367884,0.14285714285714285,0.009865052998065948,0.011793355658417264,0.18559734132020314
JUN_KIF18B,JUN,KIF18B,0.08328055,0.14285714285714285,0.008815457113087177,0.011793258245333416,0.1855958082866972
CDKN1A_FOXO4,CDKN1A,FOXO4,0.083361186,0.14285714285714285,0.009796258993446827,0.011793211515222593,0.18559507287392923
BCL2L11_CDKN1A,BCL2L11,CDKN1A,0.08328804,0.14285714285714285,0.010198649950325489,0.011778169470632113,0.18535834945399063
MAP4K3_UBASH3A,MAP4K3,UBASH3A,0.08274069,0.14285714285714285,0.0040685441344976425,0.011772202394121916,0.18526444288763042
PLK4_SLC4A1,PLK4,SLC4A1,0.08287761,0.14285714285714285,0.00868521723896265,0.011737714486094883,0.18472169117023057
CDKN1A_PTPN13,CDKN1A,PTPN13,0.08278583,0.14285714285714285,0.009866490960121155,0.011711000646798001,0.18430128346833805
CSRNP1_POU3F2,CSRNP1,POU3F2,0.0824883,0.14285714285714285,0.008525968529284,0.011684421619862976,0.18388299736920746
DLX2_RHOXF2,DLX2,RHOXF2,0.082440406,0.14285714285714285,0.008752267807722092,0.011675017985086078,0.18373500814002716
PTPN13_UBASH3A,PTPN13,UBASH3A,0.08155939,0.14285714285714285,0.004169802647083998,0.011602959353606982,0.18260098905258046
FOSB_FOXO4,FOSB,FOXO4,0.08137751,0.14285714285714285,0.004994678311049938,0.01156758274630065,0.18204425147498543
CDKN1A_HOXC13,CDKN1A,HOXC13,0.08159331,0.14285714285714285,0.009736363776028156,0.01154379290762387,0.18166986008573774
IRF1_SLC4A1,IRF1,SLC4A1,0.081299715,0.14285714285714285,0.0079228850081563,0.011522949955985563,0.1813418451829925
FOSB_ZNF318,FOSB,ZNF318,0.081063926,0.14285714285714285,0.00513766473159194,0.011521367962721117,0.18131694864358747
HK2_IRF1,HK2,IRF1,0.08073972,0.14285714285714285,0.00497855618596077,0.011477106531117665,0.18062038659063492
SLC4A1_SPI1,SLC4A1,SPI1,0.08113992,0.14285714285714285,0.01015580352395773,0.011474880813854914,0.18058535947719395
MAP7D1_SLC4A1,MAP7D1,SLC4A1,0.0809093,0.14285714285714285,0.00791686400771141,0.011467682895494472,0.18047208259914232
CDKN1A_FOXF1,CDKN1A,FOXF1,0.08104273,0.14285714285714285,0.009864055551588535,0.011464446819439379,0.18042115501504064
FOSB_RHOXF2,FOSB,RHOXF2,0.080031805,0.14285714285714285,0.0056367130018770695,0.011369030998072837,0.17891955332690074
BAK1_KIF2C,BAK1,KIF2C,0.08014472,0.14285714285714285,0.008976821787655354,0.011347382043549372,0.17857885399430246
PRTG_ZC3HAV1,PRTG,ZC3HAV1,0.08008845,0.14285714285714285,0.008647061884403229,0.011343122674090099,0.178511822381737
BCL2L11_KIF18B,BCL2L11,KIF18B,0.079844385,0.14285714285714285,0.005736800841987133,0.011341278115516737,0.1784827937339932
MAPK1_UBASH3A,MAPK1,UBASH3A,0.07973217,0.14285714285714285,0.004362056963145733,0.01134084091892212,0.17847591337458193
FOSB_HOXC13,FOSB,HOXC13,0.07965134,0.14285714285714285,0.005101792514324188,0.01132100555606331,0.17816375534955967
CDKN1A_IRF1,CDKN1A,IRF1,0.07989071,0.14285714285714285,0.009966293349862099,0.011300336544709681,0.17783847782329318
ARRDC3_HOXC13,ARRDC3,HOXC13,0.07890493,0.14285714285714285,0.00399075448513031,0.011227326891549523,0.17668949207998916
MAPK1_TSC22D1,MAPK1,TSC22D1,0.07917982,0.14285714285714285,0.00850231945514679,0.01121604097922831,0.17651188060265738
PLK4_PTPN13,PLK4,PTPN13,0.0788166,0.14285714285714285,0.004328254144638777,0.011210990291079906,0.17643239565203506
SPI1_TSC22D1,SPI1,TSC22D1,0.07920466,0.14285714285714285,0.010484962724149227,0.011197546094355911,0.1762208182825034
DLX2_TSC22D1,DLX2,TSC22D1,0.07897756,0.14285714285714285,0.01060147862881422,0.011164152403616434,0.17569528675461357
HOXC13_SPI1,HOXC13,SPI1,0.078310035,0.14285714285714285,0.00817395281046629,0.011096446054886983,0.17462976149796486
MAP4K5_MAPK1,MAP4K5,MAPK1,0.07796313,0.14285714285714285,0.004164549987763166,0.011091399126183524,0.17455033571141818
ARRDC3_MAPK1,ARRDC3,MAPK1,0.07795204,0.14285714285714285,0.0041268873028457165,0.01109023786986688,0.17453206049856076
FOSB_SLC4A1,FOSB,SLC4A1,0.077974826,0.14285714285714285,0.008045615628361702,0.01105035397046606,0.17390438963840224
DLX2_JUN,DLX2,JUN,0.07803234,0.14285714285714285,0.010615624487400055,0.011030382335900495,0.17359008704425108
MAP7D1_TSC22D1,MAP7D1,TSC22D1,0.07782136,0.14285714285714285,0.008591657504439354,0.011022634306718983,0.17346815282483039
ARRDC3_TSC22D1,ARRDC3,TSC22D1,0.07771316,0.14285714285714285,0.008018488995730877,0.011013568069477508,0.17332547337238843
FOXO4_SPI1,FOXO4,SPI1,0.07770027,0.14285714285714285,0.008105521090328693,0.011010790689911974,0.17328176450121296
TSC22D1_ZNF318,TSC22D1,ZNF318,0.07768452,0.14285714285714285,0.008235501125454903,0.011007139500981608,0.17322430409912207
JUN_MAPK1,JUN,MAPK1,0.077630915,0.14285714285714285,0.00860519614070654,0.010995512139616082,0.17304131908463463
ARRDC3_MAP7D1,ARRDC3,MAP7D1,0.07726639,0.14285714285714285,0.004054959397763014,0.01099347727336341,0.17300929547936258
HOXC13_UBASH3A,HOXC13,UBASH3A,0.07724848,0.14285714285714285,0.003994080703705549,0.010991595316340478,0.17297967827540028
IRF1_RHOXF2,IRF1,RHOXF2,0.07714644,0.14285714285714285,0.005355338100343943,0.010962213745407961,0.17251728728111243
MAP4K5_MAP7D1,MAP4K5,MAP7D1,0.07701928,0.14285714285714285,0.0038792260456830263,0.010960237288522402,0.17248618289031656
MAP4K3_PLK4,MAP4K3,PLK4,0.07700436,0.14285714285714285,0.004403162747621536,0.01095239740779637,0.17236280316183528
FOSB_JUN,FOSB,JUN,0.076991506,0.14285714285714285,0.009204860776662827,0.010898467682430975,0.17151408682224092
FOSB_TSC22D1,FOSB,TSC22D1,0.07696058,0.14285714285714285,0.008878296241164207,0.01089761610175884,0.17150068511425842
CELF2_TSC22D1,CELF2,TSC22D1,0.07668557,0.14285714285714285,0.008989541791379452,0.010857477704769164,0.17086900911109967
BCL2L11_UBASH3A,BCL2L11,UBASH3A,0.076151505,0.14285714285714285,0.004590027499943972,0.010829080666605172,0.17042211215172207
SPI1_UBASH3A,SPI1,UBASH3A,0.07637305,0.14285714285714285,0.00820930302143097,0.010821597672203942,0.17030434890382148
CDKN1A_STIL,CDKN1A,STIL,0.07648502,0.14285714285714285,0.009768635965883732,0.010820728089619367,0.17029066389164768
DLX2_PLK4,DLX2,PLK4,0.076374404,0.14285714285714285,0.008740771561861038,0.01081608820556878,0.1702176439498461
CDKN1A_HK2,CDKN1A,HK2,0.07640415,0.14285714285714285,0.009725697338581085,0.010809745805433514,0.17011783074681985
ARRDC3_CDKN1A,ARRDC3,CDKN1A,0.076212235,0.14285714285714285,0.00914798490703106,0.010788766639203872,0.16978767217379684
FOXO4_TSC22D1,FOXO4,TSC22D1,0.075918205,0.14285714285714285,0.008377479389309883,0.010755355103214757,0.16926185980718866
JUN_RHOXF2,JUN,RHOXF2,0.07581574,0.14285714285714285,0.00886008981615305,0.010735700337550998,0.16895254392143721
MAP7D1_UBASH3A,MAP7D1,UBASH3A,0.075426154,0.14285714285714285,0.0039043445140123367,0.010733258495167557,0.1689141155497832
MAP4K3_TSC22D1,MAP4K3,TSC22D1,0.07569101,0.14285714285714285,0.008470453321933746,0.01072217929189771,0.16873975714574727
JUN_SLC4A1,JUN,SLC4A1,0.07561224,0.14285714285714285,0.010201987810432911,0.010692662097282908,0.168275231780583
RHOXF2_SPI1,RHOXF2,SPI1,0.07541669,0.14285714285714285,0.008496617898344994,0.010683043348572353,0.1681238572066947
ARRDC3_IRF1,ARRDC3,IRF1,0.07499895,0.14285714285714285,0.004451580811291933,0.01066665259802649,0.1678659085946401
ARRDC3_FOSB,ARRDC3,FOSB,0.07490986,0.14285714285714285,0.004613817203789949,0.010652260759703347,0.16763941776312016
RUNX1T1_ZNF318,RUNX1T1,ZNF318,0.07511717,0.14285714285714285,0.00810148473829031,0.010644785831571649,0.16752178145773047
SPI1_ZNF318,SPI1,ZNF318,0.07497847,0.14285714285714285,0.008102022111415863,0.010625125115989,0.16721237193542984
IRF1_MAP4K5,IRF1,MAP4K5,0.074521855,0.14285714285714285,0.003921861760318279,0.010604390264450937,0.16688605825257344
JUN_PTPN13,JUN,PTPN13,0.0746661,0.14285714285714285,0.00869593396782875,0.010574629117771933,0.16641769370407264
JUN_MAP7D1,JUN,MAP7D1,0.074588545,0.14285714285714285,0.008707989007234573,0.010563519370411478,0.16624285461394753
GLB1L2_TSC22D1,GLB1L2,TSC22D1,0.07455975,0.14285714285714285,0.008466802537441254,0.010561966511250746,0.16621841657103384
MAP2K6_TSC22D1,MAP2K6,TSC22D1,0.07455694,0.14285714285714285,0.008467587642371655,0.010561560390875059,0.16621202527205445
FOSB_HK2,FOSB,HK2,0.07427773,0.14285714285714285,0.005016148556023836,0.010558142900450646,0.16615824268844298
CSRNP1_EGR1,CSRNP1,EGR1,0.074516654,0.14285714285714285,0.010892754420638084,0.010530529812630012,0.16572368310815144
JUN_MAP4K3,JUN,MAP4K3,0.07436369,0.14285714285714285,0.008839522488415241,0.010530301958305831,0.16572009726218856
HOXC13_TSC22D1,HOXC13,TSC22D1,0.07424646,0.14285714285714285,0.008466563187539577,0.010517589125550796,0.16552002969632162
CDKN1A_CEBPE,CDKN1A,CEBPE,0.07448006,0.14285714285714285,0.012495973147451878,0.010508691778675298,0.16538000814751694
JUN_MAP2K6,JUN,MAP2K6,0.0741877,0.14285714285714285,0.008656196296215057,0.010507290180889018,0.16535795057287334
RHOXF2_TSC22D1,RHOXF2,TSC22D1,0.074088074,0.14285714285714285,0.00873521063476801,0.010492357655383554,0.16512295070402497
GLB1L2_JUN,GLB1L2,JUN,0.07403402,0.14285714285714285,0.008645429275929928,0.010485635792298787,0.16501716572192274
IRF1_JUN,IRF1,JUN,0.07390634,0.14285714285714285,0.009100855328142643,0.010462827846728006,0.16465822682602912
NCL_SLC38A2,NCL,SLC38A2,0.07379088,0.14285714285714285,0.009341572411358356,0.010443990712705117,0.1643617783770887
FOXO4_JUN,FOXO4,JUN,0.07366189,0.14285714285714285,0.008630579337477684,0.010433084097984328,0.1641901360766602
FOXF1_TSC22D1,FOXF1,TSC22D1,0.07358191,0.14285714285714285,0.00844085868448019,0.010423716542197084,0.16404271463876435
IRF1_TSC22D1,IRF1,TSC22D1,0.07353181,0.14285714285714285,0.008654986508190632,0.01041440722723797,0.16389620976297095
PTPN13_TSC22D1,PTPN13,TSC22D1,0.07350638,0.14285714285714285,0.008452598936855793,0.010412895065296671,0.1638724121905005
MAP4K5_TSC22D1,MAP4K5,TSC22D1,0.07317766,0.14285714285714285,0.0077898940071463585,0.010373145442404391,0.1632468545001393
CDKN1A_MAP4K5,CDKN1A,MAP4K5,0.073191606,0.14285714285714285,0.009189873933792114,0.010360729842928195,0.16305146462804349
BCL2L11_JUN,BCL2L11,JUN,0.07310518,0.14285714285714285,0.008988549001514912,0.010350560447850378,0.16289142428465483
KIF2C_RHOXF2,KIF2C,RHOXF2,0.07233966,0.14285714285714285,0.006604488473385572,0.010266432808480976,0.16156746979275738
CELF2_JUN,CELF2,JUN,0.07216488,0.14285714285714285,0.009416683577001095,0.010213094838870226,0.16072806617957902
BCL2L11_TSC22D1,BCL2L11,TSC22D1,0.07184826,0.14285714285714285,0.008566228672862053,0.010176859604332181,0.16015781599912463
FOXF1_JUN,FOXF1,JUN,0.07177578,0.14285714285714285,0.008656638674438,0.010165682095799551,0.15998191052096164
CDKN1A_UBASH3A,CDKN1A,UBASH3A,0.07177092,0.14285714285714285,0.0093070724979043,0.010158443395074108,0.1598679918324927
CDKN1A_PLK4,CDKN1A,PLK4,0.07175609,0.14285714285714285,0.009702937677502632,0.010152361871701846,0.15977228416439884
FOSB_PLK4,FOSB,PLK4,0.07091954,0.14285714285714285,0.004953891970217228,0.01008142108684592,0.15865585713194252
KMT2A_SLC38A2,KMT2A,SLC38A2,0.07102289,0.14285714285714285,0.007626833859831095,0.01006933010764277,0.1584655759550613
HOXC13_JUN,HOXC13,JUN,0.07079799,0.14285714285714285,0.008569755591452122,0.010028060158567009,0.15781609220787912
IRF1_PLK4,IRF1,PLK4,0.070019096,0.14285714285714285,0.004733340349048376,0.009955604753761718,0.15667582892017412
CDKN1A_MAML2,CDKN1A,MAML2,0.06990889,0.14285714285714285,0.008485207334160805,0.009902955249756817,0.15584725999982932
FOSB_MAP4K5,FOSB,MAP4K5,0.06930127,0.14285714285714285,0.004137184005230665,0.009859391305202593,0.15516167461422162
BAK1_KMT2A,BAK1,KMT2A,0.06906774,0.14285714285714285,0.006910551805049181,0.009799102643574658,0.15421288483513004
GLB1L2_KIF2C,GLB1L2,KIF2C,0.0681192,0.14285714285714285,0.006078132428228855,0.009672523135450134,0.15222084619456186
CSRNP1_PRTG,CSRNP1,PRTG,0.06669866,0.14285714285714285,0.008037129417061806,0.009452410175641994,0.14875682956403194
FEV_MAML2,FEV,MAML2,0.0666617,0.14285714285714285,0.008513210341334343,0.009442712290697465,0.148604209587643
MAML2_RHOXF2,MAML2,RHOXF2,0.066409,0.14285714285714285,0.004692134913057089,0.009442693503032588,0.14860391391771227
BCL2L11_CEBPE,BCL2L11,CEBPE,0.06652791,0.14285714285714285,0.010216345079243183,0.009407873140190523,0.14805593020938754
JUN_ZNF318,JUN,ZNF318,0.0652053,0.14285714285714285,0.007971715182065964,0.009241373029767247,0.14543564309865117
JUN_PLK4,JUN,PLK4,0.065214865,0.14285714285714285,0.008348694071173668,0.00923927340570284,0.1454026003705751
BCL2L11_PLK4,BCL2L11,PLK4,0.06460024,0.14285714285714285,0.005065148696303368,0.009182096560418558,0.14450278264462824
KIF18B_MAML2,KIF18B,MAML2,0.064208865,0.14285714285714285,0.004931073170155287,0.009127685737427484,0.14364649505535504
JUN_MAP4K5,JUN,MAP4K5,0.06361681,0.14285714285714285,0.007950976490974426,0.009016426636517099,0.14189556055251015
JUN_MAML2,JUN,MAML2,0.06310141,0.14285714285714285,0.007752054370939732,0.008945144023712819,0.1407737540199149
CEBPE_RHOXF2,CEBPE,RHOXF2,0.06317799,0.14285714285714285,0.010092713870108128,0.008935245966693253,0.14061798384556626
MAML2_TSC22D1,MAML2,TSC22D1,0.061445627,0.14285714285714285,0.007374161388725042,0.008713690605120145,0.1371312674898311
FOSB_UBASH3A,FOSB,UBASH3A,0.06108658,0.14285714285714285,0.004071972332894802,0.008691263722765859,0.13677832555713482
MAML2_PRTG,MAML2,PRTG,0.061124977,0.14285714285714285,0.007926549762487411,0.008663468120879298,0.1363408936709135
BAK1_UBASH3A,BAK1,UBASH3A,0.058442574,0.14285714285714285,0.006518074776977301,0.008294872542558979,0.13054013930209163
CEBPB_HES7,CEBPB,HES7,0.669395,0.0,0.019750399515032768,0.0,0.0
CEBPB_CNNM4,CEBPB,CNNM4,0.4023867,0.0,0.0183136947453022,0.0,0.0
CEBPA_ZBTB10,CEBPA,ZBTB10,0.8559615,0.0,0.02233993448317051,0.0,0.0
AHR_CBFA2T3,AHR,CBFA2T3,0.26563329,0.0,0.01235270220786333,0.0,0.0
CEBPA_IKZF3,CEBPA,IKZF3,0.7285713,0.0,0.028658561408519745,0.0,0.0
CEBPA_HOXA13,CEBPA,HOXA13,0.88799226,0.0,0.022915592417120934,0.0,0.0
CEBPA_DUSP9,CEBPA,DUSP9,0.66725993,0.0,0.023770958185195923,0.0,0.0
KIF18B_MIDN,KIF18B,MIDN,0.32229888,0.0,0.006305689923465252,0.0,0.0
ARRDC3_BCL2L11,ARRDC3,BCL2L11,0.08114677,0.0,0.004674339201301336,0.0,0.0
CEBPE_TMSB4X,CEBPE,TMSB4X,0.25462353,0.0,0.009281511418521404,0.0,0.0
ARRDC3_MIDN,ARRDC3,MIDN,0.29406628,0.0,0.008110576309263706,0.0,0.0
ARRDC3_CELF2,ARRDC3,CELF2,0.082358204,0.0,0.005590056534856558,0.0,0.0
TMSB4X_ZC3HAV1,TMSB4X,ZC3HAV1,0.24852942,0.0,0.010450494475662708,0.0,0.0
AHR_ETS2,AHR,ETS2,0.32071868,0.0,0.01429914589971304,0.0,0.0
AHR_ZC3HAV1,AHR,ZC3HAV1,0.18126975,0.0,0.011173254810273647,0.0,0.0
CEBPE_LYL1,CEBPE,LYL1,0.16767804,0.0,0.011336347088217735,0.0,0.0
ARRDC3_FOXF1,ARRDC3,FOXF1,0.08091806,0.0,0.004092082381248474,0.0,0.0
TSC22D1_ZBTB10,TSC22D1,ZBTB10,0.385464,0.0,0.008916829712688923,0.0,0.0
CEBPE_KIF18B,CEBPE,KIF18B,0.0700586,0.0,0.010155446827411652,0.0,0.0
ARRDC3_HES7,ARRDC3,HES7,0.5341678,0.0,0.006881283596158028,0.0,0.0
CEBPE_HOXB9,CEBPE,HOXB9,0.25158355,0.0,0.013463075272738934,0.0,0.0
CEBPE_HNF4A,CEBPE,HNF4A,0.25211206,0.0,0.012814692221581936,0.0,0.0
AHR_TBX2,AHR,TBX2,0.32040405,0.0,0.01609930396080017,0.0,0.0
CEBPE_HES7,CEBPE,HES7,0.51669973,0.0,0.011854727752506733,0.0,0.0
HOXC13_MIDN,HOXC13,MIDN,0.30589867,0.0,0.004819310735911131,0.0,0.0
AHR_RUNX1T1,AHR,RUNX1T1,0.20553969,0.0,0.010362430475652218,0.0,0.0
AHR_OSR2,AHR,OSR2,0.35757998,0.0,0.01611321233212948,0.0,0.0
CEBPE_PTPN9,CEBPE,PTPN9,0.10726587,0.0,0.01034532766789198,0.0,0.0
CEBPE_FOXA3,CEBPE,FOXA3,0.1463047,0.0,0.011157396249473095,0.0,0.0
AHR_HES7,AHR,HES7,0.5892844,0.0,0.015567212365567684,0.0,0.0
AHR_MIDN,AHR,MIDN,0.39953157,0.0,0.013116950169205666,0.0,0.0
ARID1A_COL2A1,ARID1A,COL2A1,0.42384446,0.0,0.016857052221894264,0.0,0.0
CEBPE_EGR1,CEBPE,EGR1,0.12174163,0.0,0.012216033414006233,0.0,0.0
ARRDC3_MAP2K6,ARRDC3,MAP2K6,0.084697075,0.0,0.004176579415798187,0.0,0.0
CEBPE_CITED1,CEBPE,CITED1,0.20629822,0.0,0.012947632931172848,0.0,0.0
ARID1A_HES7,ARID1A,HES7,0.6061823,0.0,0.017935531213879585,0.0,0.0
CEBPE_NCL,CEBPE,NCL,0.064564854,0.0,0.01187599916011095,0.0,0.0
ARID1A_ZBTB10,ARID1A,ZBTB10,0.45590222,0.0,0.016935331746935844,0.0,0.0
CEBPE_CELF2,CEBPE,CELF2,0.077112965,0.0,0.01088104210793972,0.0,0.0
CEBPB_ZBTB10,CEBPB,ZBTB10,0.5300059,0.0,0.016692902892827988,0.0,0.0
ARRDC3_CITED1,ARRDC3,CITED1,0.24892372,0.0,0.010647171176970005,0.0,0.0
CEBPB_IER5L,CEBPB,IER5L,0.43905842,0.0,0.0176842100918293,0.0,0.0
CEBPB_HOXA13,CEBPB,HOXA13,0.55989826,0.0,0.018141034990549088,0.0,0.0
CEBPE_MIDN,CEBPE,MIDN,0.27826282,0.0,0.011853458359837532,0.0,0.0
CBFA2T3_NIT1,CBFA2T3,NIT1,0.31717655,0.0,0.014581743627786636,0.0,0.0
ARRDC3_PTPN13,ARRDC3,PTPN13,0.083834834,0.0,0.004178859759122133,0.0,0.0
IRF1_TMSB4X,IRF1,TMSB4X,0.23487103,0.0,0.005019020289182663,0.0,0.0
BCORL1_CITED1,BCORL1,CITED1,0.24750462,0.0,0.012527594342827797,0.0,0.0
BAK1_STIL,BAK1,STIL,0.10336101,0.0,0.005543848499655724,0.0,0.0
BCORL1_COL1A1,BCORL1,COL1A1,0.34201795,0.0,0.0175709780305624,0.0,0.0
BCORL1_HES7,BCORL1,HES7,0.5518526,0.0,0.010804463177919388,0.0,0.0
BCORL1_HNF4A,BCORL1,HNF4A,0.3075308,0.0,0.010897638276219368,0.0,0.0
AHR_COL2A1,AHR,COL2A1,0.43347794,0.0,0.014708173461258411,0.0,0.0
BCORL1_HOXB9,BCORL1,HOXB9,0.32099465,0.0,0.009841646067798138,0.0,0.0
BAK1_SLC38A2,BAK1,SLC38A2,0.12142741,0.0,0.007325842976570129,0.0,0.0
IRF1_STIL,IRF1,STIL,0.08268588,0.0,0.004556851461529732,0.0,0.0
SLC6A9_ZBTB10,SLC6A9,ZBTB10,0.3678124,0.0,0.0110139399766922,0.0,0.0
BPGM_OSR2,BPGM,OSR2,0.18245038,0.0,0.009478824213147163,0.0,0.0
BCORL1_MIDN,BCORL1,MIDN,0.31118628,0.0,0.010600801557302475,0.0,0.0
JUN_PTPN9,JUN,PTPN9,0.10817751,0.0,0.008756513707339764,0.0,0.0
BAK1_MIDN,BAK1,MIDN,0.24925712,0.0,0.00960763730108738,0.0,0.0
BCORL1_SLC38A2,BCORL1,SLC38A2,0.13159552,0.0,0.008632014505565166,0.0,0.0
ISL2_STIL,ISL2,STIL,0.15111858,0.0,0.006785796955227852,0.0,0.0
BCORL1_TMSB4X,BCORL1,TMSB4X,0.243345,0.0,0.009052423760294914,0.0,0.0
RUNX1T1_ZBTB10,RUNX1T1,ZBTB10,0.36569494,0.0,0.011745024472475052,0.0,0.0
BPGM_COL2A1,BPGM,COL2A1,0.31089282,0.0,0.013641239143908024,0.0,0.0
BAK1_LYL1,BAK1,LYL1,0.13233079,0.0,0.010264404118061066,0.0,0.0
IRF1_MIDN,IRF1,MIDN,0.2970724,0.0,0.005442081484943628,0.0,0.0
BAK1_ZBTB10,BAK1,ZBTB10,0.35733438,0.0,0.009572513401508331,0.0,0.0
BCL2L11_TMSB4X,BCL2L11,TMSB4X,0.24125297,0.0,0.005436618346720934,0.0,0.0
BCL2L11_STIL,BCL2L11,STIL,0.07470851,0.0,0.004789678379893303,0.0,0.0
BCL2L11_HES7,BCL2L11,HES7,0.5426651,0.0,0.0037128902040421963,0.0,0.0
SLC38A2_TMSB4X,SLC38A2,TMSB4X,0.24297719,0.0,0.008203919045627117,0.0,0.0
JUN_LYL1,JUN,LYL1,0.12971638,0.0,0.010295160114765167,0.0,0.0
JUN_KMT2A,JUN,KMT2A,0.08936519,0.0,0.008640933781862259,0.0,0.0
BCL2L11_LYL1,BCL2L11,LYL1,0.16236629,0.0,0.00789032131433487,0.0,0.0
BCL2L11_MAML2,BCL2L11,MAML2,0.07119942,0.0,0.0044744317419826984,0.0,0.0
JUN_MIDN,JUN,MIDN,0.2837053,0.0,0.009392090141773224,0.0,0.0
SLC38A2_ZBTB10,SLC38A2,ZBTB10,0.3755871,0.0,0.01183348335325718,0.0,0.0
IRF1_PTPN9,IRF1,PTPN9,0.13958763,0.0,0.005159413442015648,0.0,0.0
BCL2L11_ETS2,BCL2L11,ETS2,0.28080752,0.0,0.0046124584041535854,0.0,0.0
BCL2L11_COL2A1,BCL2L11,COL2A1,0.3986787,0.0,0.0034289215691387653,0.0,0.0
BCL2L11_MIDN,BCL2L11,MIDN,0.2948374,0.0,0.005498671438544989,0.0,0.0
BCL2L11_COL1A1,BCL2L11,COL1A1,0.3153186,0.0,0.014583413489162922,0.0,0.0
SLC4A1_TMSB4X,SLC4A1,TMSB4X,0.23308042,0.0,0.007585124112665653,0.0,0.0
BCL2L11_CITED1,BCL2L11,CITED1,0.24892293,0.0,0.008838009089231491,0.0,0.0
CEBPE_ZBTB10,CEBPE,ZBTB10,0.35558823,0.0,0.012471397407352924,0.0,0.0
ZBTB10_ZC3HAV1,ZBTB10,ZC3HAV1,0.34502724,0.0,0.013348364271223545,0.0,0.0
BCL2L11_BCORL1,BCL2L11,BCORL1,0.09183981,0.0,0.006359104998409748,0.0,0.0
SET_ZBTB10,SET,ZBTB10,0.41499975,0.0,0.01995578035712242,0.0,0.0
BPGM_HES7,BPGM,HES7,0.4964163,0.0,0.015163907781243324,0.0,0.0
IRF1_MAML2,IRF1,MAML2,0.07084521,0.0,0.004229887388646603,0.0,0.0
PTPN13_STIL,PTPN13,STIL,0.09285191,0.0,0.004008983727544546,0.0,0.0
CDKN1A_ZBTB10,CDKN1A,ZBTB10,0.369021,0.0,0.010925653390586376,0.0,0.0
STIL_TMSB4X,STIL,TMSB4X,0.24108456,0.0,0.006880471017211676,0.0,0.0
HOXC13_TMSB4X,HOXC13,TMSB4X,0.23550479,0.0,0.004841548390686512,0.0,0.0
ISL2_MIDN,ISL2,MIDN,0.3160115,0.0,0.01083388738334179,0.0,0.0
CDKN1A_LYL1,CDKN1A,LYL1,0.14660817,0.0,0.011453775689005852,0.0,0.0
CDKN1A_MIDN,CDKN1A,MIDN,0.29752222,0.0,0.010141666047275066,0.0,0.0
CDKN1A_NIT1,CDKN1A,NIT1,0.21995024,0.0,0.013179218396544456,0.0,0.0
CDKN1A_PTPN9,CDKN1A,PTPN9,0.12552986,0.0,0.009636453352868557,0.0,0.0
BAK1_ETS2,BAK1,ETS2,0.2852713,0.0,0.008046039380133152,0.0,0.0
TBX2_ZBTB10,TBX2,ZBTB10,0.3820728,0.0,0.018221652135252953,0.0,0.0
CDKN1B_COL2A1,CDKN1B,COL2A1,0.36736012,0.0,0.010779526084661484,0.0,0.0
SPI1_TMSB4X,SPI1,TMSB4X,0.2381337,0.0,0.009075828827917576,0.0,0.0
CDKN1B_ETS2,CDKN1B,ETS2,0.22142686,0.0,0.01012726966291666,0.0,0.0
CDKN1B_HES7,CDKN1B,HES7,0.5293004,0.0,0.01103934459388256,0.0,0.0
ARRDC3_TMSB4X,ARRDC3,TMSB4X,0.24059549,0.0,0.0073029110208153725,0.0,0.0
ARRDC3_STIL,ARRDC3,STIL,0.10219535,0.0,0.0060250889509916306,0.0,0.0
PTPN13_TMSB4X,PTPN13,TMSB4X,0.23755996,0.0,0.004803353454917669,0.0,0.0
CDKN1C_COL2A1,CDKN1C,COL2A1,0.3690468,0.0,0.01530725322663784,0.0,0.0
TBX3_ZBTB10,TBX3,ZBTB10,0.4382702,0.0,0.02114010974764824,0.0,0.0
CDKN1C_ETS2,CDKN1C,ETS2,0.2353524,0.0,0.013501795008778572,0.0,0.0
CDKN1C_HES7,CDKN1C,HES7,0.5223844,0.0,0.01542036421597004,0.0,0.0
RHOXF2_TMSB4X,RHOXF2,TMSB4X,0.23813897,0.0,0.005715413950383663,0.0,0.0
CDKN1A_HOXB9,CDKN1A,HOXB9,0.24095297,0.0,0.01274947915226221,0.0,0.0
CDKN1A_HNF4A,CDKN1A,HNF4A,0.27207398,0.0,0.011353983543813229,0.0,0.0
CDKN1A_HES7,CDKN1A,HES7,0.5384172,0.0,0.009530716575682163,0.0,0.0
CBFA2T3_FOXL2,CBFA2T3,FOXL2,0.33867925,0.0,0.011441636830568314,0.0,0.0
CBFA2T3_HES7,CBFA2T3,HES7,0.6042202,0.0,0.013616637326776981,0.0,0.0
IRF1_LYL1,IRF1,LYL1,0.15312496,0.0,0.007523525971919298,0.0,0.0
CBFA2T3_HOXA13,CBFA2T3,HOXA13,0.47801387,0.0,0.011868906207382679,0.0,0.0
CBFA2T3_HOXB9,CBFA2T3,HOXB9,0.38061088,0.0,0.010797771625220776,0.0,0.0
AHR_COL1A1,AHR,COL1A1,0.36324772,0.0,0.019822586327791214,0.0,0.0
CBFA2T3_LYL1,CBFA2T3,LYL1,0.19075903,0.0,0.013599530793726444,0.0,0.0
BAK1_HOXB9,BAK1,HOXB9,0.22403495,0.0,0.009983056224882603,0.0,0.0
BAK1_HNF4A,BAK1,HNF4A,0.2679657,0.0,0.009342195466160774,0.0,0.0
CBFA2T3_MIDN,CBFA2T3,MIDN,0.36997846,0.0,0.011928834952414036,0.0,0.0
BCL2L11_HNF4A,BCL2L11,HNF4A,0.30560094,0.0,0.004546841606497765,0.0,0.0
BAK1_HES7,BAK1,HES7,0.51053095,0.0,0.009031269699335098,0.0,0.0
CBFA2T3_ZBTB10,CBFA2T3,ZBTB10,0.4392706,0.0,0.013118213973939419,0.0,0.0
CBL_COL2A1,CBL,COL2A1,0.33875206,0.0,0.010597440414130688,0.0,0.0
CBL_HES7,CBL,HES7,0.51920563,0.0,0.010760086588561535,0.0,0.0
JUN_ZBTB10,JUN,ZBTB10,0.36432058,0.0,0.010193808004260063,0.0,0.0
CDKN1A_CITED1,CDKN1A,CITED1,0.2327213,0.0,0.011985663324594498,0.0,0.0
IER5L_OSR2,IER5L,OSR2,0.28714344,0.0,0.014125985093414783,0.0,0.0
CDKN1A_FOXL2,CDKN1A,FOXL2,0.21056372,0.0,0.010917464271187782,0.0,0.0
JUN_NIT1,JUN,NIT1,0.21928073,0.0,0.012519286945462227,0.0,0.0
COL1A1_MAP2K6,COL1A1,MAP2K6,0.3170421,0.0,0.014410692267119884,0.0,0.0
CEBPE_ZNF318,CEBPE,ZNF318,0.069854386,0.0,0.009608558379113674,0.0,0.0
ETS2_SAMD1,ETS2,SAMD1,0.25696394,0.0,0.011246750131249428,0.0,0.0
ETS2_ZNF318,ETS2,ZNF318,0.23651604,0.0,0.00726738478988409,0.0,0.0
ETS2_ZBTB10,ETS2,ZBTB10,0.43803757,0.0,0.017467044293880463,0.0,0.0
ETS2_UBASH3B,ETS2,UBASH3B,0.217911,0.0,0.008885851129889488,0.0,0.0
ETS2_TMSB4X,ETS2,TMSB4X,0.33381367,0.0,0.01498523261398077,0.0,0.0
ETS2_STIL,ETS2,STIL,0.3000852,0.0,0.007679581642150879,0.0,0.0
ETS2_SPI1,ETS2,SPI1,0.28487787,0.0,0.008487180806696415,0.0,0.0
ETS2_SNAI1,ETS2,SNAI1,0.37696475,0.0,0.016093922778964043,0.0,0.0
ETS2_SLC4A1,ETS2,SLC4A1,0.27512646,0.0,0.007598930969834328,0.0,0.0
HNF4A_HOXC13,HNF4A,HOXC13,0.30980703,0.0,0.003715628059580922,0.0,0.0
ETS2_SLC38A2,ETS2,SLC38A2,0.30289656,0.0,0.010557871311903,0.0,0.0
ETS2_RHOXF2,ETS2,RHOXF2,0.28139406,0.0,0.004957725293934345,0.0,0.0
FEV_HES7,FEV,HES7,0.5415565,0.0,0.008608152158558369,0.0,0.0
ETS2_PTPN13,ETS2,PTPN13,0.28381938,0.0,0.003926646430045366,0.0,0.0
HNF4A_IRF1,HNF4A,IRF1,0.30188575,0.0,0.004275830928236246,0.0,0.0
HNF4A_ISL2,HNF4A,ISL2,0.3038887,0.0,0.009819941595196724,0.0,0.0
HNF4A_JUN,HNF4A,JUN,0.26005605,0.0,0.010949832387268543,0.0,0.0
ETS2_POU3F2,ETS2,POU3F2,0.2670711,0.0,0.00980383064597845,0.0,0.0
ETS2_NIT1,ETS2,NIT1,0.34970284,0.0,0.01707284525036812,0.0,0.0
ETS2_MIDN,ETS2,MIDN,0.41832897,0.0,0.014539205469191074,0.0,0.0
ETS2_MEIS1,ETS2,MEIS1,0.27897018,0.0,0.00804128497838974,0.0,0.0
ETS2_MAP4K5,ETS2,MAP4K5,0.24826019,0.0,0.0069481679238379,0.0,0.0
ETS2_MAP4K3,ETS2,MAP4K3,0.28428656,0.0,0.003981322981417179,0.0,0.0
MAP4K5_MIDN,MAP4K5,MIDN,0.29229304,0.0,0.00786470714956522,0.0,0.0
MAP4K3_TMSB4X,MAP4K3,TMSB4X,0.23795687,0.0,0.004800992086529732,0.0,0.0
MAP2K6_MIDN,MAP2K6,MIDN,0.30446348,0.0,0.004827669356018305,0.0,0.0
MAP2K6_STIL,MAP2K6,STIL,0.09545644,0.0,0.0039747110567986965,0.0,0.0
FOSB_NIT1,FOSB,NIT1,0.23126692,0.0,0.009260030463337898,0.0,0.0
HES7_TMSB4X,HES7,TMSB4X,0.48279473,0.0,0.020892586559057236,0.0,0.0
FOSB_MIDN,FOSB,MIDN,0.29442114,0.0,0.00564095564186573,0.0,0.0
HES7_TSC22D1,HES7,TSC22D1,0.53942615,0.0,0.007399475201964378,0.0,0.0
HES7_UBASH3A,HES7,UBASH3A,0.5431478,0.0,0.006944158114492893,0.0,0.0
HES7_UBASH3B,HES7,UBASH3B,0.53918993,0.0,0.010110346600413322,0.0,0.0
HES7_ZBTB1,HES7,ZBTB1,0.56477296,0.0,0.017278464511036873,0.0,0.0
FOSB_MAML2,FOSB,MAML2,0.07090436,0.0,0.004353842698037624,0.0,0.0
FOSB_LYL1,FOSB,LYL1,0.14725606,0.0,0.00780528923496604,0.0,0.0
HES7_ZBTB10,HES7,ZBTB10,0.71239424,0.0,0.018651369959115982,0.0,0.0
MAP2K6_TMSB4X,MAP2K6,TMSB4X,0.23736385,0.0,0.0048728762194514275,0.0,0.0
MAP4K3_STIL,MAP4K3,STIL,0.089180455,0.0,0.004061466082930565,0.0,0.0
FOSB_HOXB9,FOSB,HOXB9,0.25409433,0.0,0.009002580307424068,0.0,0.0
FOSB_HNF4A,FOSB,HNF4A,0.2961809,0.0,0.0046344660222530365,0.0,0.0
HES7_ZBTB25,HES7,ZBTB25,0.52640134,0.0,0.01209484227001667,0.0,0.0
HES7_ZC3HAV1,HES7,ZC3HAV1,0.48985767,0.0,0.013679059222340584,0.0,0.0
HES7_ZNF318,HES7,ZNF318,0.5129759,0.0,0.008244476281106472,0.0,0.0
FOSB_HES7,FOSB,HES7,0.5378637,0.0,0.0036278076004236937,0.0,0.0
MAP4K3_MIDN,MAP4K3,MIDN,0.30064,0.0,0.004842924885451794,0.0,0.0
FEV_TBX2,FEV,TBX2,0.30544126,0.0,0.012045858427882195,0.0,0.0
FEV_MIDN,FEV,MIDN,0.31652716,0.0,0.00994193647056818,0.0,0.0
HK2_MIDN,HK2,MIDN,0.29638702,0.0,0.008679435588419437,0.0,0.0
ETS2_MAP2K6,ETS2,MAP2K6,0.28359511,0.0,0.003925628028810024,0.0,0.0
ETS2_MAML2,ETS2,MAML2,0.2546773,0.0,0.008522802032530308,0.0,0.0
ETS2_KMT2A,ETS2,KMT2A,0.26386768,0.0,0.008047065697610378,0.0,0.0
HNF4A_MIDN,HNF4A,MIDN,0.41616207,0.0,0.015330218710005283,0.0,0.0
HNF4A_MAP2K6,HNF4A,MAP2K6,0.31444988,0.0,0.003696631407365203,0.0,0.0
MAPK1_MIDN,MAPK1,MIDN,0.31392813,0.0,0.005239912308752537,0.0,0.0
HNF4A_MAP4K3,HNF4A,MAP4K3,0.3127465,0.0,0.003715965198352933,0.0,0.0
EGR1_NIT1,EGR1,NIT1,0.21107581,0.0,0.0149045055732131,0.0,0.0
EGR1_MIDN,EGR1,MIDN,0.3207726,0.0,0.012211183086037636,0.0,0.0
HNF4A_MAP7D1,HNF4A,MAP7D1,0.3093874,0.0,0.003902364755049348,0.0,0.0
EGR1_HNF4A,EGR1,HNF4A,0.30654496,0.0,0.013698314316570759,0.0,0.0
EGR1_HES7,EGR1,HES7,0.54006374,0.0,0.01328672468662262,0.0,0.0
EGR1_ETS2,EGR1,ETS2,0.27116153,0.0,0.012641649693250656,0.0,0.0
HNF4A_MAPK1,HNF4A,MAPK1,0.31096572,0.0,0.004241252783685923,0.0,0.0
DLX2_TMSB4X,DLX2,TMSB4X,0.2333881,0.0,0.007266100961714983,0.0,0.0
ETS2_ISL2,ETS2,ISL2,0.3215746,0.0,0.009539347141981125,0.0,0.0
MAPK1_TMSB4X,MAPK1,TMSB4X,0.23585956,0.0,0.005189776420593262,0.0,0.0
HNF4A_NIT1,HNF4A,NIT1,0.37182942,0.0,0.0171259343624115,0.0,0.0
MEIS1_MIDN,MEIS1,MIDN,0.32341182,0.0,0.008983218111097813,0.0,0.0
HNF4A_PLK4,HNF4A,PLK4,0.31547529,0.0,0.008089765906333923,0.0,0.0
HNF4A_PTPN13,HNF4A,PTPN13,0.31382096,0.0,0.0036709231790155172,0.0,0.0
MEIS1_OSR2,MEIS1,OSR2,0.2945672,0.0,0.010160387493669987,0.0,0.0
KIF2C_ZBTB10,KIF2C,ZBTB10,0.37451366,0.0,0.010887391865253448,0.0,0.0
DLX2_MIDN,DLX2,MIDN,0.29703543,0.0,0.008854035288095474,0.0,0.0
HNF4A_SLC4A1,HNF4A,SLC4A1,0.30769426,0.0,0.009318405762314796,0.0,0.0
HNF4A_SPI1,HNF4A,SPI1,0.27939773,0.0,0.009999657981097698,0.0,0.0
EGR1_SLC38A2,EGR1,SLC38A2,0.081172585,0.0,0.010205878876149654,0.0,0.0
MAP7D1_TMSB4X,MAP7D1,TMSB4X,0.23681945,0.0,0.004824410192668438,0.0,0.0
ELMSAN1_ETS2,ELMSAN1,ETS2,0.22255866,0.0,0.011080692522227764,0.0,0.0
HNF4A_MAML2,HNF4A,MAML2,0.25556377,0.0,0.01026563998311758,0.0,0.0
ETS2_IRF1,ETS2,IRF1,0.28300425,0.0,0.004201070871204138,0.0,0.0
ETS2_HOXC13,ETS2,HOXC13,0.28186902,0.0,0.003990348894149065,0.0,0.0
ETS2_HOXB9,ETS2,HOXB9,0.37716645,0.0,0.01374176423996687,0.0,0.0
ETS2_HOXA13,ETS2,HOXA13,0.45160025,0.0,0.01685694046318531,0.0,0.0
MAP7D1_MIDN,MAP7D1,MIDN,0.30807856,0.0,0.004937747493386269,0.0,0.0
ETS2_HES7,ETS2,HES7,0.5778609,0.0,0.019882360473275185,0.0,0.0
ETS2_GLB1L2,ETS2,GLB1L2,0.28236657,0.0,0.004071841016411781,0.0,0.0
ETS2_FOXO4,ETS2,FOXO4,0.28374246,0.0,0.003931243903934956,0.0,0.0
ETS2_FOXF1,ETS2,FOXF1,0.28476626,0.0,0.003960155416280031,0.0,0.0
ETS2_FOXA3,ETS2,FOXA3,0.32520366,0.0,0.01036200299859047,0.0,0.0
ETS2_FOXA1,ETS2,FOXA1,0.2858557,0.0,0.009743358008563519,0.0,0.0
ETS2_FOSB,ETS2,FOSB,0.28442612,0.0,0.0044046975672245026,0.0,0.0
HNF4A_KIF18B,HNF4A,KIF18B,0.31754276,0.0,0.005457211751490831,0.0,0.0
ETS2_FEV,ETS2,FEV,0.27597588,0.0,0.008091901428997517,0.0,0.0
ELMSAN1_SLC38A2,ELMSAN1,SLC38A2,0.12985282,0.0,0.007096636574715376,0.0,0.0
ELMSAN1_NIT1,ELMSAN1,NIT1,0.22044282,0.0,0.012805174104869366,0.0,0.0
ELMSAN1_MIDN,ELMSAN1,MIDN,0.2093769,0.0,0.012359388172626495,0.0,0.0
HNF4A_LHX1,HNF4A,LHX1,0.36040235,0.0,0.016576042398810387,0.0,0.0
ELMSAN1_ISL2,ELMSAN1,ISL2,0.114837,0.0,0.007751049939543009,0.0,0.0
ELMSAN1_HOXB9,ELMSAN1,HOXB9,0.19769287,0.0,0.012847410514950752,0.0,0.0
ELMSAN1_HES7,ELMSAN1,HES7,0.4826653,0.0,0.012253647670149803,0.0,0.0
FOSB_PTPN9,FOSB,PTPN9,0.13212433,0.0,0.005288947373628616,0.0,0.0
HES7_TGFBR2,HES7,TGFBR2,0.506332,0.0,0.010607704520225525,0.0,0.0
HNF4A_TMSB4X,HNF4A,TMSB4X,0.26269916,0.0,0.018365230411291122,0.0,0.0
HES7_KMT2A,HES7,KMT2A,0.53561395,0.0,0.009030292741954327,0.0,0.0
LYL1_RHOXF2,LYL1,RHOXF2,0.15981601,0.0,0.008394388481974602,0.0,0.0
HES7_KIF18B,HES7,KIF18B,0.5490009,0.0,0.004968135617673397,0.0,0.0
LYL1_RUNX1T1,LYL1,RUNX1T1,0.13726111,0.0,0.01204547006636858,0.0,0.0
HES7_KIF2C,HES7,KIF2C,0.5157287,0.0,0.010051397606730461,0.0,0.0
FOXL2_OSR2,FOXL2,OSR2,0.40762997,0.0,0.01348127331584692,0.0,0.0
FOXL2_MIDN,FOXL2,MIDN,0.44686106,0.0,0.01258302666246891,0.0,0.0
LYL1_SLC4A1,LYL1,SLC4A1,0.17157024,0.0,0.010149754583835602,0.0,0.0
LYL1_SNAI1,LYL1,SNAI1,0.23598246,0.0,0.014453645795583725,0.0,0.0
FOXL2_ISL2,FOXL2,ISL2,0.2710368,0.0,0.009779542684555054,0.0,0.0
LYL1_TBX2,LYL1,TBX2,0.3095998,0.0,0.015622653998434544,0.0,0.0
FOXL2_HES7,FOXL2,HES7,0.64525795,0.0,0.013592962175607681,0.0,0.0
LYL1_PTPN13,LYL1,PTPN13,0.16273083,0.0,0.007681883871555328,0.0,0.0
HES7_LHX1,HES7,LHX1,0.5865544,0.0,0.01947515457868576,0.0,0.0
LYL1_TSC22D1,LYL1,TSC22D1,0.15150043,0.0,0.009668462909758091,0.0,0.0
FOXF1_TMSB4X,FOXF1,TMSB4X,0.23850907,0.0,0.004834344610571861,0.0,0.0
HES7_LYL1,HES7,LYL1,0.5349782,0.0,0.014597463421523571,0.0,0.0
MAML2_MAP2K6,MAML2,MAP2K6,0.06934841,0.0,0.004058606922626495,0.0,0.0
MAML2_MAP4K3,MAML2,MAP4K3,0.07014772,0.0,0.004088927060365677,0.0,0.0
MAML2_MAP7D1,MAML2,MAP7D1,0.06884907,0.0,0.004052231088280678,0.0,0.0
MAML2_MAPK1,MAML2,MAPK1,0.06620926,0.0,0.004246228374540806,0.0,0.0
MAML2_MIDN,MAML2,MIDN,0.20780052,0.0,0.009966378100216389,0.0,0.0
HES7_MAML2,HES7,MAML2,0.48473522,0.0,0.01032240316271782,0.0,0.0
FOXO4_HES7,FOXO4,HES7,0.5517118,0.0,0.003028129693120718,0.0,0.0
FOXO4_HNF4A,FOXO4,HNF4A,0.31598455,0.0,0.0037017131689935923,0.0,0.0
HES7_TBX2,HES7,TBX2,0.53578144,0.0,0.02127620205283165,0.0,0.0
HES7_HOXB9,HES7,HOXB9,0.6787227,0.0,0.013882791623473167,0.0,0.0
LHX1_MIDN,LHX1,MIDN,0.3954525,0.0,0.015195128507912159,0.0,0.0
GLB1L2_MAML2,GLB1L2,MAML2,0.069274865,0.0,0.00412658229470253,0.0,0.0
GLB1L2_LYL1,GLB1L2,LYL1,0.16347651,0.0,0.007925842888653278,0.0,0.0
GLB1L2_TMSB4X,GLB1L2,TMSB4X,0.23838994,0.0,0.005112205632030964,0.0,0.0
GLB1L2_HES7,GLB1L2,HES7,0.5499336,0.0,0.003181760199368,0.0,0.0
FOXO4_TMSB4X,FOXO4,TMSB4X,0.23702045,0.0,0.0049190828576684,0.0,0.0
HES7_HK2,HES7,HK2,0.54716295,0.0,0.008572190999984741,0.0,0.0
FOXO4_MIDN,FOXO4,MIDN,0.3071321,0.0,0.00482163205742836,0.0,0.0
HES7_HNF4A,HES7,HNF4A,0.6267901,0.0,0.01697840727865696,0.0,0.0
HES7_HOXA13,HES7,HOXA13,0.71932566,0.0,0.018590953201055527,0.0,0.0
HES7_HOXC13,HES7,HOXC13,0.54484874,0.0,0.002910788170993328,0.0,0.0
HES7_JUN,HES7,JUN,0.5163449,0.0,0.00961628369987011,0.0,0.0
HES7_IER5L,HES7,IER5L,0.5816422,0.0,0.01584312692284584,0.0,0.0
LYL1_MAP2K6,LYL1,MAP2K6,0.16350901,0.0,0.007748934905976057,0.0,0.0
LYL1_MAP4K3,LYL1,MAP4K3,0.16215616,0.0,0.007650002371519804,0.0,0.0
FOXO4_MAML2,FOXO4,MAML2,0.06795623,0.0,0.003965341951698065,0.0,0.0
LYL1_MAP7D1,LYL1,MAP7D1,0.15995166,0.0,0.007763203699141741,0.0,0.0
LYL1_MAPK1,LYL1,MAPK1,0.16590407,0.0,0.0081786522641778,0.0,0.0
FOXO4_LYL1,FOXO4,LYL1,0.16409831,0.0,0.0077958665788173676,0.0,0.0
LYL1_MIDN,LYL1,MIDN,0.32456163,0.0,0.01414713729172945,0.0,0.0
HES7_IRF1,HES7,IRF1,0.542447,0.0,0.0033315063919872046,0.0,0.0
HES7_ISL2,HES7,ISL2,0.558465,0.0,0.00967550277709961,0.0,0.0
HES7_MAP2K3,HES7,MAP2K3,0.48695904,0.0,0.013200745917856693,0.0,0.0
HES7_MAP2K6,HES7,MAP2K6,0.5505679,0.0,0.0029745008796453476,0.0,0.0
FOXF1_MIDN,FOXF1,MIDN,0.3039126,0.0,0.004784577991813421,0.0,0.0
FOXA3_HES7,FOXA3,HES7,0.5992665,0.0,0.010769261978566647,0.0,0.0
KMT2A_MIDN,KMT2A,MIDN,0.3047216,0.0,0.009425939060747623,0.0,0.0
FOXA3_TMSB4X,FOXA3,TMSB4X,0.24081588,0.0,0.010863970965147018,0.0,0.0
HES7_PTPN9,HES7,PTPN9,0.54516363,0.0,0.010096702724695206,0.0,0.0
HES7_RHOXF2,HES7,RHOXF2,0.5471792,0.0,0.004353904630988836,0.0,0.0
FOXA3_OSR2,FOXA3,OSR2,0.35914347,0.0,0.011861355043947697,0.0,0.0
HES7_RREB1,HES7,RREB1,0.54792607,0.0,0.010638146661221981,0.0,0.0
HES7_RUNX1T1,HES7,RUNX1T1,0.5250333,0.0,0.012581081129610538,0.0,0.0
HES7_S1PR2,HES7,S1PR2,0.5384713,0.0,0.01900256797671318,0.0,0.0
HES7_SAMD1,HES7,SAMD1,0.59305555,0.0,0.012610848993062973,0.0,0.0
HES7_SGK1,HES7,SGK1,0.54327744,0.0,0.014336074702441692,0.0,0.0
HES7_SLC38A2,HES7,SLC38A2,0.5174718,0.0,0.012325637973845005,0.0,0.0
HES7_MAP4K3,HES7,MAP4K3,0.54799956,0.0,0.0029820429626852274,0.0,0.0
HES7_SLC4A1,HES7,SLC4A1,0.5416219,0.0,0.008074537850916386,0.0,0.0
FOXA1_OSR2,FOXA1,OSR2,0.31230605,0.0,0.011687824502587318,0.0,0.0
FOXA1_HES7,FOXA1,HES7,0.57462263,0.0,0.010417011566460133,0.0,0.0
HES7_SLC6A9,HES7,SLC6A9,0.56084013,0.0,0.01158134639263153,0.0,0.0
HES7_SNAI1,HES7,SNAI1,0.61866987,0.0,0.01803237572312355,0.0,0.0
FOSB_TMSB4X,FOSB,TMSB4X,0.23346533,0.0,0.005176642909646034,0.0,0.0
MAP2K3_ZBTB10,MAP2K3,ZBTB10,0.3158917,0.0,0.013331338763237,0.0,0.0
FOSB_STIL,FOSB,STIL,0.08180453,0.0,0.004757322371006012,0.0,0.0
HES7_SPI1,HES7,SPI1,0.5349567,0.0,0.009149737656116486,0.0,0.0
HES7_STIL,HES7,STIL,0.5621109,0.0,0.007251016795635223,0.0,0.0
MAP2K3_NIT1,MAP2K3,NIT1,0.2370855,0.0,0.012991214171051979,0.0,0.0
HES7_PTPN13,HES7,PTPN13,0.54972744,0.0,0.00295535521581769,0.0,0.0
HES7_PTPN12,HES7,PTPN12,0.52066743,0.0,0.01377103105187416,0.0,0.0
HES7_PTPN1,HES7,PTPN1,0.56069815,0.0,0.01774059236049652,0.0,0.0
MAML2_PTPN13,MAML2,PTPN13,0.06929182,0.0,0.004059802275151014,0.0,0.0
HES7_MAP4K5,HES7,MAP4K5,0.5253044,0.0,0.00687010120600462,0.0,0.0
KMT2A_RUNX1T1,KMT2A,RUNX1T1,0.08179829,0.0,0.008637507446110249,0.0,0.0
HES7_MAP7D1,HES7,MAP7D1,0.5459103,0.0,0.003067252691835165,0.0,0.0
HES7_MAPK1,HES7,MAPK1,0.54563695,0.0,0.003543627681210637,0.0,0.0
HES7_MEIS1,HES7,MEIS1,0.54684263,0.0,0.008739884942770004,0.0,0.0
HES7_MIDN,HES7,MIDN,0.6833442,0.0,0.015444700606167316,0.0,0.0
MAML2_SLC38A2,MAML2,SLC38A2,0.12618655,0.0,0.008237156085669994,0.0,0.0
MAML2_SLC4A1,MAML2,SLC4A1,0.056577045,0.0,0.00786610972136259,0.0,0.0
FOXF1_MAML2,FOXF1,MAML2,0.069365375,0.0,0.0040180073119699955,0.0,0.0
HES7_NCL,HES7,NCL,0.539269,0.0,0.01083025336265564,0.0,0.0
MAML2_SPI1,MAML2,SPI1,0.0634183,0.0,0.007478393614292145,0.0,0.0
MAML2_STIL,MAML2,STIL,0.09247471,0.0,0.00543458666652441,0.0,0.0
FOXF1_LYL1,FOXF1,LYL1,0.16544002,0.0,0.007687877397984266,0.0,0.0
HES7_NIT1,HES7,NIT1,0.58825666,0.0,0.018394479528069496,0.0,0.0
HES7_OSR2,HES7,OSR2,0.61462,0.0,0.022065995261073112,0.0,0.0
HES7_PLK4,HES7,PLK4,0.55155927,0.0,0.00710838008671999,0.0,0.0
FOXF1_HNF4A,FOXF1,HNF4A,0.31286487,0.0,0.003666667500510812,0.0,0.0
HES7_POU3F2,HES7,POU3F2,0.5673215,0.0,0.010617481544613838,0.0,0.0
FOXF1_HES7,FOXF1,HES7,0.5497864,0.0,0.002922761021181941,0.0,0.0
HES7_PRTG,HES7,PRTG,0.55153763,0.0,0.007409229408949614,0.0,0.0
HNF4A_STIL,HNF4A,STIL,0.314604,0.0,0.008075582794845104,0.0,0.0
HNF4A_TSC22D1,HNF4A,TSC22D1,0.29111108,0.0,0.009411316365003586,0.0,0.0
CELF2_COL1A1,CELF2,COL1A1,0.3192605,0.0,0.014973307028412819,0.0,0.0
PLK4_TMSB4X,PLK4,TMSB4X,0.24102381,0.0,0.007112836930900812,0.0,0.0
COL1A1_GLB1L2,COL1A1,GLB1L2,0.3177162,0.0,0.014497926458716393,0.0,0.0
COL1A1_FOXO4,COL1A1,FOXO4,0.31872806,0.0,0.014405801892280579,0.0,0.0
COL1A1_FOXL2,COL1A1,FOXL2,0.4220503,0.0,0.019623178988695145,0.0,0.0
HOXB9_OSR2,HOXB9,OSR2,0.432257,0.0,0.015397339127957821,0.0,0.0
PLK4_SLC38A2,PLK4,SLC38A2,0.108975455,0.0,0.005606513004750013,0.0,0.0
COL1A1_FOXF1,COL1A1,FOXF1,0.31872782,0.0,0.014350426383316517,0.0,0.0
COL1A1_FOXA3,COL1A1,FOXA3,0.37308365,0.0,0.0182365570217371,0.0,0.0
COL1A1_FOXA1,COL1A1,FOXA1,0.3413909,0.0,0.01779104582965374,0.0,0.0
COL1A1_FOSB,COL1A1,FOSB,0.31204388,0.0,0.01446301769465208,0.0,0.0
COL1A1_FEV,COL1A1,FEV,0.31304878,0.0,0.016723453998565674,0.0,0.0
COL1A1_COL2A1,COL1A1,COL2A1,0.5195513,0.0,0.024743150919675827,0.0,0.0
COL1A1_HES7,COL1A1,HES7,0.5945126,0.0,0.025249827653169632,0.0,0.0
KIF2C_MIDN,KIF2C,MIDN,0.29219934,0.0,0.010297390632331371,0.0,0.0
CNNM4_TBX3,CNNM4,TBX3,0.34023556,0.0,0.019114647060632706,0.0,0.0
HOXB9_PRTG,HOXB9,PRTG,0.27410936,0.0,0.010910897515714169,0.0,0.0
CNNM4_SET,CNNM4,SET,0.3135145,0.0,0.017909247428178787,0.0,0.0
CNNM4_OSR2,CNNM4,OSR2,0.29184943,0.0,0.015122137032449245,0.0,0.0
HOXB9_RUNX1T1,HOXB9,RUNX1T1,0.26864204,0.0,0.01172948069870472,0.0,0.0
CNNM4_HES7,CNNM4,HES7,0.53016806,0.0,0.016304178163409233,0.0,0.0
CNNM4_COL2A1,CNNM4,COL2A1,0.38484776,0.0,0.016131585463881493,0.0,0.0
CNNM4_COL1A1,CNNM4,COL1A1,0.3176541,0.0,0.020217403769493103,0.0,0.0
CNN1_HES7,CNN1,HES7,0.46182743,0.0,0.019060134887695312,0.0,0.0
KIF2C_NIT1,KIF2C,NIT1,0.24984652,0.0,0.013011901639401913,0.0,0.0
COL1A1_HK2,COL1A1,HK2,0.30570197,0.0,0.0165996216237545,0.0,0.0
COL1A1_ZNF318,COL1A1,ZNF318,0.29544875,0.0,0.015911884605884552,0.0,0.0
COL1A1_MAPK1,COL1A1,MAPK1,0.3158664,0.0,0.014224993996322155,0.0,0.0
COL1A1_TGFBR2,COL1A1,TGFBR2,0.27496803,0.0,0.016774039715528488,0.0,0.0
COL1A1_STIL,COL1A1,STIL,0.33696118,0.0,0.015940168872475624,0.0,0.0
COL1A1_SNAI1,COL1A1,SNAI1,0.43274197,0.0,0.022170204669237137,0.0,0.0
COL1A1_SLC4A1,COL1A1,SLC4A1,0.31340763,0.0,0.0158009622246027,0.0,0.0
COL1A1_SGK1,COL1A1,SGK1,0.31381148,0.0,0.019641315564513206,0.0,0.0
COL1A1_SAMD1,COL1A1,SAMD1,0.342243,0.0,0.018300551921129227,0.0,0.0
COL1A1_S1PR2,COL1A1,S1PR2,0.3340953,0.0,0.021781031042337418,0.0,0.0
COL1A1_PTPN13,COL1A1,PTPN13,0.31714037,0.0,0.014408275485038757,0.0,0.0
COL1A1_NIT1,COL1A1,NIT1,0.39114168,0.0,0.022697722539305687,0.0,0.0
COL1A1_MIDN,COL1A1,MIDN,0.4513763,0.0,0.021452991291880608,0.0,0.0
COL1A1_MAP7D1,COL1A1,MAP7D1,0.31727374,0.0,0.014241214841604233,0.0,0.0
COL1A1_HOXA13,COL1A1,HOXA13,0.526921,0.0,0.022497348487377167,0.0,0.0
COL1A1_MAP4K5,COL1A1,MAP4K5,0.3055803,0.0,0.016256192699074745,0.0,0.0
COL1A1_MAP4K3,COL1A1,MAP4K3,0.3188565,0.0,0.014421539381146431,0.0,0.0
GLB1L2_MIDN,GLB1L2,MIDN,0.30390415,0.0,0.0049744900315999985,0.0,0.0
OSR2_ZBTB10,OSR2,ZBTB10,0.48778656,0.0,0.01794598065316677,0.0,0.0
HOXB9_NIT1,HOXB9,NIT1,0.35821962,0.0,0.016465788707137108,0.0,0.0
COL1A1_LYL1,COL1A1,LYL1,0.31915814,0.0,0.0194559246301651,0.0,0.0
COL1A1_ISL2,COL1A1,ISL2,0.34588164,0.0,0.017161957919597626,0.0,0.0
COL1A1_IRF1,COL1A1,IRF1,0.31352484,0.0,0.014367063529789448,0.0,0.0
COL1A1_HOXC13,COL1A1,HOXC13,0.31521407,0.0,0.014268198050558567,0.0,0.0
COL1A1_HOXB9,COL1A1,HOXB9,0.42555317,0.0,0.020217647776007652,0.0,0.0
CKS1B_ZBTB10,CKS1B,ZBTB10,0.36540046,0.0,0.016224274411797523,0.0,0.0
CKS1B_HES7,CKS1B,HES7,0.5373426,0.0,0.01899346522986889,0.0,0.0
HOXB9_SLC38A2,HOXB9,SLC38A2,0.2420887,0.0,0.011281219311058521,0.0,0.0
HOXB9_TMSB4X,HOXB9,TMSB4X,0.29366276,0.0,0.015937691554427147,0.0,0.0
CITED1_HES7,CITED1,HES7,0.6224385,0.0,0.014530434273183346,0.0,0.0
CITED1_GLB1L2,CITED1,GLB1L2,0.2541844,0.0,0.00877072662115097,0.0,0.0
CITED1_FOXO4,CITED1,FOXO4,0.2501067,0.0,0.008642003871500492,0.0,0.0
CITED1_FOXF1,CITED1,FOXF1,0.24970011,0.0,0.008478191681206226,0.0,0.0
CITED1_FOSB,CITED1,FOSB,0.23676418,0.0,0.008793877437710762,0.0,0.0
HOXB9_SLC4A1,HOXB9,SLC4A1,0.25665233,0.0,0.011208084411919117,0.0,0.0
CITED1_COL1A1,CITED1,COL1A1,0.4068959,0.0,0.020904555916786194,0.0,0.0
CELF2_TMSB4X,CELF2,TMSB4X,0.24592882,0.0,0.007013827096670866,0.0,0.0
HOXB9_SPI1,HOXB9,SPI1,0.26477346,0.0,0.012512359768152237,0.0,0.0
HOXB9_TBX2,HOXB9,TBX2,0.3788614,0.0,0.015889225527644157,0.0,0.0
HOXB9_TSC22D1,HOXB9,TSC22D1,0.2563228,0.0,0.011071848683059216,0.0,0.0
CITED1_ZBTB10,CITED1,ZBTB10,0.50405365,0.0,0.01546830777078867,0.0,0.0
CELF2_MIDN,CELF2,MIDN,0.3008581,0.0,0.006629053968936205,0.0,0.0
HOXB9_ZC3HAV1,HOXB9,ZC3HAV1,0.22520451,0.0,0.012902078218758106,0.0,0.0
CELF2_MAML2,CELF2,MAML2,0.071664385,0.0,0.005291083361953497,0.0,0.0
KIF18B_TMSB4X,KIF18B,TMSB4X,0.2352975,0.0,0.006328623741865158,0.0,0.0
CELF2_HES7,CELF2,HES7,0.55194426,0.0,0.004937381483614445,0.0,0.0
HOXC13_LYL1,HOXC13,LYL1,0.15871216,0.0,0.0076780905947089195,0.0,0.0
PRTG_TMSB4X,PRTG,TMSB4X,0.23667535,0.0,0.007920566946268082,0.0,0.0
HOXC13_MAML2,HOXC13,MAML2,0.06801233,0.0,0.003957225941121578,0.0,0.0
CELF2_ETS2,CELF2,ETS2,0.28171986,0.0,0.00560459541156888,0.0,0.0
CELF2_COL2A1,CELF2,COL2A1,0.4006905,0.0,0.004197665490210056,0.0,0.0
CITED1_HOXB9,CITED1,HOXB9,0.41501066,0.0,0.014217271469533443,0.0,0.0
CITED1_HOXC13,CITED1,HOXC13,0.24096566,0.0,0.0084448317065835,0.0,0.0
CITED1_IRF1,CITED1,IRF1,0.23561507,0.0,0.008500601164996624,0.0,0.0
CITED1_ISL2,CITED1,ISL2,0.2486355,0.0,0.01164008304476738,0.0,0.0
CITED1_TSC22D1,CITED1,TSC22D1,0.23087877,0.0,0.011222289875149727,0.0,0.0
CITED1_TMSB4X,CITED1,TMSB4X,0.2541952,0.0,0.01598377712070942,0.0,0.0
CITED1_TBX2,CITED1,TBX2,0.38967717,0.0,0.01722198911011219,0.0,0.0
CITED1_STIL,CITED1,STIL,0.2536278,0.0,0.010868175886571407,0.0,0.0
CITED1_SPI1,CITED1,SPI1,0.22846086,0.0,0.011382884345948696,0.0,0.0
CITED1_SNAI1,CITED1,SNAI1,0.36190483,0.0,0.015654904767870903,0.0,0.0
CITED1_SLC4A1,CITED1,SLC4A1,0.24743989,0.0,0.011591751128435135,0.0,0.0
CITED1_PTPN13,CITED1,PTPN13,0.2502038,0.0,0.008644782938063145,0.0,0.0
CITED1_PLK4,CITED1,PLK4,0.24687043,0.0,0.010646489448845387,0.0,0.0
CITED1_NIT1,CITED1,NIT1,0.31231478,0.0,0.017250655218958855,0.0,0.0
CITED1_MIDN,CITED1,MIDN,0.43449417,0.0,0.014557674527168274,0.0,0.0
CITED1_MEIS1,CITED1,MEIS1,0.27096108,0.0,0.010960971936583519,0.0,0.0
CITED1_MAPK1,CITED1,MAPK1,0.24413024,0.0,0.008696808479726315,0.0,0.0
CITED1_MAP7D1,CITED1,MAP7D1,0.24282785,0.0,0.008404949679970741,0.0,0.0
CITED1_MAP4K3,CITED1,MAP4K3,0.25197852,0.0,0.008537085726857185,0.0,0.0
CITED1_MAP2K6,CITED1,MAP2K6,0.25147325,0.0,0.008657020516693592,0.0,0.0
CITED1_MAML2,CITED1,MAML2,0.16333717,0.0,0.011468175798654556,0.0,0.0
CITED1_LYL1,CITED1,LYL1,0.26949593,0.0,0.01480881217867136,0.0,0.0
CITED1_KIF2C,CITED1,KIF2C,0.23322313,0.0,0.012627893127501011,0.0,0.0
CITED1_KIF18B,CITED1,KIF18B,0.25184727,0.0,0.009402976371347904,0.0,0.0
CITED1_JUN,CITED1,JUN,0.21712597,0.0,0.011799528263509274,0.0,0.0
COL1A1_ZBTB10,COL1A1,ZBTB10,0.5194113,0.0,0.02325502783060074,0.0,0.0
COL2A1_DLX2,COL2A1,DLX2,0.3866597,0.0,0.006597505416721106,0.0,0.0
DLX2_MAML2,DLX2,MAML2,0.060985487,0.0,0.007776892744004726,0.0,0.0
HOXB9_IRF1,HOXB9,IRF1,0.26327738,0.0,0.008916822262108326,0.0,0.0
MIDN_SNAI1,MIDN,SNAI1,0.40969634,0.0,0.016297901049256325,0.0,0.0
MIDN_SPI1,MIDN,SPI1,0.30530918,0.0,0.009707899764180183,0.0,0.0
MIDN_STIL,MIDN,STIL,0.31906992,0.0,0.008482336066663265,0.0,0.0
MIDN_TBX2,MIDN,TBX2,0.3692254,0.0,0.017380861565470695,0.0,0.0
HOXA13_TBX3,HOXA13,TBX3,0.4596276,0.0,0.021742910146713257,0.0,0.0
MIDN_TMSB4X,MIDN,TMSB4X,0.29401895,0.0,0.016380708664655685,0.0,0.0
HOXA13_ZC3HAV1,HOXA13,ZC3HAV1,0.37373498,0.0,0.013521606102585793,0.0,0.0
MIDN_TSC22D1,MIDN,TSC22D1,0.30696863,0.0,0.009022803045809269,0.0,0.0
MIDN_UBASH3A,MIDN,UBASH3A,0.3062596,0.0,0.007998419925570488,0.0,0.0
MIDN_ZBTB10,MIDN,ZBTB10,0.5575275,0.0,0.015579086728394032,0.0,0.0
MIDN_ZNF318,MIDN,ZNF318,0.2822195,0.0,0.00907693151384592,0.0,0.0
MIDN_SLC4A1,MIDN,SLC4A1,0.30310565,0.0,0.00892596784979105,0.0,0.0
NCL_NIT1,NCL,NIT1,0.23697127,0.0,0.012859842739999294,0.0,0.0
HOXB9_ISL2,HOXB9,ISL2,0.30271408,0.0,0.009016398340463638,0.0,0.0
CSRNP1_HOXA13,CSRNP1,HOXA13,0.33303508,0.0,0.012777883559465408,0.0,0.0
HOXB9_JUN,HOXB9,JUN,0.21779488,0.0,0.012392997741699219,0.0,0.0
CSRNP1_HES7,CSRNP1,HES7,0.47840613,0.0,0.013272622600197792,0.0,0.0
HOXB9_MAML2,HOXB9,MAML2,0.19476587,0.0,0.01041871216148138,0.0,0.0
HOXB9_MAP2K3,HOXB9,MAP2K3,0.18905656,0.0,0.012525378726422787,0.0,0.0
COL2A1_ZNF318,COL2A1,ZNF318,0.38278416,0.0,0.006468235980719328,0.0,0.0
NCL_TMSB4X,NCL,TMSB4X,0.22738546,0.0,0.010241180658340454,0.0,0.0
COL2A1_ZBTB25,COL2A1,ZBTB25,0.34244034,0.0,0.010816982015967369,0.0,0.0
MIDN_SLC6A9,MIDN,SLC6A9,0.308256,0.0,0.011534973047673702,0.0,0.0
MIDN_SLC38A2,MIDN,SLC38A2,0.24874875,0.0,0.01193130575120449,0.0,0.0
COL2A1_FEV,COL2A1,FEV,0.39383692,0.0,0.008003953844308853,0.0,0.0
MIDN_NCL,MIDN,NCL,0.30441484,0.0,0.01197457779198885,0.0,0.0
DLX2_LYL1,DLX2,LYL1,0.16195114,0.0,0.009959287010133266,0.0,0.0
HNF4A_ZBTB10,HNF4A,ZBTB10,0.49838275,0.0,0.01615058444440365,0.0,0.0
HOXA13_MAP2K3,HOXA13,MAP2K3,0.31886455,0.0,0.013941262848675251,0.0,0.0
MEIS1_TBX2,MEIS1,TBX2,0.30747545,0.0,0.010755329392850399,0.0,0.0
ISL2_NCL,ISL2,NCL,0.09297165,0.0,0.009711096063256264,0.0,0.0
DLX2_HOXB9,DLX2,HOXB9,0.25780517,0.0,0.010827218182384968,0.0,0.0
DLX2_HES7,DLX2,HES7,0.53553337,0.0,0.007415688596665859,0.0,0.0
HOXA13_OSR2,HOXA13,OSR2,0.5095983,0.0,0.0191201101988554,0.0,0.0
HOXA13_RUNX1T1,HOXA13,RUNX1T1,0.3966963,0.0,0.011187671683728695,0.0,0.0
MEIS1_ZC3HAV1,MEIS1,ZC3HAV1,0.10605247,0.0,0.008906064555048943,0.0,0.0
HOXA13_SET,HOXA13,SET,0.4145829,0.0,0.022058919072151184,0.0,0.0
HOXA13_TBX2,HOXA13,TBX2,0.44972354,0.0,0.017679160460829735,0.0,0.0
MIDN_OSR2,MIDN,OSR2,0.45148572,0.0,0.015246393159031868,0.0,0.0
MIDN_PLK4,MIDN,PLK4,0.30728114,0.0,0.008302166126668453,0.0,0.0
DLX2_ETS2,DLX2,ETS2,0.2802516,0.0,0.007332279346883297,0.0,0.0
MIDN_PRTG,MIDN,PRTG,0.31260914,0.0,0.008933354169130325,0.0,0.0
CSRNP1_ZBTB10,CSRNP1,ZBTB10,0.3274903,0.0,0.012269219383597374,0.0,0.0
MIDN_PTPN13,MIDN,PTPN13,0.30386534,0.0,0.004812031518667936,0.0,0.0
MIDN_PTPN9,MIDN,PTPN9,0.31367713,0.0,0.009793589822947979,0.0,0.0
MIDN_RHOXF2,MIDN,RHOXF2,0.29956806,0.0,0.005895956419408321,0.0,0.0
MIDN_RUNX1T1,MIDN,RUNX1T1,0.27385074,0.0,0.011379292234778404,0.0,0.0
HOXA13_SLC6A9,HOXA13,SLC6A9,0.41101152,0.0,0.012024295516312122,0.0,0.0
COL2A1_ZBTB10,COL2A1,ZBTB10,0.54107285,0.0,0.017630895599722862,0.0,0.0
COL2A1_ZBTB1,COL2A1,ZBTB1,0.3759775,0.0,0.016875237226486206,0.0,0.0
COL2A1_UBASH3B,COL2A1,UBASH3B,0.36277276,0.0,0.008966218680143356,0.0,0.0
COL2A1_HOXC13,COL2A1,HOXC13,0.39405885,0.0,0.002770426217466593,0.0,0.0
COL2A1_MAP4K5,COL2A1,MAP4K5,0.3856334,0.0,0.006375524681061506,0.0,0.0
NIT1_TBX2,NIT1,TBX2,0.30193433,0.0,0.019451575353741646,0.0,0.0
COL2A1_MAP4K3,COL2A1,MAP4K3,0.3949154,0.0,0.002840101020410657,0.0,0.0
COL2A1_MAP2K6,COL2A1,MAP2K6,0.39672777,0.0,0.0028017021249979734,0.0,0.0
COL2A1_KMT2A,COL2A1,KMT2A,0.3852607,0.0,0.00779502559453249,0.0,0.0
COL2A1_KIF18B,COL2A1,KIF18B,0.39165545,0.0,0.004449700471013784,0.0,0.0
NIT1_TSC22D1,NIT1,TSC22D1,0.22625524,0.0,0.011707393452525139,0.0,0.0
COL2A1_ISL2,COL2A1,ISL2,0.41951838,0.0,0.008266902528703213,0.0,0.0
COL2A1_IRF1,COL2A1,IRF1,0.38953337,0.0,0.003365308977663517,0.0,0.0
COL2A1_IER5L,COL2A1,IER5L,0.391999,0.0,0.01564808003604412,0.0,0.0
COL2A1_HOXB9,COL2A1,HOXB9,0.49360454,0.0,0.01397768035531044,0.0,0.0
COL2A1_TSC22D1,COL2A1,TSC22D1,0.39558202,0.0,0.006863795220851898,0.0,0.0
COL2A1_HOXA13,COL2A1,HOXA13,0.5526391,0.0,0.018939308822155,0.0,0.0
COL2A1_HK2,COL2A1,HK2,0.38545218,0.0,0.007577360607683659,0.0,0.0
COL2A1_HES7,COL2A1,HES7,0.6238349,0.0,0.0232248455286026,0.0,0.0
OSR2_POU3F2,OSR2,POU3F2,0.2785586,0.0,0.01032435242086649,0.0,0.0
COL2A1_GLB1L2,COL2A1,GLB1L2,0.39809862,0.0,0.0030067989137023687,0.0,0.0
COL2A1_FOXO4,COL2A1,FOXO4,0.39612076,0.0,0.0028120616916567087,0.0,0.0
COL2A1_FOXL2,COL2A1,FOXL2,0.46835095,0.0,0.012840752489864826,0.0,0.0
COL2A1_FOXF1,COL2A1,FOXF1,0.39708456,0.0,0.002791325096040964,0.0,0.0
COL2A1_FOXA3,COL2A1,FOXA3,0.4291891,0.0,0.010796180926263332,0.0,0.0
COL2A1_FOXA1,COL2A1,FOXA1,0.4043403,0.0,0.010235687717795372,0.0,0.0
NIT1_SPI1,NIT1,SPI1,0.22163166,0.0,0.012444384396076202,0.0,0.0
NIT1_SNAI1,NIT1,SNAI1,0.35291523,0.0,0.01738322339951992,0.0,0.0
NIT1_SLC6A9,NIT1,SLC6A9,0.22775052,0.0,0.013786965981125832,0.0,0.0
NIT1_SLC4A1,NIT1,SLC4A1,0.23438528,0.0,0.01207862887531519,0.0,0.0
COL2A1_TMSB4X,COL2A1,TMSB4X,0.35278064,0.0,0.021026132628321648,0.0,0.0
COL2A1_TGFBR2,COL2A1,TGFBR2,0.3581352,0.0,0.008815902285277843,0.0,0.0
HOXB9_MIDN,HOXB9,MIDN,0.4776827,0.0,0.011114460416138172,0.0,0.0
COL2A1_STIL,COL2A1,STIL,0.41321665,0.0,0.006698625162243843,0.0,0.0
COL2A1_SNAI1,COL2A1,SNAI1,0.48742452,0.0,0.015253296121954918,0.0,0.0
COL2A1_SLC4A1,COL2A1,SLC4A1,0.38887945,0.0,0.006746530067175627,0.0,0.0
COL2A1_SGK1,COL2A1,SGK1,0.35828358,0.0,0.013697858899831772,0.0,0.0
COL2A1_SAMD1,COL2A1,SAMD1,0.38849556,0.0,0.011337574571371078,0.0,0.0
COL2A1_S1PR2,COL2A1,S1PR2,0.3781593,0.0,0.01791663095355034,0.0,0.0
COL2A1_PTPN9,COL2A1,PTPN9,0.37461185,0.0,0.008857171051204205,0.0,0.0
COL2A1_PTPN13,COL2A1,PTPN13,0.3964771,0.0,0.0027781957760453224,0.0,0.0
COL2A1_PTPN1,COL2A1,PTPN1,0.34358203,0.0,0.016916869208216667,0.0,0.0
COL2A1_POU3F2,COL2A1,POU3F2,0.39522618,0.0,0.010183230973780155,0.0,0.0
COL2A1_PLK4,COL2A1,PLK4,0.3993637,0.0,0.007035328075289726,0.0,0.0
NIT1_RREB1,NIT1,RREB1,0.2470655,0.0,0.013668838888406754,0.0,0.0
COL2A1_MIDN,COL2A1,MIDN,0.48698223,0.0,0.015991559252142906,0.0,0.0
COL2A1_MEIS1,COL2A1,MEIS1,0.40139195,0.0,0.008027792908251286,0.0,0.0
NIT1_SAMD1,NIT1,SAMD1,0.25569808,0.0,0.01485408004373312,0.0,0.0
NIT1_SET,NIT1,SET,0.36950362,0.0,0.019388671964406967,0.0,0.0
COL2A1_MAPK1,COL2A1,MAPK1,0.392372,0.0,0.003327533369883895,0.0,0.0
COL2A1_MAP7D1,COL2A1,MAP7D1,0.39263317,0.0,0.0029459462966769934,0.0,0.0
ISL2_PLK4,ISL2,PLK4,0.12769972,0.0,0.006338014267385006,0.0,0.0
